LBP_delta,Std_delta,Var_delta,Kur_delta,SE_delta,LBP_theta,Std_theta,Var_theta,Kur_theta,SE_theta,LBP_alpha,Std_alpha,Var_alpha,Kur_alpha,SE_alpha,LBP_beta,Std_beta,Var_beta,Kur_beta,SE_beta,LBP_gamma,Std_gamma,Var_gamma,Kur_gamma,SE_gamma
-17.91390558463152,0.0001288277646021245,1.6596592932380406e-08,6.495734195776354,-0.0004370629106602656,-21.81537750572002,1.831032240777958e-05,3.3526790667683505e-10,67.64646538586851,-1.0086678853460604e-05,-22.976940522333294,1.0247534754413822e-05,1.0501196854291917e-10,151.97485141659328,-6.350937560872086e-06,-25.863944588971904,2.4194442463914964e-06,5.8537104613969154e-12,301.3273012405507,-7.832989232590294e-07,-27.11671545491932,1.2932419128439063e-06,1.672474645136166e-12,3280.9106875580965,-4.040117083990801e-07
