LBP_delta,Std_delta,Var_delta,Kur_delta,SE_delta,LBP_theta,Std_theta,Var_theta,Kur_theta,SE_theta,LBP_alpha,Std_alpha,Var_alpha,Kur_alpha,SE_alpha,LBP_beta,Std_beta,Var_beta,Kur_beta,SE_beta,LBP_gamma,Std_gamma,Var_gamma,Kur_gamma,SE_gamma
-17.846659628893182,0.00013317743948329958,1.773623038732792e-08,4.349369645447288,-0.00047177324100951496,-22.9364239683851,1.0452846421190221e-05,1.092619983049892e-10,3.5092272897728045,-3.8031878363010565e-06,-24.714995756265097,4.297410626081396e-06,1.84677380891573e-11,4.534215611469971,-1.3808859932784334e-06,-28.5280185970174,6.385861096366295e-07,4.077922194208453e-13,4.7714203474484425,-7.063114559884263e-08,-34.07320522037026,3.991144900041745e-08,1.5929237613129229e-15,4.840720660849108,-6.618588570299109e-10
