LBP_delta,Std_delta,Var_delta,Kur_delta,SE_delta,LBP_theta,Std_theta,Var_theta,Kur_theta,SE_theta,LBP_alpha,Std_alpha,Var_alpha,Kur_alpha,SE_alpha,LBP_beta,Std_beta,Var_beta,Kur_beta,SE_beta,LBP_gamma,Std_gamma,Var_gamma,Kur_gamma,SE_gamma
-17.83238593975944,0.0001341831089085527,1.800510671636452e-08,2.8517899101977764,-0.00048382984244783693,-22.94314031224004,1.041980007404814e-05,1.0857223358313361e-10,3.3399520669934972,-3.7767566055809075e-06,-24.757305995183977,4.207453259123719e-06,1.770266292771081e-11,3.12915560219006,-1.3305800731548288e-06,-28.612468201426523,6.121832520895283e-07,3.747683341389109e-13,3.005896508899151,-6.538128658479163e-08,-34.15925070977363,3.823075922510017e-08,1.4615909509275817e-15,2.9602214927757236,-6.110950523364155e-10
