LBP_delta,Std_delta,Var_delta,Kur_delta,SE_delta,LBP_theta,Std_theta,Var_theta,Kur_theta,SE_theta,LBP_alpha,Std_alpha,Var_alpha,Kur_alpha,SE_alpha,LBP_beta,Std_beta,Var_beta,Kur_beta,SE_beta,LBP_gamma,Std_gamma,Var_gamma,Kur_gamma,SE_gamma
-17.910320429884596,0.00012906869920878547,1.6658729115447937e-08,2.940779112515198,-0.0004490382415887905,-22.64534546945866,1.2093176426126354e-05,1.4624491607341817e-10,3.8707674283513356,-5.010848956248206e-06,-24.339829224744722,5.184098142946836e-06,2.6874873555704833e-11,4.288792124751623,-1.9816942472904273e-06,-28.177910954017975,7.607541720376561e-07,5.787469102726996e-13,5.3232031224249825,-9.896541370832332e-08,-33.72364620665929,4.753377508651127e-08,2.2594597739750396e-15,5.466749424937322,-9.290442413228571e-10
