LBP_delta,Std_delta,Var_delta,Kur_delta,SE_delta,LBP_theta,Std_theta,Var_theta,Kur_theta,SE_theta,LBP_alpha,Std_alpha,Var_alpha,Kur_alpha,SE_alpha,LBP_beta,Std_beta,Var_beta,Kur_beta,SE_beta,LBP_gamma,Std_gamma,Var_gamma,Kur_gamma,SE_gamma
-17.87580062718142,0.0001313142595721051,1.7243434766970192e-08,3.0925375735671055,-0.0004634841295956866,-23.07154644851646,9.772636206614457e-06,9.550441842683179e-11,3.2002623773364625,-3.3433733062995252e-06,-24.960946178920725,3.8001377750057494e-06,1.4441047109025646e-11,3.318101223648196,-1.0938239636506494e-06,-28.735769112165805,5.755817246159349e-07,3.3129432171185384e-13,99.53760675318085,-5.6442929629209556e-08,-31.0781088410019,1.7842945552095454e-07,3.1837070597504294e-14,9219.998566170765,-8.93812216256416e-09
