LBP_delta,Std_delta,Var_delta,Kur_delta,SE_delta,LBP_theta,Std_theta,Var_theta,Kur_theta,SE_theta,LBP_alpha,Std_alpha,Var_alpha,Kur_alpha,SE_alpha,LBP_beta,Std_beta,Var_beta,Kur_beta,SE_beta,LBP_gamma,Std_gamma,Var_gamma,Kur_gamma,SE_gamma
-17.984525673821903,0.00012436821035788286,1.5467451747622603e-08,3.2650938501348263,-0.0004175468668663184,-23.047176652709464,9.893931117829271e-06,9.788987296435036e-11,3.1358955396310564,-3.4221783017434827e-06,-24.986377810207667,3.7521220290216644e-06,1.4078419720669652e-11,3.0276375568401694,-1.068998148165912e-06,-28.90701190729412,5.283504897985019e-07,2.7915424007031694e-13,2.973126594801783,-4.922523750000359e-08,-34.47862715932681,3.258826509111913e-08,1.0619950216490538e-15,2.9255784138688994,-4.4840970762443107e-10
