LBP_delta,Std_delta,Var_delta,Kur_delta,SE_delta,LBP_theta,Std_theta,Var_theta,Kur_theta,SE_theta,LBP_alpha,Std_alpha,Var_alpha,Kur_alpha,SE_alpha,LBP_beta,Std_beta,Var_beta,Kur_beta,SE_beta,LBP_gamma,Std_gamma,Var_gamma,Kur_gamma,SE_gamma
-17.84115293759043,0.0001336088610995817,1.7851327764327317e-08,2.7202853021840974,-0.00048114691967802303,-22.49161615756912,1.3057514165367282e-05,1.7049867617876724e-10,3.2405440726876757,-5.821188617173198e-06,-23.481172324830265,7.963943465335267e-06,6.342439551905631e-11,9.166264707986118,-4.4406719177372755e-06,-27.07989929315997,1.3172693303745368e-06,1.7351984887453806e-12,13.192843525358317,-2.8038757095431826e-07,-32.58327844564933,8.40680519742716e-08,7.06743736274883e-15,13.68941104053693,-2.766851811740285e-09
