LBP_delta,Std_delta,Var_delta,Kur_delta,SE_delta,LBP_theta,Std_theta,Var_theta,Kur_theta,SE_theta,LBP_alpha,Std_alpha,Var_alpha,Kur_alpha,SE_alpha,LBP_beta,Std_beta,Var_beta,Kur_beta,SE_beta,LBP_gamma,Std_gamma,Var_gamma,Kur_gamma,SE_gamma
-17.801111209797362,0.0001362838008390723,1.8573274371143925e-08,3.412921101531248,-0.0004960811433902906,-22.599041007423644,1.2376371283867303e-05,1.531745661561352e-10,3.470702848035121,-5.240906349280457e-06,-23.76396760935252,6.913850650518153e-06,4.7801330817670295e-11,9.95240460875026,-3.3844786297110357e-06,-27.450301794324794,1.0945676873907228e-06,1.1980784222798753e-12,11.706351972792849,-1.9665864978736232e-07,-32.969608146282425,6.93011648820613e-08,4.802651454010646e-15,12.167255328386346,-1.9065528738551137e-09
