LBP_delta,Std_delta,Var_delta,Kur_delta,SE_delta,LBP_theta,Std_theta,Var_theta,Kur_theta,SE_theta,LBP_alpha,Std_alpha,Var_alpha,Kur_alpha,SE_alpha,LBP_beta,Std_beta,Var_beta,Kur_beta,SE_beta,LBP_gamma,Std_gamma,Var_gamma,Kur_gamma,SE_gamma
-17.778231953186953,0.00013788149154800368,1.9011305711502208e-08,3.045283612067621,-0.0005081661101490981,-23.040374075133712,9.926507194672401e-06,9.853554508588294e-11,3.0199118710748545,-3.4502542540591493e-06,-24.84885067146832,4.019208444004843e-06,1.6154036516359827e-11,2.9596286974479358,-1.2209189017323912e-06,-28.675034441119532,5.933287405983321e-07,3.5203899442000287e-13,3.076501440296552,-6.151881169193487e-08,-34.221383748358676,3.706132459077113e-08,1.3735417804224968e-15,3.0761394956997536,-5.750328580286658e-10
