LBP_delta,Std_delta,Var_delta,Kur_delta,SE_delta,LBP_theta,Std_theta,Var_theta,Kur_theta,SE_theta,LBP_alpha,Std_alpha,Var_alpha,Kur_alpha,SE_alpha,LBP_beta,Std_beta,Var_beta,Kur_beta,SE_beta,LBP_gamma,Std_gamma,Var_gamma,Kur_gamma,SE_gamma
-17.907914692503375,0.00012921964659203387,1.6697717065370132e-08,2.806335801446184,-0.000451274148522305,-22.706991877631097,1.1727233447328061e-05,1.3752800432813e-10,3.4163258480446967,-4.727056607873471e-06,-24.360837164835623,5.129929792974379e-06,2.631617968084615e-11,3.8209089525548525,-1.9411686976390266e-06,-28.180509777450578,7.597663406431793e-07,5.772448923743276e-13,3.6083724237590658,-9.884191742082219e-08,-33.718906218935736,4.764666748097206e-08,2.2702049220423202e-15,3.6265782243504137,-9.341006950005484e-10
