LBP_delta,Std_delta,Var_delta,Kur_delta,SE_delta,LBP_theta,Std_theta,Var_theta,Kur_theta,SE_theta,LBP_alpha,Std_alpha,Var_alpha,Kur_alpha,SE_alpha,LBP_beta,Std_beta,Var_beta,Kur_beta,SE_beta,LBP_gamma,Std_gamma,Var_gamma,Kur_gamma,SE_gamma
-18.01512662370203,0.00012247840465117693,1.5000959605897437e-08,2.608485704927542,-0.00040882421288872267,-22.73674493891573,1.1551803565701526e-05,1.3344416562055451e-10,3.0380142915630284,-4.6100205006385326e-06,-24.480109490583388,4.832943089179702e-06,2.335733890324984e-11,3.664678688823612,-1.7313030038670153e-06,-28.289743964597207,7.193829663676494e-07,5.175118522999186e-13,3.4930320530014978,-8.901415750008063e-08,-33.84202989205884,4.4801908202489e-08,2.0072109785842514e-15,3.544202641573335,-8.2944347916144e-10
