LBP_delta,Std_delta,Var_delta,Kur_delta,SE_delta,LBP_theta,Std_theta,Var_theta,Kur_theta,SE_theta,LBP_alpha,Std_alpha,Var_alpha,Kur_alpha,SE_alpha,LBP_beta,Std_beta,Var_beta,Kur_beta,SE_beta,LBP_gamma,Std_gamma,Var_gamma,Kur_gamma,SE_gamma
-17.870369361512864,0.00013167120389175415,1.7337305934303896e-08,2.7891237763803995,-0.00046792571284796485,-22.60132015715384,1.236427914341567e-05,1.5287539873630374e-10,16.930223822693566,-5.169624802715153e-06,-24.257092997220305,5.402939375330819e-06,2.9191753893500176e-11,25.701808748668217,-2.1152211154731714e-06,-27.589653969741367,1.020896250595673e-06,1.042229154480303e-12,690.2962904574043,-1.6011039040084432e-07,-27.861423272091336,8.911702226320454e-07,7.941843657060494e-13,9767.67269792043,-1.873787432275923e-07
