LBP_delta,Std_delta,Var_delta,Kur_delta,SE_delta,LBP_theta,Std_theta,Var_theta,Kur_theta,SE_theta,LBP_alpha,Std_alpha,Var_alpha,Kur_alpha,SE_alpha,LBP_beta,Std_beta,Var_beta,Kur_beta,SE_beta,LBP_gamma,Std_gamma,Var_gamma,Kur_gamma,SE_gamma
-17.94859493363773,0.00012662282390256454,1.603333953305987e-08,2.9871151141937338,-0.00043281360447473534,-22.76878803351005,1.1370265741129896e-05,1.2928294302391218e-10,3.4382785840396037,-4.457354311416034e-06,-24.540039445281547,4.6902731860877574e-06,2.1998662560133803e-11,3.4268558522329444,-1.6372968473384228e-06,-28.37328954083556,6.899512385869715e-07,4.76032711627696e-13,3.7359843567270192,-8.205668474512085e-08,-33.91854078902018,4.3120367175216706e-08,1.859366065325506e-15,3.7644480947816783,-7.695514859731125e-10
