LBP_delta,Std_delta,Var_delta,Kur_delta,SE_delta,LBP_theta,Std_theta,Var_theta,Kur_theta,SE_theta,LBP_alpha,Std_alpha,Var_alpha,Kur_alpha,SE_alpha,LBP_beta,Std_beta,Var_beta,Kur_beta,SE_beta,LBP_gamma,Std_gamma,Var_gamma,Kur_gamma,SE_gamma
-17.893255087299053,0.00013008599089010526,1.6922365025860553e-08,3.581990911579839,-0.00045241219559997927,-22.677937361044616,1.1898437723801924e-05,1.4157282026719274e-10,3.764395321422902,-4.8475276487812245e-06,-24.15477461631552,5.686660516950854e-06,3.233810783504776e-11,7.509287256206081,-2.337721270017482e-06,-27.92396867467656,8.637483433939856e-07,7.460612007158545e-13,9.42828624944681,-1.2500973632245028e-07,-32.013060342140314,1.1180110158477943e-07,1.2499486315570169e-14,5771.672178399375,-3.965326410609454e-09
