LBP_delta,Std_delta,Var_delta,Kur_delta,SE_delta,LBP_theta,Std_theta,Var_theta,Kur_theta,SE_theta,LBP_alpha,Std_alpha,Var_alpha,Kur_alpha,SE_alpha,LBP_beta,Std_beta,Var_beta,Kur_beta,SE_beta,LBP_gamma,Std_gamma,Var_gamma,Kur_gamma,SE_gamma
-17.806534734739696,0.00013594390748400336,1.8480745982019268e-08,3.1537430907683768,-0.0004945525846545175,-22.812973161966404,1.1118771514150402e-05,1.2362707998388242e-10,3.945445009353036,-4.275895819095997e-06,-24.386507443826268,5.06450717067398e-06,2.564923288180816e-11,49.098621884573745,-1.8404459122700185e-06,-28.303224781497942,7.145502505221618e-07,5.105820605212842e-13,25.508716668196612,-8.667367614531582e-08,-33.85710626423143,4.4465454871993844e-08,1.977176676973321e-15,22.253629211026436,-8.082394681493013e-10
