LBP_delta,Std_delta,Var_delta,Kur_delta,SE_delta,LBP_theta,Std_theta,Var_theta,Kur_theta,SE_theta,LBP_alpha,Std_alpha,Var_alpha,Kur_alpha,SE_alpha,LBP_beta,Std_beta,Var_beta,Kur_beta,SE_beta,LBP_gamma,Std_gamma,Var_gamma,Kur_gamma,SE_gamma
-18.09274597047791,0.00011781269308773792,1.3879830652585529e-08,2.8143810811469727,-0.0003785708569117941,-22.50513169217608,1.2973537575849645e-05,1.683126772319827e-10,3.261011748651444,-5.737360258701629e-06,-23.891777536597726,6.4858429168654255e-06,4.2066158342253406e-11,3.134905274742235,-3.04918109227845e-06,-27.647715466534653,9.91687558413648e-07,9.834442135124227e-13,2.8581252167562687,-1.657728681603156e-07,-33.179083520289105,6.240989283900996e-08,3.894994724176707e-15,2.838983524796954,-1.5820795758176478e-09
