LBP_delta,Std_delta,Var_delta,Kur_delta,SE_delta,LBP_theta,Std_theta,Var_theta,Kur_theta,SE_theta,LBP_alpha,Std_alpha,Var_alpha,Kur_alpha,SE_alpha,LBP_beta,Std_beta,Var_beta,Kur_beta,SE_beta,LBP_gamma,Std_gamma,Var_gamma,Kur_gamma,SE_gamma
-17.596918895319178,0.00015096350700180553,2.2789980446284188e-08,2.897971762930316,-0.0006042309236440838,-22.445619186210735,1.3365645899797895e-05,1.7864049031878427e-10,33.23469998606172,-5.8548573872021285e-06,-23.520379225464847,7.80934369838855e-06,6.098584899956098e-11,207.5193249102688,-3.880921455375913e-06,-27.303665271753967,1.1778346813725305e-06,1.3872945366439303e-12,126.53227202703592,-2.112376084507249e-07,-32.81523697194176,7.486206748926688e-08,5.6043291487675494e-15,121.39912524556534,-2.0893210252554845e-09
