LBP_delta,Std_delta,Var_delta,Kur_delta,SE_delta,LBP_theta,Std_theta,Var_theta,Kur_theta,SE_theta,LBP_alpha,Std_alpha,Var_alpha,Kur_alpha,SE_alpha,LBP_beta,Std_beta,Var_beta,Kur_beta,SE_beta,LBP_gamma,Std_gamma,Var_gamma,Kur_gamma,SE_gamma
-17.968640617697933,0.00012535385144871937,1.5713588073027606e-08,3.1270487567848164,-0.0004240533484804815,-22.82944534935684,1.102913845239897e-05,1.2164189500218556e-10,3.290031872796798,-4.213625867557973e-06,-24.653897844338918,4.430717945799028e-06,1.963126151522556e-11,2.9847859520502826,-1.4705041747627282e-06,-28.546125673525573,6.328306773118074e-07,4.00474666146921e-13,3.0430115681204484,-6.965985107459117e-08,-34.123740285716984,3.891561894557088e-08,1.514425397916875e-15,3.0706038001440388,-6.319798089844548e-10
