LBP_delta,Std_delta,Var_delta,Kur_delta,SE_delta,LBP_theta,Std_theta,Var_theta,Kur_theta,SE_theta,LBP_alpha,Std_alpha,Var_alpha,Kur_alpha,SE_alpha,LBP_beta,Std_beta,Var_beta,Kur_beta,SE_beta,LBP_gamma,Std_gamma,Var_gamma,Kur_gamma,SE_gamma
-17.981075687102148,0.00012458252356803686,1.552080517858046e-08,2.916316580603755,-0.0004203349367769571,-22.91497445251515,1.0569834098568295e-05,1.1172139287125704e-10,3.0289534628706742,-3.889488099113659e-06,-24.617002307974676,4.513213099865011e-06,2.0369092484793137e-11,3.0163216934018466,-1.5238738281350245e-06,-28.5889774391879,6.194158976176467e-07,3.8367605422147504e-13,3.302191189052231,-6.680784165666924e-08,-34.173594253131725,3.7957560599635416e-08,1.4407764066749946e-15,3.110332987635899,-6.022891543222459e-10
