LBP_delta,Std_delta,Var_delta,Kur_delta,SE_delta,LBP_theta,Std_theta,Var_theta,Kur_theta,SE_theta,LBP_alpha,Std_alpha,Var_alpha,Kur_alpha,SE_alpha,LBP_beta,Std_beta,Var_beta,Kur_beta,SE_beta,LBP_gamma,Std_gamma,Var_gamma,Kur_gamma,SE_gamma
-17.61929112710379,0.0001492847126342287,2.228592542628424e-08,2.936840457149255,-0.000590731532820052,-23.146145830568283,9.415826278630451e-06,8.865778450934777e-11,3.0230245023812534,-3.120485608222055e-06,-24.77984215983372,4.1603090574505766e-06,1.7308171453505306e-11,2.962031222321122,-1.302970863507599e-06,-28.64673595639468,6.017834647402885e-07,3.6214333843482604e-13,3.9153374739106996,-6.315460857311953e-08,-34.21499646017523,3.717987082703127e-08,1.3823427947147305e-15,4.2557338756841085,-5.783051541378928e-10
