LBP_delta,Std_delta,Var_delta,Kur_delta,SE_delta,LBP_theta,Std_theta,Var_theta,Kur_theta,SE_theta,LBP_alpha,Std_alpha,Var_alpha,Kur_alpha,SE_alpha,LBP_beta,Std_beta,Var_beta,Kur_beta,SE_beta,LBP_gamma,Std_gamma,Var_gamma,Kur_gamma,SE_gamma
-17.81947708394551,0.0001350578918226261,1.8240634143572167e-08,3.164689667618767,-0.0004888440897810153,-23.081649719476808,9.722185381228613e-06,9.452088858697535e-11,3.467353058991878,-3.3076802551167395e-06,-24.727489511782277,4.270648079814158e-06,1.823843502162035e-11,3.3105235277165024,-1.3684985674322368e-06,-28.523466891563093,6.400410980638179e-07,4.0965260721073773e-13,3.3627733845617813,-7.109674264238616e-08,-34.07803842024493,3.981510775255994e-08,1.5852428053479588e-15,3.375233143040795,-6.600095690210371e-10
