LBP_delta,Std_delta,Var_delta,Kur_delta,SE_delta,LBP_theta,Std_theta,Var_theta,Kur_theta,SE_theta,LBP_alpha,Std_alpha,Var_alpha,Kur_alpha,SE_alpha,LBP_beta,Std_beta,Var_beta,Kur_beta,SE_beta,LBP_gamma,Std_gamma,Var_gamma,Kur_gamma,SE_gamma
-17.873327451258994,0.00013147794914591138,1.728645111161486e-08,3.3045638324521147,-0.0004638114860015152,-23.021787431836508,1.0012379565203405e-05,1.0024774455770274e-10,3.022008689645222,-3.5115963558395587e-06,-24.696357958299924,4.3376440200215144e-06,1.8815155644428402e-11,3.2053231438244145,-1.4093927229700773e-06,-28.492124339491248,6.501503650181986e-07,4.226954971332969e-13,3.0962564599166114,-7.337612749307158e-08,-34.03904485642508,4.059899544071776e-08,1.6482784307954214e-15,3.0970181022988124,-6.862521876824813e-10
