LBP_delta,Std_delta,Var_delta,Kur_delta,SE_delta,LBP_theta,Std_theta,Var_theta,Kur_theta,SE_theta,LBP_alpha,Std_alpha,Var_alpha,Kur_alpha,SE_alpha,LBP_beta,Std_beta,Var_beta,Kur_beta,SE_beta,LBP_gamma,Std_gamma,Var_gamma,Kur_gamma,SE_gamma
-18.149452915122342,0.00011452358860975808,1.311565234805711e-08,2.666098596824177,-0.0003596389828050608,-22.898002398465685,1.0658477756213624e-05,1.1360314807970062e-10,3.2630356942860415,-3.943552187190491e-06,-24.562042832828556,4.638954708152907e-06,2.151990078429402e-11,3.1081581077937432,-1.6042512925302508e-06,-28.508698103017444,6.44784881907416e-07,4.157475439363604e-13,3.0504571987587656,-7.221987966470627e-08,-34.0879297764567,3.9618688570636976e-08,1.569640484057121e-15,3.0229926566217484,-6.54646129043511e-10
