LBP_delta,Std_delta,Var_delta,Kur_delta,SE_delta,LBP_theta,Std_theta,Var_theta,Kur_theta,SE_theta,LBP_alpha,Std_alpha,Var_alpha,Kur_alpha,SE_alpha,LBP_beta,Std_beta,Var_beta,Kur_beta,SE_beta,LBP_gamma,Std_gamma,Var_gamma,Kur_gamma,SE_gamma
-17.981878024584645,0.00012453047472273492,1.5507839134669723e-08,3.777916870664794,-0.0004171811603184216,-22.355930968813002,1.3970865344246163e-05,1.9518507846705847e-10,3.085235053524941,-6.627215233408086e-06,-23.80044749001735,6.788885573798102e-06,4.6088967334123986e-11,2.9713447750265174,-3.3303660423799423e-06,-27.4735313339705,1.0819282484865467e-06,1.1705687348731668e-12,2.9168387385167334,-1.9592417062589547e-07,-32.987899293273585,6.867025825565442e-08,4.715604368898274e-15,2.901120220015893,-1.903146579288713e-09
