LBP_delta,Std_delta,Var_delta,Kur_delta,SE_delta,LBP_theta,Std_theta,Var_theta,Kur_theta,SE_theta,LBP_alpha,Std_alpha,Var_alpha,Kur_alpha,SE_alpha,LBP_beta,Std_beta,Var_beta,Kur_beta,SE_beta,LBP_gamma,Std_gamma,Var_gamma,Kur_gamma,SE_gamma
-17.81260908362223,0.00013548296619288972,1.8355634128423696e-08,2.7400920875731876,-0.0004935044420870066,-23.06140686993795,9.822172822889529e-06,9.647507896270966e-11,3.2060397865570898,-3.3776903669959387e-06,-24.772428403576658,4.17575858331396e-06,1.743695974612021e-11,3.1095676675482125,-1.3113003312706144e-06,-28.577985609468673,6.228295876164523e-07,3.8791669521048005e-13,3.2621651907839553,-6.747895669788395e-08,-34.12656900207959,3.886061707372366e-08,1.5101475593505832e-15,3.264042313983223,-6.297147033282485e-10
