LBP_delta,Std_delta,Var_delta,Kur_delta,SE_delta,LBP_theta,Std_theta,Var_theta,Kur_theta,SE_theta,LBP_alpha,Std_alpha,Var_alpha,Kur_alpha,SE_alpha,LBP_beta,Std_beta,Var_beta,Kur_beta,SE_beta,LBP_gamma,Std_gamma,Var_gamma,Kur_gamma,SE_gamma
-17.743641113212778,0.00014028492706980283,1.96798607629799e-08,2.7773379076200384,-0.0005258834310478082,-23.04028751152421,9.927214608373117e-06,9.854958988069663e-11,3.1168946636928694,-3.443494721290662e-06,-24.61410846488842,4.519748040176793e-06,2.042812234668196e-11,2.907110751641817,-1.5290986402921159e-06,-28.347674590519915,6.988446279668689e-07,4.883838140381514e-13,2.9695124062845353,-8.439134157369339e-08,-33.884801803110584,4.385395458852897e-08,1.923169333052761e-15,2.960057465758622,-7.975074623750292e-10
