LBP_delta,Std_delta,Var_delta,Kur_delta,SE_delta,LBP_theta,Std_theta,Var_theta,Kur_theta,SE_theta,LBP_alpha,Std_alpha,Var_alpha,Kur_alpha,SE_alpha,LBP_beta,Std_beta,Var_beta,Kur_beta,SE_beta,LBP_gamma,Std_gamma,Var_gamma,Kur_gamma,SE_gamma
-17.890753503121488,0.00013030386763647185,1.6979097921023178e-08,2.6934908009528766,-0.0004584416527341459,-23.050001371143807,9.879747506435614e-06,9.760941079092072e-11,3.260105324259473,-3.4140510273194546e-06,-24.7049190994993,4.319116469297177e-06,1.865476707535411e-11,4.8452982009771866,-1.3944376351217711e-06,-27.957343665559428,8.49453279500377e-07,7.215708740539456e-13,606.1192541640332,-1.1183547139942364e-07,-29.419787152255896,4.088522304410647e-07,1.6716014633663348e-13,9676.236742592366,-4.286439032118985e-08
