LBP_delta,Std_delta,Var_delta,Kur_delta,SE_delta,LBP_theta,Std_theta,Var_theta,Kur_theta,SE_theta,LBP_alpha,Std_alpha,Var_alpha,Kur_alpha,SE_alpha,LBP_beta,Std_beta,Var_beta,Kur_beta,SE_beta,LBP_gamma,Std_gamma,Var_gamma,Kur_gamma,SE_gamma
-17.8377625193961,0.00013383050452107125,1.7910603940364473e-08,2.7375659283103366,-0.0004820911632470022,-23.022235801549837,1.0016726211040012e-05,1.00334803986936e-10,2.9216641691450684,-3.512382379271799e-06,-24.663724842927564,4.408994860552412e-06,1.9439235680377584e-11,3.01583865052206,-1.4563901298432757e-06,-28.42618670092715,6.719422784599258e-07,4.515064255819164e-13,3.089478223291576,-7.818344689231566e-08,-33.96362121341132,4.215929646221572e-08,1.7774062781889948e-15,3.117658809587206,-7.38238001786657e-10
