LBP_delta,Std_delta,Var_delta,Kur_delta,SE_delta,LBP_theta,Std_theta,Var_theta,Kur_theta,SE_theta,LBP_alpha,Std_alpha,Var_alpha,Kur_alpha,SE_alpha,LBP_beta,Std_beta,Var_beta,Kur_beta,SE_beta,LBP_gamma,Std_gamma,Var_gamma,Kur_gamma,SE_gamma
-17.81128136243554,0.00013561695359217094,1.8391958101621044e-08,2.9493076551753394,-0.0004929889714317397,-23.006789043137513,1.009576505616662e-05,1.0192447206931497e-10,3.6029014030936275,-3.557094220107592e-06,-24.674981924119713,4.384219826964722e-06,1.9221383491150583e-11,4.171103704355934,-1.4362678947250915e-06,-28.363413627957627,6.933657493265052e-07,4.80756062339106e-13,101.32264896395799,-8.097007379941957e-08,-29.599269178859696,3.737595351438361e-07,1.3969619011093643e-13,9600.518707144189,-3.619097630492587e-08
