LBP_delta,Std_delta,Var_delta,Kur_delta,SE_delta,LBP_theta,Std_theta,Var_theta,Kur_theta,SE_theta,LBP_alpha,Std_alpha,Var_alpha,Kur_alpha,SE_alpha,LBP_beta,Std_beta,Var_beta,Kur_beta,SE_beta,LBP_gamma,Std_gamma,Var_gamma,Kur_gamma,SE_gamma
-17.819172302819773,0.00013506241052372537,1.8241854736479317e-08,2.633870546691527,-0.0004908122402586968,-23.11868362414535,9.541461791290437e-06,9.103949311465534e-11,3.0624021724997164,-3.197955321772427e-06,-24.86098125288041,3.994903400791682e-06,1.5959253181656944e-11,3.128348978641031,-1.2048015521468692e-06,-28.631611911363436,6.063514573736284e-07,3.67662089859123e-13,3.1556055965520415,-6.410840280917723e-08,-34.16629374064073,3.809636850432829e-08,1.4513332932175767e-15,3.1349910475293146,-6.061857789691854e-10
