LBP_delta,Std_delta,Var_delta,Kur_delta,SE_delta,LBP_theta,Std_theta,Var_theta,Kur_theta,SE_theta,LBP_alpha,Std_alpha,Var_alpha,Kur_alpha,SE_alpha,LBP_beta,Std_beta,Var_beta,Kur_beta,SE_beta,LBP_gamma,Std_gamma,Var_gamma,Kur_gamma,SE_gamma
-18.09579085460166,0.00011763817038008375,1.3838739130373616e-08,2.8925118798094087,-0.00037744637995493983,-22.394276263058575,1.3708085721098842e-05,1.8791161413699395e-10,2.942717031761191,-6.393609034441e-06,-23.767679295871112,6.90103160353353e-06,4.762423719296856e-11,2.8645776384389943,-3.439234255299298e-06,-27.516521418482892,1.0589202878043742e-06,1.1213121759236985e-12,3.068210153020054,-1.877549667577267e-07,-33.045473856420436,6.672161046534123e-08,4.451773303088733e-15,3.08754568127853,-1.7977063231842104e-09
