LBP_delta,Std_delta,Var_delta,Kur_delta,SE_delta,LBP_theta,Std_theta,Var_theta,Kur_theta,SE_theta,LBP_alpha,Std_alpha,Var_alpha,Kur_alpha,SE_alpha,LBP_beta,Std_beta,Var_beta,Kur_beta,SE_beta,LBP_gamma,Std_gamma,Var_gamma,Kur_gamma,SE_gamma
-17.798800036142865,0.00013646244553481025,1.8621999041341054e-08,3.247184987003972,-0.0004970304932148022,-22.89566892535449,1.0672471340353936e-05,1.1390164451067613e-10,5.993817782812217,-3.934547737021841e-06,-24.54831207094229,4.6709115955964885e-06,2.1817415133877737e-11,4.700837710378038,-1.6201859595430478e-06,-28.292141986873666,7.185209324846922e-07,5.162723304186716e-13,6.957519024810443,-8.842599230485414e-08,-33.704037522377746,4.8002117883514686e-08,2.3042033213028405e-15,125.5124737019345,-9.288083118388381e-10
