LBP_delta,Std_delta,Var_delta,Kur_delta,SE_delta,LBP_theta,Std_theta,Var_theta,Kur_theta,SE_theta,LBP_alpha,Std_alpha,Var_alpha,Kur_alpha,SE_alpha,LBP_beta,Std_beta,Var_beta,Kur_beta,SE_beta,LBP_gamma,Std_gamma,Var_gamma,Kur_gamma,SE_gamma
-17.93347715540482,0.00012758180365557632,1.6277116624010027e-08,3.282609262101779,-0.0004380198553011502,-23.00857014093937,1.0084079874501741e-05,1.0168866691533103e-10,3.3438870802276592,-3.547383060871428e-06,-24.61089589874149,4.527012171028688e-06,2.0493839196641878e-11,2.9789096401707487,-1.5323082984125139e-06,-28.428603975604997,6.711302347772138e-07,4.5041579203211814e-13,3.1421951132221775,-7.79797614509213e-08,-33.97838745623746,4.184917534597717e-08,1.7513534771383433e-15,3.1538857840649985,-7.276532379991155e-10
