LBP_delta,Std_delta,Var_delta,Kur_delta,SE_delta,LBP_theta,Std_theta,Var_theta,Kur_theta,SE_theta,LBP_alpha,Std_alpha,Var_alpha,Kur_alpha,SE_alpha,LBP_beta,Std_beta,Var_beta,Kur_beta,SE_beta,LBP_gamma,Std_gamma,Var_gamma,Kur_gamma,SE_gamma
-17.94673162471078,0.00012672637895680392,1.6059575123503478e-08,2.4708428900815296,-0.0004371688846243561,-23.07393272592796,9.76062353541786e-06,9.526977180015303e-11,2.9063011965485357,-3.3418725928216065e-06,-24.902410465401758,3.913003665443478e-06,1.5311597685774094e-11,3.034303547693739,-1.1584834582440854e-06,-28.758300305823994,5.691338423003613e-07,3.239133304515725e-13,2.975331754202204,-5.680442001796125e-08,-34.30303857571524,3.5578678355289486e-08,1.2658423535091444e-15,2.9413018669112745,-5.315655707496982e-10
