LBP_delta,Std_delta,Var_delta,Kur_delta,SE_delta,LBP_theta,Std_theta,Var_theta,Kur_theta,SE_theta,LBP_alpha,Std_alpha,Var_alpha,Kur_alpha,SE_alpha,LBP_beta,Std_beta,Var_beta,Kur_beta,SE_beta,LBP_gamma,Std_gamma,Var_gamma,Kur_gamma,SE_gamma
-18.088223463938075,0.00011807674981503227,1.3942118846881725e-08,2.6913523144113842,-0.0003811510696101601,-22.2265876830668,1.490817600435954e-05,2.2225371177696158e-10,3.055220411413056,-7.4948205672029e-06,-23.765509168067435,6.908523134900611e-06,4.772769190545696e-11,2.947783205639847,-3.4433205750610147e-06,-27.57403657578291,1.02890195061458e-06,1.0586392239784877e-12,3.041914181088255,-1.7769750035380176e-07,-33.115190365468656,6.443588193811633e-08,4.151982881142867e-15,3.059112500029074,-1.680784248545638e-09
