LBP_delta,Std_delta,Var_delta,Kur_delta,SE_delta,LBP_theta,Std_theta,Var_theta,Kur_theta,SE_theta,LBP_alpha,Std_alpha,Var_alpha,Kur_alpha,SE_alpha,LBP_beta,Std_beta,Var_beta,Kur_beta,SE_beta,LBP_gamma,Std_gamma,Var_gamma,Kur_gamma,SE_gamma
-17.81823245147791,0.00013514817759872165,1.8265029908255606e-08,3.2839463445509995,-0.0004876223193488295,-22.99581139076014,1.0149176848904543e-05,1.0300579071033994e-10,2.8826087087962327,-3.6036225273352258e-06,-24.76343475015582,4.1945795793667875e-06,1.759449784764086e-11,3.6171978824886777,-1.320616519644279e-06,-28.605935543336926,6.141861481012649e-07,3.772246245194689e-13,11.144317925532315,-6.525845013613427e-08,-32.27601485707997,9.802694932413142e-08,9.609282793795829e-15,7313.5073888187235,-2.9828341496470745e-09
