LBP_delta,Std_delta,Var_delta,Kur_delta,SE_delta,LBP_theta,Std_theta,Var_theta,Kur_theta,SE_theta,LBP_alpha,Std_alpha,Var_alpha,Kur_alpha,SE_alpha,LBP_beta,Std_beta,Var_beta,Kur_beta,SE_beta,LBP_gamma,Std_gamma,Var_gamma,Kur_gamma,SE_gamma
-17.69262077668134,0.00014391151149612682,2.0710523141099846e-08,3.2561742140066894,-0.000549517243556901,-23.060471327319274,9.827985740667924e-06,9.658930371877204e-11,2.783860567365006,-3.3894038179191043e-06,-24.8913868875083,3.934629729088382e-06,1.5481311105026116e-11,3.2816448670334264,-1.1691437399360581e-06,-28.754763017382842,5.701413573042083e-07,3.25061167308685e-13,3.376122091041364,-5.694013900918705e-08,-34.30329948135124,3.55740376150154e-08,1.2655121522345307e-15,3.4290156709471886,-5.308041609577165e-10
