LBP_delta,Std_delta,Var_delta,Kur_delta,SE_delta,LBP_theta,Std_theta,Var_theta,Kur_theta,SE_theta,LBP_alpha,Std_alpha,Var_alpha,Kur_alpha,SE_alpha,LBP_beta,Std_beta,Var_beta,Kur_beta,SE_beta,LBP_gamma,Std_gamma,Var_gamma,Kur_gamma,SE_gamma
-17.895907768719077,0.0001299823547267518,1.689541254031114e-08,2.7674825319553635,-0.00045674494859149277,-22.918224177898285,1.0552819904899289e-05,1.1136200794523865e-10,4.134306401814117,-3.859612398092453e-06,-24.56034569668898,4.642892874185962e-06,2.1556454241166785e-11,5.154847442987952,-1.5965339626745883e-06,-28.37683381405268,6.887296072519084e-07,4.743484719053681e-13,5.394885491180462,-8.1518806818387e-08,-33.917678981658135,4.3138951848455156e-08,1.8609691665833327e-15,5.5762105710212,-7.682283865422377e-10
