LBP_delta,Std_delta,Var_delta,Kur_delta,SE_delta,LBP_theta,Std_theta,Var_theta,Kur_theta,SE_theta,LBP_alpha,Std_alpha,Var_alpha,Kur_alpha,SE_alpha,LBP_beta,Std_beta,Var_beta,Kur_beta,SE_beta,LBP_gamma,Std_gamma,Var_gamma,Kur_gamma,SE_gamma
-17.82241997846379,0.0001348679677213143,1.8189368717277472e-08,3.081234651350625,-0.0004878196936411552,-22.92844936338946,1.0492866182861836e-05,1.1010024073144552e-10,3.153851769833063,-3.832306549044322e-06,-24.731101003550936,4.262943475185044e-06,1.817268707262274e-11,3.358176304177173,-1.36254538705603e-06,-28.528584744552653,6.384053743771029e-07,4.0756142203356896e-13,4.6537249570858075,-7.052021609146721e-08,-34.071840747407904,3.9938686854277756e-08,1.5950987076440587e-15,4.7398811144913475,-6.621158552125931e-10
