LBP_delta,Std_delta,Var_delta,Kur_delta,SE_delta,LBP_theta,Std_theta,Var_theta,Kur_theta,SE_theta,LBP_alpha,Std_alpha,Var_alpha,Kur_alpha,SE_alpha,LBP_beta,Std_beta,Var_beta,Kur_beta,SE_beta,LBP_gamma,Std_gamma,Var_gamma,Kur_gamma,SE_gamma
-17.76396181456075,0.00013886612622550015,1.9283801012876544e-08,2.8640849577970213,-0.0005160834732080609,-22.98617198766734,1.0200369592914186e-05,1.0404753983204832e-10,3.2324150617644944,-3.629896556582399e-06,-24.67472297305263,4.384821578504658e-06,1.922666027532008e-11,4.097013185203387,-1.4344523490413842e-06,-28.399756442002886,6.808810435245893e-07,4.635989954311337e-13,4.9565695642567364,-7.967813979580959e-08,-33.939750871737075,4.266549014103183e-08,1.8203440489744843e-15,5.0437392779241,-7.509546632074383e-10
