LBP_delta,Std_delta,Var_delta,Kur_delta,SE_delta,LBP_theta,Std_theta,Var_theta,Kur_theta,SE_theta,LBP_alpha,Std_alpha,Var_alpha,Kur_alpha,SE_alpha,LBP_beta,Std_beta,Var_beta,Kur_beta,SE_beta,LBP_gamma,Std_gamma,Var_gamma,Kur_gamma,SE_gamma
-17.908526293777516,0.00012917797516219398,1.668694926700441e-08,2.8475232929999645,-0.00044995665181773775,-23.0794791868653,9.73542162089075e-06,9.477843413650709e-11,3.1658135034932338,-3.3177790005251434e-06,-24.982168945889715,3.760026746125534e-06,1.413780113157937e-11,2.9734524499758797,-1.0737425117371011e-06,-28.80212053407502,5.567996857565843e-07,3.10025890058631e-13,2.9743877691279494,-5.445626417439135e-08,-34.348202075761854,3.478425156763172e-08,1.2099441571202896e-15,2.9740464192753375,-5.088057699436841e-10
