LBP_delta,Std_delta,Var_delta,Kur_delta,SE_delta,LBP_theta,Std_theta,Var_theta,Kur_theta,SE_theta,LBP_alpha,Std_alpha,Var_alpha,Kur_alpha,SE_alpha,LBP_beta,Std_beta,Var_beta,Kur_beta,SE_beta,LBP_gamma,Std_gamma,Var_gamma,Kur_gamma,SE_gamma
-17.91373488800563,0.0001288492314498353,1.6602124445213224e-08,2.8693128671247674,-0.00044792129948554254,-23.05696910746873,9.845526314659703e-06,9.693438841265666e-11,3.118398263730925,-3.3925452360019815e-06,-24.828931661454433,4.05943855253526e-06,1.647904136180957e-11,3.1274496354926473,-1.2424867133937532e-06,-28.62799378077133,6.074494406663124e-07,3.689948229658158e-13,3.196511998970968,-6.432521313835478e-08,-34.17718186231818,3.788953287934765e-08,1.4356167018151668e-15,3.2230779045537536,-5.998983454217117e-10
