LBP_delta,Std_delta,Var_delta,Kur_delta,SE_delta,LBP_theta,Std_theta,Var_theta,Kur_theta,SE_theta,LBP_alpha,Std_alpha,Var_alpha,Kur_alpha,SE_alpha,LBP_beta,Std_beta,Var_beta,Kur_beta,SE_beta,LBP_gamma,Std_gamma,Var_gamma,Kur_gamma,SE_gamma
-17.638273065587754,0.0001478041386189286,2.1846063392883454e-08,2.9232510472338418,-0.0005800124674559926,-22.97461268606505,1.0259388716033892e-05,1.0525505682668356e-10,3.7704175948100027,-3.6619832380333572e-06,-24.82827225713627,4.060772885507143e-06,1.648987642767001e-11,8.136796237560207,-1.2344465240799402e-06,-28.26573519323781,7.280704824776913e-07,5.300866274552981e-13,562.6384210634867,-8.367162753848827e-08,-29.58023503151741,3.773335804233327e-07,1.4238063091509167e-13,9624.070090004232,-3.679120813014514e-08
