LBP_delta,Std_delta,Var_delta,Kur_delta,SE_delta,LBP_theta,Std_theta,Var_theta,Kur_theta,SE_theta,LBP_alpha,Std_alpha,Var_alpha,Kur_alpha,SE_alpha,LBP_beta,Std_beta,Var_beta,Kur_beta,SE_beta,LBP_gamma,Std_gamma,Var_gamma,Kur_gamma,SE_gamma
-17.8032029068991,0.0001361624785770521,1.8540220572246168e-08,2.749835539686649,-0.0004983049353985595,-23.031140348453448,9.970901275434019e-06,9.941887224445175e-11,3.103844088298611,-3.4779181469265216e-06,-24.931758354729187,3.856003784720161e-06,1.486876518777621e-11,3.2125630170045816,-1.1255781843005903e-06,-28.7851213163017,5.615522885448501e-07,3.153409727699586e-13,3.684624827164643,-5.5289496871168515e-08,-34.34543053052339,3.4832489765817725e-08,1.2133023432857964e-15,3.868017169466391,-5.096439323380117e-10
