LBP_delta,Std_delta,Var_delta,Kur_delta,SE_delta,LBP_theta,Std_theta,Var_theta,Kur_theta,SE_theta,LBP_alpha,Std_alpha,Var_alpha,Kur_alpha,SE_alpha,LBP_beta,Std_beta,Var_beta,Kur_beta,SE_beta,LBP_gamma,Std_gamma,Var_gamma,Kur_gamma,SE_gamma
-17.77804723009811,0.00013789208722054538,1.9014227718038492e-08,2.901510192691578,-0.0005088035298750702,-23.067757484248734,9.792465392872794e-06,9.589237847061134e-11,3.329390333177546,-3.3552141558968515e-06,-24.956015786868893,3.809517954443419e-06,1.4512427045226773e-11,3.003031337866537,-1.1011793978423637e-06,-28.818300937264347,5.523132416612486e-07,3.0504991691435677e-13,4.101638769590278,-5.3521918023665566e-08,-34.37946109745342,3.42448190434013e-08,1.1727076313153002e-15,3.6510834142805,-4.931528456266026e-10
