LBP_delta,Std_delta,Var_delta,Kur_delta,SE_delta,LBP_theta,Std_theta,Var_theta,Kur_theta,SE_theta,LBP_alpha,Std_alpha,Var_alpha,Kur_alpha,SE_alpha,LBP_beta,Std_beta,Var_beta,Kur_beta,SE_beta,LBP_gamma,Std_gamma,Var_gamma,Kur_gamma,SE_gamma
-18.12451663235505,0.00011595744663781217,1.3446129430761059e-08,2.7175912629977494,-0.0003679658785384006,-22.917006885765904,1.0555470063602844e-05,1.1141794826361581e-10,2.956386813659359,-3.882349405203866e-06,-24.671088841153264,4.3927936925826e-06,1.9296636425593476e-11,3.0412298903484194,-1.446244619161576e-06,-28.52965913036134,6.380624473415117e-07,4.071236867074394e-13,3.0542166181903196,-7.07650508066879e-08,-34.08118560502519,3.97525118702017e-08,1.5802621999905267e-15,3.076767740002375,-6.586739811305657e-10
