LBP_delta,Std_delta,Var_delta,Kur_delta,SE_delta,LBP_theta,Std_theta,Var_theta,Kur_theta,SE_theta,LBP_alpha,Std_alpha,Var_alpha,Kur_alpha,SE_alpha,LBP_beta,Std_beta,Var_beta,Kur_beta,SE_beta,LBP_gamma,Std_gamma,Var_gamma,Kur_gamma,SE_gamma
-17.929151764316924,0.0001278353803136303,1.63418844599305e-08,2.9489547021723688,-0.000441223505414667,-22.897522885878022,1.06614876044331e-05,1.1366731793948062e-10,3.140138391409704,-3.950380194482584e-06,-24.682431448493443,4.367954212469758e-06,1.907902400223231e-11,3.229326300146476,-1.4297921072853894e-06,-28.515320603943916,6.426533160615753e-07,4.1300328464493905e-13,3.0335383358673367,-7.179025338262632e-08,-34.0614691187179,4.014633984715378e-08,1.6117286031231675e-15,3.011828157807177,-6.717448888822698e-10
