LBP_delta,Std_delta,Var_delta,Kur_delta,SE_delta,LBP_theta,Std_theta,Var_theta,Kur_theta,SE_theta,LBP_alpha,Std_alpha,Var_alpha,Kur_alpha,SE_alpha,LBP_beta,Std_beta,Var_beta,Kur_beta,SE_beta,LBP_gamma,Std_gamma,Var_gamma,Kur_gamma,SE_gamma
-17.949496984597275,0.00012656227147993812,1.601800856216156e-08,3.475364096670844,-0.000430542804779784,-22.668914102788815,1.1946360535919086e-05,1.4271553005416494e-10,3.042770538431136,-4.91474357494306e-06,-24.189107031308094,5.589873197206761e-06,3.124668236085054e-11,2.959636991695158,-2.2952917707766207e-06,-27.948028180562954,8.534199491799063e-07,7.283256096582339e-13,3.005526808466721,-1.2397459650512933e-07,-33.48096635039661,5.366616133873329e-08,2.8800568728349514e-15,3.021309667125423,-1.1791440448509328e-09
