LBP_delta,Std_delta,Var_delta,Kur_delta,SE_delta,LBP_theta,Std_theta,Var_theta,Kur_theta,SE_theta,LBP_alpha,Std_alpha,Var_alpha,Kur_alpha,SE_alpha,LBP_beta,Std_beta,Var_beta,Kur_beta,SE_beta,LBP_gamma,Std_gamma,Var_gamma,Kur_gamma,SE_gamma
-18.109648593743003,0.00011681729916323771,1.3646281383793378e-08,2.7387221089842875,-0.0003733598933081973,-22.261867062444242,1.4644149813397925e-05,2.1445112375724247e-10,2.9242164016572496,-7.257790705150158e-06,-23.667051096405462,7.257134100887773e-06,5.266599535826818e-11,3.2583143666984054,-3.7784707392640195e-06,-27.395995738617092,1.1246958986139258e-06,1.2649408643589862e-12,3.199114089757388,-2.1083120643398977e-07,-32.92190179212712,7.097409342387307e-08,5.037321937340662e-15,3.0897993238891237,-2.027060692183652e-09
