LBP_delta,Std_delta,Var_delta,Kur_delta,SE_delta,LBP_theta,Std_theta,Var_theta,Kur_theta,SE_theta,LBP_alpha,Std_alpha,Var_alpha,Kur_alpha,SE_alpha,LBP_beta,Std_beta,Var_beta,Kur_beta,SE_beta,LBP_gamma,Std_gamma,Var_gamma,Kur_gamma,SE_gamma
-17.834786489832577,0.00013400244363010358,1.7956654898839086e-08,3.018255810944428,-0.00048146411949941543,-22.62905966988149,1.2194065109022824e-05,1.4869522388308781e-10,3.057724709420399,-5.1051803927186396e-06,-24.032772885653205,6.044349119858683e-06,3.653415628273644e-11,3.1700770075430578,-2.6646104489525297e-06,-27.808005911961473,9.153097890480044e-07,8.377920099271023e-13,3.1481948729167333,-1.4179092157039888e-07,-33.34487513640989,5.7445016500237986e-08,3.2999299207126147e-15,3.156273941633625,-1.3447014606444974e-09
