LBP_delta,Std_delta,Var_delta,Kur_delta,SE_delta,LBP_theta,Std_theta,Var_theta,Kur_theta,SE_theta,LBP_alpha,Std_alpha,Var_alpha,Kur_alpha,SE_alpha,LBP_beta,Std_beta,Var_beta,Kur_beta,SE_beta,LBP_gamma,Std_gamma,Var_gamma,Kur_gamma,SE_gamma
-17.811047934046908,0.00013562356733604498,1.8393752016954724e-08,3.1096082369418467,-0.0004921329857693111,-22.68681694810088,1.184537128068134e-05,1.403128207771903e-10,4.697168650471273,-4.80470258257383e-06,-24.21713902113499,5.512074476834615e-06,3.0382965038171595e-11,13.537317452449111,-2.1850993866713204e-06,-27.740155989793227,9.468946477631518e-07,8.966094739625032e-13,13.567067416062208,-1.472267212361134e-07,-33.204807315447404,6.161234016478322e-08,3.79608046058096e-15,13.849728970184156,-1.5026077536880004e-09
