LBP_delta,Std_delta,Var_delta,Kur_delta,SE_delta,LBP_theta,Std_theta,Var_theta,Kur_theta,SE_theta,LBP_alpha,Std_alpha,Var_alpha,Kur_alpha,SE_alpha,LBP_beta,Std_beta,Var_beta,Kur_beta,SE_beta,LBP_gamma,Std_gamma,Var_gamma,Kur_gamma,SE_gamma
-17.851653228569543,0.00013282513422495785,1.7642516281878072e-08,2.6964871898142015,-0.000476111329686035,-22.913210462006507,1.057667657027099e-05,1.1186608727211932e-10,3.021018207438523,-3.89290962188469e-06,-24.798639137020473,4.121391505472289e-06,1.698586794137914e-11,3.127731140856869,-1.278618146278326e-06,-28.679106337900624,5.921218696981443e-07,3.506083085748262e-13,3.042389986049318,-6.129883610765877e-08,-33.44157893534974,5.473300670407153e-08,2.9957020228679387e-15,2978.35207766109,-1.0798323501071516e-09
