LBP_delta,Std_delta,Var_delta,Kur_delta,SE_delta,LBP_theta,Std_theta,Var_theta,Kur_theta,SE_theta,LBP_alpha,Std_alpha,Var_alpha,Kur_alpha,SE_alpha,LBP_beta,Std_beta,Var_beta,Kur_beta,SE_beta,LBP_gamma,Std_gamma,Var_gamma,Kur_gamma,SE_gamma
-18.004226370340067,0.0001231337330833431,1.5161916223039985e-08,2.709477351057884,-0.0004122676956376466,-22.814572982609846,1.1109718430380867e-05,1.234258436023443e-10,6.052465137493069,-4.24619036113237e-06,-24.696166104710503,4.3380602497451325e-06,1.8818766730418803e-11,6.460006886015755,-1.4022498007813213e-06,-27.81994330543466,9.098631305105766e-07,8.278509162625064e-13,543.9240098742106,-1.2516527733428216e-07,-28.85311020761373,5.427792079102575e-07,2.946092685396865e-13,4564.096969376132,-7.654713008185533e-08
