LBP_delta,Std_delta,Var_delta,Kur_delta,SE_delta,LBP_theta,Std_theta,Var_theta,Kur_theta,SE_theta,LBP_alpha,Std_alpha,Var_alpha,Kur_alpha,SE_alpha,LBP_beta,Std_beta,Var_beta,Kur_beta,SE_beta,LBP_gamma,Std_gamma,Var_gamma,Kur_gamma,SE_gamma
-17.96600209304138,0.00012535944407411558,1.571499021857131e-08,3.0118038885645966,-0.00042546531952177393,-22.858820420748195,1.0867760517619903e-05,1.1810821866833804e-10,6.261220838388633,-4.064131398989351e-06,-24.676664926747794,4.380554585940622e-06,1.918925848040542e-11,20.728110985914558,-1.4084627073587465e-06,-27.54532617156289,1.0437773498915553e-06,1.0894711561466384e-12,872.1608936135,-1.5642539006162613e-07,-28.499878033594815,6.47611345938632e-07,4.1940045538844643e-13,5652.330000426198,-1.0550702647105077e-07
