LBP_delta,Std_delta,Var_delta,Kur_delta,SE_delta,LBP_theta,Std_theta,Var_theta,Kur_theta,SE_theta,LBP_alpha,Std_alpha,Var_alpha,Kur_alpha,SE_alpha,LBP_beta,Std_beta,Var_beta,Kur_beta,SE_beta,LBP_gamma,Std_gamma,Var_gamma,Kur_gamma,SE_gamma
-18.0933147904088,0.00011778026545403899,1.387219093042389e-08,3.0224899139337493,-0.0003778739962035009,-22.911961453012538,1.0585744411806131e-05,1.1205798475208475e-10,3.022876211764833,-3.895993939348631e-06,-24.881556580935506,3.954017882716544e-06,1.5634257416842225e-11,2.9149212502112882,-1.183272035706251e-06,-28.75375417724137,5.704289913814903e-07,3.2538923420850436e-13,2.918419009617613,-5.7067652071412534e-08,-34.31455481981929,3.5374399063839816e-08,1.251348109127791e-15,2.918616825094158,-5.255672535652121e-10
