LBP_delta,Std_delta,Var_delta,Kur_delta,SE_delta,LBP_theta,Std_theta,Var_theta,Kur_theta,SE_theta,LBP_alpha,Std_alpha,Var_alpha,Kur_alpha,SE_alpha,LBP_beta,Std_beta,Var_beta,Kur_beta,SE_beta,LBP_gamma,Std_gamma,Var_gamma,Kur_gamma,SE_gamma
-17.858837657604827,0.00013243465111979,1.753893681722049e-08,2.875464340839387,-0.0004718124691437143,-22.59517660005788,1.2401292658862688e-05,1.537920596107616e-10,2.9555143048157366,-5.27794554230634e-06,-24.107372757588152,5.8230497911222055e-06,3.3907908869888364e-11,2.976714967099763,-2.4817451215840953e-06,-27.83676287440035,9.022433991366157e-07,8.140431512855944e-13,3.045998683038742,-1.3795481255186626e-07,-33.36319789967742,5.692114488192347e-08,3.2400167346689225e-15,3.0450024722606095,-1.3213538488038064e-09
