LBP_delta,Std_delta,Var_delta,Kur_delta,SE_delta,LBP_theta,Std_theta,Var_theta,Kur_theta,SE_theta,LBP_alpha,Std_alpha,Var_alpha,Kur_alpha,SE_alpha,LBP_beta,Std_beta,Var_beta,Kur_beta,SE_beta,LBP_gamma,Std_gamma,Var_gamma,Kur_gamma,SE_gamma
-18.015834730470548,0.00012243075084012025,1.4989288751275603e-08,3.2839523138890208,-0.0004056113133970275,-22.754851560934146,1.1450727813266615e-05,1.3111916745351764e-10,6.636622299086097,-4.503536741972837e-06,-24.054928713472393,5.977761500782624e-06,3.5733632560238926e-11,17.580106754765374,-2.5660873478739117e-06,-27.871527141897182,8.866960444304057e-07,7.86229875208528e-13,11.263456510069979,-1.3218218116375008e-07,-33.400553640467294,5.5867846296591305e-08,3.121216249819551e-15,10.305913967805598,-1.2648997954803695e-09
