LBP_delta,Std_delta,Var_delta,Kur_delta,SE_delta,LBP_theta,Std_theta,Var_theta,Kur_theta,SE_theta,LBP_alpha,Std_alpha,Var_alpha,Kur_alpha,SE_alpha,LBP_beta,Std_beta,Var_beta,Kur_beta,SE_beta,LBP_gamma,Std_gamma,Var_gamma,Kur_gamma,SE_gamma
-18.092404073697907,0.00011783767085763693,1.3885716673152776e-08,3.2470749619859394,-0.00037732063073790526,-22.813050873339154,1.1120564464123495e-05,1.236669540007263e-10,3.284394500688053,-4.276024347838042e-06,-24.61673989993176,4.513805534010567e-06,2.037444039886442e-11,4.80178715664153,-1.5124886237154032e-06,-28.404533593915673,6.79256635760538e-07,4.613895772247242e-13,7.437228599208543,-7.89794995005448e-08,-33.94260307488224,4.260468753330123e-08,1.815159399810233e-15,7.655100782827883,-7.465901396489723e-10
