LBP_delta,Std_delta,Var_delta,Kur_delta,SE_delta,LBP_theta,Std_theta,Var_theta,Kur_theta,SE_theta,LBP_alpha,Std_alpha,Var_alpha,Kur_alpha,SE_alpha,LBP_beta,Std_beta,Var_beta,Kur_beta,SE_beta,LBP_gamma,Std_gamma,Var_gamma,Kur_gamma,SE_gamma
-17.91018523307153,0.00012906647514155387,1.665815500546534e-08,2.841096803007997,-0.00045012919151418766,-22.881509060382236,1.0748385089469008e-05,1.1552778203151969e-10,3.134137503306716,-4.007163312516462e-06,-24.654828649260914,4.42865575415992e-06,1.9612991788853766e-11,2.98727206783552,-1.4683760053244529e-06,-28.443871761213423,6.660268099634338e-07,4.435917115900679e-13,2.896937394907744,-7.69532300436412e-08,-33.979825044479796,4.1819105927482696e-08,1.7488376205740185e-15,2.913319495989098,-7.274758096908618e-10
