LBP_delta,Std_delta,Var_delta,Kur_delta,SE_delta,LBP_theta,Std_theta,Var_theta,Kur_theta,SE_theta,LBP_alpha,Std_alpha,Var_alpha,Kur_alpha,SE_alpha,LBP_beta,Std_beta,Var_beta,Kur_beta,SE_beta,LBP_gamma,Std_gamma,Var_gamma,Kur_gamma,SE_gamma
-18.042839078410033,0.00012079288854230502,1.4590921922393724e-08,2.6536688313272054,-0.0003979993937714454,-22.76056963697762,1.1414004154116915e-05,1.302794908301982e-10,3.1369621690796055,-4.501000376765453e-06,-24.735441401306915,4.253702677745223e-06,1.809398647065688e-11,3.0160374001520016,-1.3598946098082633e-06,-28.53821907226416,6.35337461372434e-07,4.03653689823169e-13,3.0824424543696813,-7.016519939476921e-08,-34.08129489087811,3.9750339252883586e-08,1.5800894707193375e-15,3.1073228609898833,-6.584376835038197e-10
