LBP_delta,Std_delta,Var_delta,Kur_delta,SE_delta,LBP_theta,Std_theta,Var_theta,Kur_theta,SE_theta,LBP_alpha,Std_alpha,Var_alpha,Kur_alpha,SE_alpha,LBP_beta,Std_beta,Var_beta,Kur_beta,SE_beta,LBP_gamma,Std_gamma,Var_gamma,Kur_gamma,SE_gamma
-18.101043654633663,0.0001172883614711986,1.3756559736598546e-08,3.1019021439037235,-0.0003750567275512681,-22.93926684923738,1.043994704367675e-05,1.0899249427477494e-10,3.10600293604826,-3.7952150980287847e-06,-24.703759926599364,4.321614299810848e-06,1.867635015632961e-11,2.9359300157236308,-1.402968308025196e-06,-28.5307657028812,6.377095185490713e-07,4.0667343004808823e-13,3.083666058675704,-7.068667153259114e-08,-34.07398771748676,3.989583650276616e-08,1.591677770255449e-15,3.0335451710745427,-6.633104795425482e-10
