LBP_delta,Std_delta,Var_delta,Kur_delta,SE_delta,LBP_theta,Std_theta,Var_theta,Kur_theta,SE_theta,LBP_alpha,Std_alpha,Var_alpha,Kur_alpha,SE_alpha,LBP_beta,Std_beta,Var_beta,Kur_beta,SE_beta,LBP_gamma,Std_gamma,Var_gamma,Kur_gamma,SE_gamma
-17.833858603336708,0.00013407186404778453,1.7975264729247618e-08,2.8730919165367297,-0.00048322677312605966,-22.810694213272228,1.1132264579798928e-05,1.2392731467464579e-10,3.1108035175366546,-4.294643625983673e-06,-24.646994186706923,4.446038118455084e-06,1.976725495075563e-11,3.1394908270934163,-1.478342550119753e-06,-28.432863296096432,6.697028898770343e-07,4.485019607096512e-13,3.079313860649559,-7.768498111420565e-08,-33.799127729562464,4.577320658104004e-08,2.095186440710567e-15,237.8741240214864,-8.437783806874837e-10
