LBP_delta,Std_delta,Var_delta,Kur_delta,SE_delta,LBP_theta,Std_theta,Var_theta,Kur_theta,SE_theta,LBP_alpha,Std_alpha,Var_alpha,Kur_alpha,SE_alpha,LBP_beta,Std_beta,Var_beta,Kur_beta,SE_beta,LBP_gamma,Std_gamma,Var_gamma,Kur_gamma,SE_gamma
-18.030381887421072,0.0001215479256879295,1.4773898239038433e-08,3.022158262982911,-0.00040107858424119934,-23.06098289202359,9.821414046074005e-06,9.646017386441975e-11,3.0834458120944714,-3.38143842252436e-06,-24.937521518516753,3.844908470902962e-06,1.4783321149621354e-11,2.963262266790689,-1.1207976356707047e-06,-28.890279859207485,5.327892239456459e-07,2.838643571526036e-13,3.0211591503095416,-4.999004107401382e-08,-34.449982218031835,3.305836802457723e-08,1.0928556964483906e-15,3.057133718453727,-4.606111004860584e-10
