LBP_delta,Std_delta,Var_delta,Kur_delta,SE_delta,LBP_theta,Std_theta,Var_theta,Kur_theta,SE_theta,LBP_alpha,Std_alpha,Var_alpha,Kur_alpha,SE_alpha,LBP_beta,Std_beta,Var_beta,Kur_beta,SE_beta,LBP_gamma,Std_gamma,Var_gamma,Kur_gamma,SE_gamma
-17.88331092465646,0.00013081573657010499,1.71127569343791e-08,3.1497800533980054,-0.0004596461480136411,-23.157236348448322,9.362907197238558e-06,8.766403118410159e-11,3.2963834021870118,-3.078279620496774e-06,-25.013108201009835,3.7023072219674602e-06,1.3707078765832412e-11,2.869357939355522,-1.0432240904517014e-06,-28.870388105548273,5.38114725066901e-07,2.895674573338265e-13,2.968496307234291,-5.097800366812068e-08,-34.42920018520725,3.340366900313187e-08,1.1158051028707928e-15,2.9660597904232553,-4.702146349907325e-10
