LBP_delta,Std_delta,Var_delta,Kur_delta,SE_delta,LBP_theta,Std_theta,Var_theta,Kur_theta,SE_theta,LBP_alpha,Std_alpha,Var_alpha,Kur_alpha,SE_alpha,LBP_beta,Std_beta,Var_beta,Kur_beta,SE_beta,LBP_gamma,Std_gamma,Var_gamma,Kur_gamma,SE_gamma
-17.998750177037074,0.0001234858746600207,1.5248761240550346e-08,3.276642637139278,-0.00041218374653396984,-23.16961313642577,9.306395811614645e-06,8.660900300243862e-11,3.227500606636775,-3.043124780401549e-06,-25.03257784890903,3.666441586678407e-06,1.3442793908524873e-11,3.0332805023226337,-1.0218689494571761e-06,-28.920446627826568,5.248132444643859e-07,2.754289415652353e-13,3.040351251173232,-4.855461994501599e-08,-34.476225472366785,3.262742076844831e-08,1.064548586001372e-15,3.0184730680694134,-4.4912810436253033e-10
