LBP_delta,Std_delta,Var_delta,Kur_delta,SE_delta,LBP_theta,Std_theta,Var_theta,Kur_theta,SE_theta,LBP_alpha,Std_alpha,Var_alpha,Kur_alpha,SE_alpha,LBP_beta,Std_beta,Var_beta,Kur_beta,SE_beta,LBP_gamma,Std_gamma,Var_gamma,Kur_gamma,SE_gamma
-18.104845025866343,0.00011710487017098932,1.3713550617764265e-08,2.840856659188654,-0.0003744940471634474,-22.30621468907862,1.432911408817233e-05,2.0532351055185876e-10,3.018323892878055,-6.949664143633583e-06,-23.624700004379562,7.412446297028997e-06,5.494436010633889e-11,3.312179393786911,-3.9334723028328886e-06,-27.365901891928235,1.1417469429339561e-06,1.3035860816990343e-12,3.249939080566145,-2.1686767700230938e-07,-32.894765525771106,7.194363563766755e-08,5.1758867087654686e-15,3.2407281225211197,-2.0788513514714866e-09
