LBP_delta,Std_delta,Var_delta,Kur_delta,SE_delta,LBP_theta,Std_theta,Var_theta,Kur_theta,SE_theta,LBP_alpha,Std_alpha,Var_alpha,Kur_alpha,SE_alpha,LBP_beta,Std_beta,Var_beta,Kur_beta,SE_beta,LBP_gamma,Std_gamma,Var_gamma,Kur_gamma,SE_gamma
-17.903207648626008,0.00012952826197315095,1.6777570649785224e-08,2.913745227728037,-0.0004526647550746032,-23.079384293608918,9.73551148786343e-06,9.478018393032084e-11,2.997811665560784,-3.3218064645320695e-06,-24.94554742579015,3.829509614687022e-06,1.466514388898035e-11,2.9078770397573073,-1.112906704506115e-06,-28.80679414875622,5.554999742442408e-07,3.0858022138535215e-13,3.0118463749363995,-5.418365864241531e-08,-34.362807694020695,3.453115540141598e-08,1.1924006933567401e-15,3.027766044481443,-5.012502689222023e-10
