LBP_delta,Std_delta,Var_delta,Kur_delta,SE_delta,LBP_theta,Std_theta,Var_theta,Kur_theta,SE_theta,LBP_alpha,Std_alpha,Var_alpha,Kur_alpha,SE_alpha,LBP_beta,Std_beta,Var_beta,Kur_beta,SE_beta,LBP_gamma,Std_gamma,Var_gamma,Kur_gamma,SE_gamma
-17.875194685559766,0.00013133071550844915,1.7247756835961206e-08,2.9003856640489873,-0.00046455348484044127,-23.010586359246386,1.0073894860345283e-05,1.014833576572911e-10,3.0690693782310863,-3.549304139081952e-06,-24.798446446599016,4.121788537226067e-06,1.69891407456082e-11,3.0897227681158537,-1.2794751662593544e-06,-28.733327338736846,5.762848950261298e-07,3.3210428023527756e-13,3.024673114077281,-5.819084462067729e-08,-34.28514795115248,3.5898367477201425e-08,1.288692787528193e-15,3.000156856926212,-5.409144987027535e-10
