LBP_delta,Std_delta,Var_delta,Kur_delta,SE_delta,LBP_theta,Std_theta,Var_theta,Kur_theta,SE_theta,LBP_alpha,Std_alpha,Var_alpha,Kur_alpha,SE_alpha,LBP_beta,Std_beta,Var_beta,Kur_beta,SE_beta,LBP_gamma,Std_gamma,Var_gamma,Kur_gamma,SE_gamma
-18.005090127498384,0.00012308529480613414,1.514998979751295e-08,3.032757351068901,-0.0004110502086772317,-23.063397557058046,9.808793457325774e-06,9.621242908847693e-11,2.889186202564061,-3.3786096637492237e-06,-24.88737185611626,3.94253507480178e-06,1.5543582816042275e-11,3.1135707747365893,-1.174498441926561e-06,-28.762755924088843,5.678673249909691e-07,3.2247329879239893e-13,3.2839949718006936,-5.644307396621393e-08,-34.317330567533965,3.532533726761588e-08,1.2478794530708116e-15,3.2851780741218817,-5.232794401331671e-10
