LBP_delta,Std_delta,Var_delta,Kur_delta,SE_delta,LBP_theta,Std_theta,Var_theta,Kur_theta,SE_theta,LBP_alpha,Std_alpha,Var_alpha,Kur_alpha,SE_alpha,LBP_beta,Std_beta,Var_beta,Kur_beta,SE_beta,LBP_gamma,Std_gamma,Var_gamma,Kur_gamma,SE_gamma
-17.60252336051586,0.00015054298528654653,2.2663190418985364e-08,3.1666822103656376,-0.0005978408960997119,-23.06185874767946,9.820922927154137e-06,9.64505271411018e-11,2.944230445591422,-3.380650252023401e-06,-24.898269584111446,3.921113749334678e-06,1.5375133035221458e-11,3.077597021219318,-1.1627795651512966e-06,-28.799138587487896,5.57630460343654e-07,3.1095173030307544e-13,3.043728701722558,-5.4568375739689256e-08,-34.36145077953271,3.455459188790661e-08,1.1940198205397813e-15,3.031036380941538,-5.019562116394162e-10
