LBP_delta,Std_delta,Var_delta,Kur_delta,SE_delta,LBP_theta,Std_theta,Var_theta,Kur_theta,SE_theta,LBP_alpha,Std_alpha,Var_alpha,Kur_alpha,SE_alpha,LBP_beta,Std_beta,Var_beta,Kur_beta,SE_beta,LBP_gamma,Std_gamma,Var_gamma,Kur_gamma,SE_gamma
-17.838155147754353,0.0001337766143504591,1.7896182547071458e-08,2.886109397552835,-0.00048120917991480215,-22.967862626099734,1.0292819897150522e-05,1.0594214143517769e-10,10.541006908306802,-3.642333243896931e-06,-24.6845082108924,4.363400072624498e-06,1.9039260193779472e-11,42.803099403288144,-1.3855998773374243e-06,-27.190118503077652,1.2466368018208684e-06,1.5541033156541628e-12,1434.9839862383078,-2.1022805169136197e-07,-27.993963774699267,8.340102356155252e-07,6.95573073111464e-13,6677.3494160015625,-1.697404774346138e-07
