LBP_delta,Std_delta,Var_delta,Kur_delta,SE_delta,LBP_theta,Std_theta,Var_theta,Kur_theta,SE_theta,LBP_alpha,Std_alpha,Var_alpha,Kur_alpha,SE_alpha,LBP_beta,Std_beta,Var_beta,Kur_beta,SE_beta,LBP_gamma,Std_gamma,Var_gamma,Kur_gamma,SE_gamma
-18.245793222201975,0.00010913672783991034,1.1910825363602659e-08,2.7377265955499532,-0.0003282036581164949,-23.03832449739684,9.935575885531372e-06,9.87156681771525e-11,3.3389418849282255,-3.452917061752497e-06,-24.78098756667639,4.157926998643603e-06,1.7288356926049405e-11,3.1371644515694648,-1.3008213026849304e-06,-28.622567899162558,6.090996109667248e-07,3.7100233607981553e-13,3.23580137953634,-6.465032828950746e-08,-34.16393801502934,3.8141267296599644e-08,1.4547562709906613e-15,3.2531885549707913,-6.075185261835858e-10
