LBP_delta,Std_delta,Var_delta,Kur_delta,SE_delta,LBP_theta,Std_theta,Var_theta,Kur_theta,SE_theta,LBP_alpha,Std_alpha,Var_alpha,Kur_alpha,SE_alpha,LBP_beta,Std_beta,Var_beta,Kur_beta,SE_beta,LBP_gamma,Std_gamma,Var_gamma,Kur_gamma,SE_gamma
-18.12638388963651,0.00011582819066848168,1.3416169753534147e-08,2.9038906115308536,-0.00036643766735118105,-23.039373851430675,9.93240724814701e-06,9.865271374304326e-11,3.0648055690125457,-3.449909896291048e-06,-24.932114294820387,3.855317541213863e-06,1.486347334359131e-11,3.210354329202822,-1.124722616261571e-06,-28.776768118499636,5.639027316208275e-07,3.179862907294309e-13,2.932807663974124,-5.579920985388433e-08,-34.332434526991214,3.505956676190041e-08,1.2291732215321521e-15,2.8995387227512466,-5.166332347918945e-10
