LBP_delta,Std_delta,Var_delta,Kur_delta,SE_delta,LBP_theta,Std_theta,Var_theta,Kur_theta,SE_theta,LBP_alpha,Std_alpha,Var_alpha,Kur_alpha,SE_alpha,LBP_beta,Std_beta,Var_beta,Kur_beta,SE_beta,LBP_gamma,Std_gamma,Var_gamma,Kur_gamma,SE_gamma
-17.792471051841062,0.00013688769392594633,1.8738240748363567e-08,3.3205695705358127,-0.000499803223878696,-22.97224328504878,1.0271017439210004e-05,1.0549379923655603e-10,3.0714646225911717,-3.680014895859152e-06,-24.70132687418436,4.326881543683543e-06,1.872190389306928e-11,2.912234332461591,-1.4067070425184802e-06,-28.469102560800927,6.576774107289046e-07,4.325395765830763e-13,2.905423028893835,-7.509323747970775e-08,-34.00622710306374,4.127067855160544e-08,1.7032689081099454e-15,2.8978240936363573,-7.090659900479591e-10
