LBP_delta,Std_delta,Var_delta,Kur_delta,SE_delta,LBP_theta,Std_theta,Var_theta,Kur_theta,SE_theta,LBP_alpha,Std_alpha,Var_alpha,Kur_alpha,SE_alpha,LBP_beta,Std_beta,Var_beta,Kur_beta,SE_beta,LBP_gamma,Std_gamma,Var_gamma,Kur_gamma,SE_gamma
-17.978581184165737,0.00012473854668528065,1.5559705029155936e-08,2.931952410445498,-0.0004215359605423607,-22.896553372571162,1.0667449500147314e-05,1.1379447883819317e-10,3.3123241361820073,-3.950225883461959e-06,-24.688892889659954,4.353865586128234e-06,1.8956145542071753e-11,3.66232742449109,-1.4170850351817978e-06,-28.499034189667434,6.47908016769132e-07,4.1978479819370987e-13,4.413032257944118,-7.256978710319471e-08,-34.04642070510513,4.044954629600211e-08,1.636165795552418e-15,4.327560371383965,-6.790100098979944e-10
