LBP_delta,Std_delta,Var_delta,Kur_delta,SE_delta,LBP_theta,Std_theta,Var_theta,Kur_theta,SE_theta,LBP_alpha,Std_alpha,Var_alpha,Kur_alpha,SE_alpha,LBP_beta,Std_beta,Var_beta,Kur_beta,SE_beta,LBP_gamma,Std_gamma,Var_gamma,Kur_gamma,SE_gamma
-17.908427703648368,0.00012919004803930566,1.6690068512398107e-08,3.0953308563347997,-0.000449460792218873,-22.95123399664668,1.0377104796797499e-05,1.0768430396371766e-10,2.90850629841573,-3.7577036941146867e-06,-24.47861503795322,4.836556671117482e-06,2.3392280432931024e-11,3.236492860034322,-1.736049168514413e-06,-28.219413463009115,7.451303000041683e-07,5.55219163984302e-13,3.4031943775140805,-9.528768277452744e-08,-33.7442789456,4.704602435333884e-08,2.2133284074549512e-15,3.4336240669346925,-9.119906888849397e-10
