LBP_delta,Std_delta,Var_delta,Kur_delta,SE_delta,LBP_theta,Std_theta,Var_theta,Kur_theta,SE_theta,LBP_alpha,Std_alpha,Var_alpha,Kur_alpha,SE_alpha,LBP_beta,Std_beta,Var_beta,Kur_beta,SE_beta,LBP_gamma,Std_gamma,Var_gamma,Kur_gamma,SE_gamma
-18.0723732200162,0.00011902043448415041,1.4165863824795939e-08,3.287896768295667,-0.00038413437614567326,-22.8911192565843,1.0696464604708224e-05,1.1441435503977584e-10,3.3925468743173015,-3.970773970365636e-06,-24.500922578617974,4.782907681746057e-06,2.287620589210544e-11,4.2417675303398,-1.692803541802745e-06,-28.260657999416935,7.299213327796793e-07,5.327851520468634e-13,4.506670504438902,-9.117436021701129e-08,-33.80662969947923,4.560197069478135e-08,2.0795397312476974e-15,4.4631315021539075,-8.556058780755343e-10
