LBP_delta,Std_delta,Var_delta,Kur_delta,SE_delta,LBP_theta,Std_theta,Var_theta,Kur_theta,SE_theta,LBP_alpha,Std_alpha,Var_alpha,Kur_alpha,SE_alpha,LBP_beta,Std_beta,Var_beta,Kur_beta,SE_beta,LBP_gamma,Std_gamma,Var_gamma,Kur_gamma,SE_gamma
-17.794879504551766,0.00013672919389105936,1.8694872462098902e-08,2.647962696489948,-0.0005032784307270971,-22.661131608094884,1.1999927954678642e-05,1.4399827091747794e-10,6.024758452535907,-4.896472979117573e-06,-24.030818403386284,6.0502606639411955e-06,3.660565410163416e-11,11.327085743991693,-2.610468751526649e-06,-27.688607408905835,9.716174055162821e-07,9.440403827021914e-13,15.49721533803091,-1.5487719515884182e-07,-33.211946816394914,6.139279054126994e-08,3.769074730444243e-15,15.445802587900486,-1.4960948289882952e-09
