LBP_delta,Std_delta,Var_delta,Kur_delta,SE_delta,LBP_theta,Std_theta,Var_theta,Kur_theta,SE_theta,LBP_alpha,Std_alpha,Var_alpha,Kur_alpha,SE_alpha,LBP_beta,Std_beta,Var_beta,Kur_beta,SE_beta,LBP_gamma,Std_gamma,Var_gamma,Kur_gamma,SE_gamma
-17.84464958323428,0.0001333763872654956,1.7789260679995454e-08,2.9440687345121117,-0.00047800133272402003,-22.936186268084885,1.0457624099683818e-05,1.0936190181028779e-10,3.0906375853859656,-3.8064143483612257e-06,-24.310414979736144,5.260904753364347e-06,2.767711882397158e-11,4.563247401492521,-2.0249870851595443e-06,-28.001564291836278,8.308785424820638e-07,6.903591523571186e-13,5.177479928833491,-1.1646408245018362e-07,-33.5128651109912,5.2817008965301655e-08,2.789636436040755e-15,5.342689468328481,-1.1320054778192312e-09
