LBP_delta,Std_delta,Var_delta,Kur_delta,SE_delta,LBP_theta,Std_theta,Var_theta,Kur_theta,SE_theta,LBP_alpha,Std_alpha,Var_alpha,Kur_alpha,SE_alpha,LBP_beta,Std_beta,Var_beta,Kur_beta,SE_beta,LBP_gamma,Std_gamma,Var_gamma,Kur_gamma,SE_gamma
-17.76087968472612,0.00013907471992628885,1.9341777722575684e-08,3.038560570501684,-0.0005162450737275582,-22.856847809467872,1.087998075500448e-05,1.1837398122926788e-10,3.2548043043912065,-4.101087946869921e-06,-24.29651060144783,5.2976071774620675e-06,2.806464180669761e-11,3.781572462370839,-2.059528898759038e-06,-27.966375378554932,8.456268167937421e-07,7.150847132807169e-13,3.9299608820319056,-1.2116546281998136e-07,-33.47909368766269,5.3716433726756147e-08,2.8854552523209856e-15,4.009965168186789,-1.1759049439160345e-09
