LBP_delta,Std_delta,Var_delta,Kur_delta,SE_delta,LBP_theta,Std_theta,Var_theta,Kur_theta,SE_theta,LBP_alpha,Std_alpha,Var_alpha,Kur_alpha,SE_alpha,LBP_beta,Std_beta,Var_beta,Kur_beta,SE_beta,LBP_gamma,Std_gamma,Var_gamma,Kur_gamma,SE_gamma
-17.838756891489734,0.00013376097718364858,1.7891999017124553e-08,3.3271698869156427,-0.0004794091578109514,-23.02779015573291,9.989834105069148e-06,9.97967854468027e-11,3.0576048074594833,-3.4901858511088493e-06,-24.843723884785827,4.029525451350278e-06,1.6237075363079664e-11,3.061687267303639,-1.2253406328181726e-06,-28.72804642417876,5.77808571764245e-07,3.338627456042366e-13,3.2992632343157164,-5.837926896731648e-08,-34.283495910888824,3.5928032191695507e-08,1.2908234971675088e-15,3.2669427671538194,-5.408245248513002e-10
