LBP_delta,Std_delta,Var_delta,Kur_delta,SE_delta,LBP_theta,Std_theta,Var_theta,Kur_theta,SE_theta,LBP_alpha,Std_alpha,Var_alpha,Kur_alpha,SE_alpha,LBP_beta,Std_beta,Var_beta,Kur_beta,SE_beta,LBP_gamma,Std_gamma,Var_gamma,Kur_gamma,SE_gamma
-17.661862057417654,0.0001461228256435237,2.135188017404763e-08,2.7311924016476303,-0.0005688347001357142,-23.09213419739042,9.673944510747372e-06,9.35852023970192e-11,3.0451113391837388,-3.281146985800544e-06,-25.055740704619087,3.6242233259423375e-06,1.3134994716304538e-11,2.8978175672135875,-1.000984841679343e-06,-28.917842660153376,5.254969953331682e-07,2.761470921041878e-13,2.873281801105295,-4.8725455209041184e-08,-34.47332430998784,3.2674785073047024e-08,1.0676415795698164e-15,2.859542300368636,-4.5078809851297727e-10
