LBP_delta,Std_delta,Var_delta,Kur_delta,SE_delta,LBP_theta,Std_theta,Var_theta,Kur_theta,SE_theta,LBP_alpha,Std_alpha,Var_alpha,Kur_alpha,SE_alpha,LBP_beta,Std_beta,Var_beta,Kur_beta,SE_beta,LBP_gamma,Std_gamma,Var_gamma,Kur_gamma,SE_gamma
-17.872187841464573,0.00013154989907479618,1.7305375946589063e-08,3.3807380639673847,-0.0004638843234414882,-22.855846932236666,1.0885227629152074e-05,1.1848818053845568e-10,16.797784533110978,-4.012661423526353e-06,-24.387173892868844,5.062819849864793e-06,2.5632144832184965e-11,81.68560424390539,-1.7662538611938197e-06,-27.954907476032993,8.504895270067018e-07,7.233324355480834e-13,99.94812193694068,-1.1342930467972784e-07,-33.48493274891116,5.3559836190941256e-08,2.868656052800461e-15,102.28808270000668,-1.0968373221154643e-09
