LBP_delta,Std_delta,Var_delta,Kur_delta,SE_delta,LBP_theta,Std_theta,Var_theta,Kur_theta,SE_theta,LBP_alpha,Std_alpha,Var_alpha,Kur_alpha,SE_alpha,LBP_beta,Std_beta,Var_beta,Kur_beta,SE_beta,LBP_gamma,Std_gamma,Var_gamma,Kur_gamma,SE_gamma
-17.821731207841033,0.00013491497625160582,1.820205081697136e-08,2.9592909141546775,-0.0004884182838370072,-23.03478937907119,9.955290382469339e-06,9.91078065992865e-11,3.170500482963558,-3.4635549002459136e-06,-25.0458869102973,3.6421222781629403e-06,1.3265054689090806e-11,3.000328082316833,-1.0099913875911513e-06,-28.904001918643548,5.291459154837854e-07,2.7999539987317337e-13,3.8381971327471507,-4.925397072328364e-08,-34.46675121556937,3.2782348607351165e-08,1.0746823802138988e-15,4.0163556805937475,-4.52677263723593e-10
