LBP_delta,Std_delta,Var_delta,Kur_delta,SE_delta,LBP_theta,Std_theta,Var_theta,Kur_theta,SE_theta,LBP_alpha,Std_alpha,Var_alpha,Kur_alpha,SE_alpha,LBP_beta,Std_beta,Var_beta,Kur_beta,SE_beta,LBP_gamma,Std_gamma,Var_gamma,Kur_gamma,SE_gamma
-17.800134027373815,0.00013634506805899408,1.8589977584011726e-08,3.394110033145745,-0.0004953440521355186,-22.892694312817213,1.068252970538342e-05,1.1411644090639917e-10,4.124158064962287,-3.948748231656133e-06,-24.582455106707965,4.591849571759494e-06,2.1085082489667845e-11,3.2661575024579843,-1.5733111083641438e-06,-28.356273061440923,6.958466274370735e-07,4.842025289155493e-13,3.272414750921697,-8.35966255220591e-08,-33.895650461770785,4.361672172409119e-08,1.902418413956808e-15,3.218887677534339,-7.883136588819603e-10
