LBP_delta,Std_delta,Var_delta,Kur_delta,SE_delta,LBP_theta,Std_theta,Var_theta,Kur_theta,SE_theta,LBP_alpha,Std_alpha,Var_alpha,Kur_alpha,SE_alpha,LBP_beta,Std_beta,Var_beta,Kur_beta,SE_beta,LBP_gamma,Std_gamma,Var_gamma,Kur_gamma,SE_gamma
-18.027837494290026,0.0001216988604441278,1.4810612633399295e-08,2.7965547001536097,-0.0004027039661766951,-23.17979872670082,9.253149332592967e-06,8.562077257126567e-11,3.0882301427121774,-3.0173830650517706e-06,-25.017432235046346,3.694311814658066e-06,1.3647939783922172e-11,3.194587832005536,-1.0367813476813094e-06,-28.88356589646215,5.345807816298534e-07,2.857766120879849e-13,3.1347924356354695,-5.029581180126093e-08,-34.440474592181644,3.3215893156679794e-08,1.1032955581959676e-15,3.1289931390414134,-4.6479419186701153e-10
