LBP_delta,Std_delta,Var_delta,Kur_delta,SE_delta,LBP_theta,Std_theta,Var_theta,Kur_theta,SE_theta,LBP_alpha,Std_alpha,Var_alpha,Kur_alpha,SE_alpha,LBP_beta,Std_beta,Var_beta,Kur_beta,SE_beta,LBP_gamma,Std_gamma,Var_gamma,Kur_gamma,SE_gamma
-17.870163147347416,0.00013162738010902072,1.7325767194364625e-08,2.757104075072088,-0.00046683159167006626,-23.030661612655322,9.973153872827287e-06,9.946379817108991e-11,5.324500785643116,-3.453882354360589e-06,-24.612242346423884,4.523966461576633e-06,2.0466272545470204e-11,18.820907214306757,-1.4905660367518635e-06,-28.367119943160738,6.920829777617232e-07,4.789788481075338e-13,20.95065083635741,-8.009715344549068e-08,-33.900095309372475,4.351985818646111e-08,1.893978056569686e-15,21.304303094396854,-7.629394578552647e-10
