LBP_delta,Std_delta,Var_delta,Kur_delta,SE_delta,LBP_theta,Std_theta,Var_theta,Kur_theta,SE_theta,LBP_alpha,Std_alpha,Var_alpha,Kur_alpha,SE_alpha,LBP_beta,Std_beta,Var_beta,Kur_beta,SE_beta,LBP_gamma,Std_gamma,Var_gamma,Kur_gamma,SE_gamma
-17.929256824133983,0.00012784821703897676,1.6345166600045305e-08,2.844365582354645,-0.0004418162912166539,-22.89119386178484,1.0695798334742191e-05,1.1440010201747381e-10,3.1035529011833756,-3.976606997704081e-06,-24.52353166332107,4.729146374908808e-06,2.2364825435313123e-11,4.633124522823962,-1.6560333384542194e-06,-28.294879064793623,7.17538255269135e-07,5.148611477746743e-13,5.580902470748113,-8.806152232291565e-08,-33.828601994892864,4.510371503803552e-08,2.0343451102323118e-15,5.51928011850338,-8.361541512510033e-10
