LBP_delta,Std_delta,Var_delta,Kur_delta,SE_delta,LBP_theta,Std_theta,Var_theta,Kur_theta,SE_theta,LBP_alpha,Std_alpha,Var_alpha,Kur_alpha,SE_alpha,LBP_beta,Std_beta,Var_beta,Kur_beta,SE_beta,LBP_gamma,Std_gamma,Var_gamma,Kur_gamma,SE_gamma
-17.830399351775736,0.0001343241747492764,1.804298392207414e-08,2.769812390507178,-0.0004848922308946559,-23.1393929352362,9.447554695355267e-06,8.925628972172935e-11,3.09587255938794,-3.1343093177038696e-06,-25.026175491028916,3.6781960204740477e-06,1.3529125965031122e-11,3.1064828834628937,-1.0292288320780458e-06,-28.98612096275636,5.078596976494339e-07,2.5792147249657445e-13,2.9749585096928035,-4.560611674158148e-08,-34.5617103079712,3.126223043429599e-08,9.773270517270226e-16,2.9700271645736724,-4.1357524418903424e-10
