LBP_delta,Std_delta,Var_delta,Kur_delta,SE_delta,LBP_theta,Std_theta,Var_theta,Kur_theta,SE_theta,LBP_alpha,Std_alpha,Var_alpha,Kur_alpha,SE_alpha,LBP_beta,Std_beta,Var_beta,Kur_beta,SE_beta,LBP_gamma,Std_gamma,Var_gamma,Kur_gamma,SE_gamma
-17.82389407079025,0.0001347521745781859,1.8158148553549885e-08,2.8091438783316582,-0.0004886681110028862,-23.12367342602317,9.519691393924697e-06,9.062452423556392e-11,3.150836073116507,-3.1822548496460223e-06,-24.85955846950453,3.997748290245875e-06,1.598199139216382e-11,5.1310323598130525,-1.1982614959182282e-06,-28.652440312826432,6.00069605591621e-07,3.6008353155488364e-13,10.355861311938083,-6.20223784364731e-08,-34.18248030859286,3.7789286028856533e-08,1.4280301385707314e-15,11.651291042970614,-5.894778591329963e-10
