LBP_delta,Std_delta,Var_delta,Kur_delta,SE_delta,LBP_theta,Std_theta,Var_theta,Kur_theta,SE_theta,LBP_alpha,Std_alpha,Var_alpha,Kur_alpha,SE_alpha,LBP_beta,Std_beta,Var_beta,Kur_beta,SE_beta,LBP_gamma,Std_gamma,Var_gamma,Kur_gamma,SE_gamma
-18.27782746374774,0.00010740371928177646,1.1535558915558642e-08,2.800003421094436,-0.00031828783274965504,-22.742167975638168,1.1522939470009939e-05,1.3277813402951293e-10,6.490586666006103,-4.523484946551154e-06,-23.880961833415817,6.52101196048455e-06,4.252359698878256e-11,16.532043856206037,-2.958366436420275e-06,-27.44121918822866,1.0995499374728072e-06,1.2090100649964543e-12,17.664640280904546,-1.937810021222635e-07,-32.93421925884906,7.053832495784355e-08,4.975655287858334e-15,18.28621242793052,-1.9339802097601584e-09
