LBP_delta,Std_delta,Var_delta,Kur_delta,SE_delta,LBP_theta,Std_theta,Var_theta,Kur_theta,SE_theta,LBP_alpha,Std_alpha,Var_alpha,Kur_alpha,SE_alpha,LBP_beta,Std_beta,Var_beta,Kur_beta,SE_beta,LBP_gamma,Std_gamma,Var_gamma,Kur_gamma,SE_gamma
-18.177405829341723,0.00011289921645784277,1.2746233076794835e-08,2.740994540244756,-0.00034953737350504734,-22.670610902311857,1.1941415781527791e-05,1.42597410867321e-10,9.748067037497192,-4.812723533891247e-06,-24.12565766529358,5.770055631947845e-06,3.329354199577305e-11,35.1036527736198,-2.302212845719782e-06,-27.96286824839153,8.471109711402919e-07,7.175969974262486e-13,30.743744107560843,-1.1606376985813131e-07,-33.500936449527146,5.3132965824064414e-08,2.823112057261197e-15,30.08669642056523,-1.1080616218958034e-09
