LBP_delta,Std_delta,Var_delta,Kur_delta,SE_delta,LBP_theta,Std_theta,Var_theta,Kur_theta,SE_theta,LBP_alpha,Std_alpha,Var_alpha,Kur_alpha,SE_alpha,LBP_beta,Std_beta,Var_beta,Kur_beta,SE_beta,LBP_gamma,Std_gamma,Var_gamma,Kur_gamma,SE_gamma
-18.184955981666203,0.00011247284291512818,1.2650140393411099e-08,2.7623275417091984,-0.00034759753326306896,-23.033144251078216,9.96259494328691e-06,9.92532980040059e-11,2.8749591875169083,-3.478490653168206e-06,-25.040464802399974,3.652011660970963e-06,1.3337189171867891e-11,2.873790961778933,-1.0162626453277878e-06,-28.965283597822175,5.13178582137411e-07,2.6335225716456355e-13,3.0935923489463004,-4.6496622360507494e-08,-34.534252900416895,3.1694372488378106e-08,1.004533247432059e-15,3.123641553223965,-4.2439390482018763e-10
