LBP_delta,Std_delta,Var_delta,Kur_delta,SE_delta,LBP_theta,Std_theta,Var_theta,Kur_theta,SE_theta,LBP_alpha,Std_alpha,Var_alpha,Kur_alpha,SE_alpha,LBP_beta,Std_beta,Var_beta,Kur_beta,SE_beta,LBP_gamma,Std_gamma,Var_gamma,Kur_gamma,SE_gamma
-18.15862462338478,0.00011399971371525751,1.2995934727160672e-08,2.846089392724749,-0.00035587886234378856,-22.977916254145725,1.0242369076731438e-05,1.0490612430398442e-10,6.2327108991476745,-3.6319189791206677e-06,-24.437245111064602,4.937641491534474e-06,2.438030349892279e-11,74.8288109394715,-1.7031454337822203e-06,-28.206269106993574,7.500435580705837e-07,5.625653390031812e-13,98.91615473848779,-9.030775027768752e-08,-33.72820769765283,4.742559004537033e-08,2.2491865911515294e-15,106.79169335780696,-8.731137548718569e-10
