LBP_delta,Std_delta,Var_delta,Kur_delta,SE_delta,LBP_theta,Std_theta,Var_theta,Kur_theta,SE_theta,LBP_alpha,Std_alpha,Var_alpha,Kur_alpha,SE_alpha,LBP_beta,Std_beta,Var_beta,Kur_beta,SE_beta,LBP_gamma,Std_gamma,Var_gamma,Kur_gamma,SE_gamma
-18.119990655955085,0.00011621865253179935,1.3506775196307111e-08,2.660859693554723,-0.00036985892519540535,-22.990625534876624,1.0177415206966125e-05,1.0357978029498533e-10,5.8620588255487664,-3.581676248832471e-06,-24.622318661209068,4.501231510530754e-06,2.026108511139497e-11,13.115881601227427,-1.4749004085718091e-06,-28.33473237590512,7.033815829363103e-07,4.947456512139896e-13,24.145831413849507,-8.238617081931714e-08,-33.88019113008109,4.3955163011432914e-08,1.9320563553616402e-15,24.943299430595093,-7.765581839629026e-10
