LBP_delta,Std_delta,Var_delta,Kur_delta,SE_delta,LBP_theta,Std_theta,Var_theta,Kur_theta,SE_theta,LBP_alpha,Std_alpha,Var_alpha,Kur_alpha,SE_alpha,LBP_beta,Std_beta,Var_beta,Kur_beta,SE_beta,LBP_gamma,Std_gamma,Var_gamma,Kur_gamma,SE_gamma
-17.910723294598476,0.0001290429666914764,1.665208725253749e-08,3.1392588941711983,-0.000448536917155022,-23.13452438876491,9.471065489048117e-06,8.970108149783823e-11,3.346600857175005,-3.147054843442601e-06,-24.832867252935642,4.051457285925529e-06,1.6414306139679058e-11,3.282771586475444,-1.2373133777790117e-06,-28.685680377029847,5.901788626046875e-07,3.483110898653625e-13,4.968104968514242,-6.063870336704398e-08,-34.244647874766436,3.663264410899949e-08,1.341950614416615e-15,4.575075267693241,-5.604050974558202e-10
