LBP_delta,Std_delta,Var_delta,Kur_delta,SE_delta,LBP_theta,Std_theta,Var_theta,Kur_theta,SE_theta,LBP_alpha,Std_alpha,Var_alpha,Kur_alpha,SE_alpha,LBP_beta,Std_beta,Var_beta,Kur_beta,SE_beta,LBP_gamma,Std_gamma,Var_gamma,Kur_gamma,SE_gamma
-18.040469524802585,0.00012093146527679651,1.462441929399304e-08,2.817082011989332,-0.00039782246785953295,-22.434798272689157,1.3437871132717951e-05,1.8057638057953444e-10,3.333385010557375,-6.131379817222574e-06,-23.460569568971998,8.04640651291074e-06,6.474465777101238e-11,4.144840350969986,-4.573275617456877e-06,-27.072637559069488,1.3220608136255042e-06,1.74784479492413e-12,4.637338789413049,-2.8565041580611087e-07,-32.58209116233466,8.411797248144424e-08,7.0758332943890105e-15,4.660229152248545,-2.7980383191019047e-09
