LBP_delta,Std_delta,Var_delta,Kur_delta,SE_delta,LBP_theta,Std_theta,Var_theta,Kur_theta,SE_theta,LBP_alpha,Std_alpha,Var_alpha,Kur_alpha,SE_alpha,LBP_beta,Std_beta,Var_beta,Kur_beta,SE_beta,LBP_gamma,Std_gamma,Var_gamma,Kur_gamma,SE_gamma
-18.199501164883035,0.00011169277788041289,1.2475276630643251e-08,2.898111406608769,-0.00034211979929970736,-22.956709041538826,1.0351596680053366e-05,1.0715555382649189e-10,5.393840700963133,-3.7048320491253767e-06,-24.431181176416743,4.952636042391189e-06,2.4528603768392266e-11,28.360548047304075,-1.7444130453786449e-06,-28.343418847252295,7.003333093161566e-07,4.904667441377196e-13,18.356832373458158,-8.236556920176864e-08,-33.89199593622744,4.3696493335675555e-08,1.9093835298347384e-15,16.92586002165513,-7.740510859836506e-10
