LBP_delta,Std_delta,Var_delta,Kur_delta,SE_delta,LBP_theta,Std_theta,Var_theta,Kur_theta,SE_theta,LBP_alpha,Std_alpha,Var_alpha,Kur_alpha,SE_alpha,LBP_beta,Std_beta,Var_beta,Kur_beta,SE_beta,LBP_gamma,Std_gamma,Var_gamma,Kur_gamma,SE_gamma
-17.76484210070662,0.00013879918391352522,1.92652134550606e-08,2.5913362442118317,-0.0005171479348643486,-22.30322018632013,1.4351261892614378e-05,2.0595871791040561e-10,4.814031231505216,-6.913391383023775e-06,-23.321834746568634,8.624379710789323e-06,7.437992539587454e-11,6.533786671524727,-5.157977499277705e-06,-26.922582998983465,1.42506730968844e-06,2.030816837142648e-12,7.283879688523971,-3.263549007797002e-07,-32.42634609050496,9.09302548629006e-08,8.268311249432058e-15,7.599655653379661,-3.2224857751116524e-09
