LBP_delta,Std_delta,Var_delta,Kur_delta,SE_delta,LBP_theta,Std_theta,Var_theta,Kur_theta,SE_theta,LBP_alpha,Std_alpha,Var_alpha,Kur_alpha,SE_alpha,LBP_beta,Std_beta,Var_beta,Kur_beta,SE_beta,LBP_gamma,Std_gamma,Var_gamma,Kur_gamma,SE_gamma
-17.960975890223125,0.00012580009864366956,1.5825664818756993e-08,2.6677977068560064,-0.0004294036617297065,-22.638239243586955,1.2136755724620895e-05,1.4730083951911805e-10,3.6402721123891957,-5.0417523334234135e-06,-23.645591588031742,7.335420457618367e-06,5.380839329004605e-11,6.310717309100491,-3.8038379045023576e-06,-27.280334191407707,1.1916553652545581e-06,1.420042509539974e-12,6.5070271243800875,-2.3242574261686298e-07,-32.79413687824529,7.565604815049093e-08,5.7238376217494016e-15,6.647872751468369,-2.266753243896807e-09
