LBP_delta,Std_delta,Var_delta,Kur_delta,SE_delta,LBP_theta,Std_theta,Var_theta,Kur_theta,SE_theta,LBP_alpha,Std_alpha,Var_alpha,Kur_alpha,SE_alpha,LBP_beta,Std_beta,Var_beta,Kur_beta,SE_beta,LBP_gamma,Std_gamma,Var_gamma,Kur_gamma,SE_gamma
-17.653303107078038,0.0001467683994663948,2.154096308192724e-08,4.201431950629739,-0.0005666036815499048,-22.454969263923218,1.3303474553596897e-05,1.7698243519820014e-10,8.974710750366768,-5.915486429697899e-06,-23.065438664978196,9.804005126248357e-06,9.611851651550405e-11,41.18689672502701,-6.271341146788371e-06,-26.36087420151698,1.887160739071706e-06,3.5613756550936678e-12,62.43019411635206,-5.274064785484999e-07,-30.396459602814915,2.50891751318725e-07,6.294667087977695e-14,5597.067407640128,-1.846195721237331e-08
