LBP_delta,Std_delta,Var_delta,Kur_delta,SE_delta,LBP_theta,Std_theta,Var_theta,Kur_theta,SE_theta,LBP_alpha,Std_alpha,Var_alpha,Kur_alpha,SE_alpha,LBP_beta,Std_beta,Var_beta,Kur_beta,SE_beta,LBP_gamma,Std_gamma,Var_gamma,Kur_gamma,SE_gamma
-17.85006064234811,0.00013278074582544647,1.763072646196182e-08,2.857667585099018,-0.0004752325337618408,-23.041209789250384,9.920866377108794e-06,9.842358967244779e-11,3.7064137345272448,-3.4293908388191903e-06,-24.635426320001166,4.471820075229684e-06,1.9997174785227216e-11,7.447613737186936,-1.4754543185553783e-06,-28.39605192947337,6.821433452956949e-07,4.653195435312016e-13,11.190545387150225,-7.898518825112569e-08,-31.604293339674346,1.3715361051858263e-07,1.8811112878283062e-14,8070.607265430699,-5.556553003864538e-09
