LBP_delta,Std_delta,Var_delta,Kur_delta,SE_delta,LBP_theta,Std_theta,Var_theta,Kur_theta,SE_theta,LBP_alpha,Std_alpha,Var_alpha,Kur_alpha,SE_alpha,LBP_beta,Std_beta,Var_beta,Kur_beta,SE_beta,LBP_gamma,Std_gamma,Var_gamma,Kur_gamma,SE_gamma
-18.03683090166092,0.00012114056510506742,1.4675036513975077e-08,2.9915575445395266,-0.00039775087311583776,-22.38781034742344,1.3757082443784617e-05,1.8925731736508691e-10,3.226054038110588,-6.418911966039754e-06,-23.359233234095036,8.464609235529356e-06,7.164960951020887e-11,3.768849188387127,-5.051048388952455e-06,-26.97820497485199,1.3859807602770408e-06,1.920942667858124e-12,3.6984196167610044,-3.140419018453551e-07,-32.49370762984208,8.791865388011066e-08,7.729689700090697e-15,3.7238434087078853,-3.0587736443155967e-09
