LBP_delta,Std_delta,Var_delta,Kur_delta,SE_delta,LBP_theta,Std_theta,Var_theta,Kur_theta,SE_theta,LBP_alpha,Std_alpha,Var_alpha,Kur_alpha,SE_alpha,LBP_beta,Std_beta,Var_beta,Kur_beta,SE_beta,LBP_gamma,Std_gamma,Var_gamma,Kur_gamma,SE_gamma
-18.114851198750564,0.00011649589424643786,1.3571293376277233e-08,3.4794979443030183,-0.00036869553322999916,-23.098783744534494,9.64040536459515e-06,9.293741559371495e-11,4.063924618888109,-3.249233377492825e-06,-24.855921888210037,4.005023939986309e-06,1.6040216759863458e-11,7.6006232908864275,-1.1942346455379952e-06,-28.638855672272314,6.041593459127171e-07,3.650085152536821e-13,13.83974820989835,-6.227336285050645e-08,-34.18201354105601,3.7798108449044736e-08,1.4286970023257472e-15,15.01059690453356,-5.855511329061132e-10
