LBP_delta,Std_delta,Var_delta,Kur_delta,SE_delta,LBP_theta,Std_theta,Var_theta,Kur_theta,SE_theta,LBP_alpha,Std_alpha,Var_alpha,Kur_alpha,SE_alpha,LBP_beta,Std_beta,Var_beta,Kur_beta,SE_beta,LBP_gamma,Std_gamma,Var_gamma,Kur_gamma,SE_gamma
-17.353888152608004,0.0001699598496164224,2.8886350481636914e-08,3.3287963040219792,-0.0007541937490896373,-21.230778215711226,2.4514993579697256e-05,6.009849102125977e-10,12.298313854075706,-1.840872338283425e-05,-22.323765714765774,1.4205470996004309e-05,2.0179540621831965e-10,16.16547802806366,-1.2870765358208278e-05,-25.923413753639505,2.3485627930269753e-06,5.515747192790667e-12,16.355159391221946,-8.250527407147651e-07,-30.12977961914921,2.866733827320073e-07,8.218162836701195e-14,1674.1751907971968,-2.5179520075378696e-08
