LBP_delta,Std_delta,Var_delta,Kur_delta,SE_delta,LBP_theta,Std_theta,Var_theta,Kur_theta,SE_theta,LBP_alpha,Std_alpha,Var_alpha,Kur_alpha,SE_alpha,LBP_beta,Std_beta,Var_beta,Kur_beta,SE_beta,LBP_gamma,Std_gamma,Var_gamma,Kur_gamma,SE_gamma
-17.862178237824555,0.00013220965354278493,1.7479392489903223e-08,2.757206645723999,-0.0004712847583520584,-22.971512340374883,1.0275077417268248e-05,1.0557721593085593e-10,3.3860176795249375,-3.681761675333307e-06,-24.662618115649078,4.4114406898738554e-06,1.9460808960274714e-11,4.859388299045353,-1.4446025467187962e-06,-28.43107677280659,6.703013259272798e-07,4.493038675398693e-13,5.8838695432622865,-7.699034693681473e-08,-33.98189965050916,4.17757310049443e-08,1.745211700997464e-15,5.896822190771463,-7.18989547570407e-10
