LBP_delta,Std_delta,Var_delta,Kur_delta,SE_delta,LBP_theta,Std_theta,Var_theta,Kur_theta,SE_theta,LBP_alpha,Std_alpha,Var_alpha,Kur_alpha,SE_alpha,LBP_beta,Std_beta,Var_beta,Kur_beta,SE_beta,LBP_gamma,Std_gamma,Var_gamma,Kur_gamma,SE_gamma
-17.798329696328196,0.000136491139365428,1.8629831125272687e-08,3.077920001474193,-0.0004977098117342568,-22.827232052277683,1.1043403783953889e-05,1.2195676713544706e-10,3.8058966678283994,-4.204654339419012e-06,-24.081413592138524,5.8991223896862735e-06,3.479964496849789e-11,7.136201341593756,-2.4891851046339216e-06,-27.76377836906192,9.357764857291354e-07,8.756776312435709e-13,8.016783018914314,-1.4473352810914214e-07,-33.27960477916831,5.935067135478464e-08,3.522502190263654e-15,8.226691860216464,-1.4058308638162027e-09
