LBP_delta,Std_delta,Var_delta,Kur_delta,SE_delta,LBP_theta,Std_theta,Var_theta,Kur_theta,SE_theta,LBP_alpha,Std_alpha,Var_alpha,Kur_alpha,SE_alpha,LBP_beta,Std_beta,Var_beta,Kur_beta,SE_beta,LBP_gamma,Std_gamma,Var_gamma,Kur_gamma,SE_gamma
-17.79262478682841,0.00013689275600901914,1.873962664774485e-08,2.8826764302254473,-0.0005027963366856812,-22.126639928381657,1.567688310655469e-05,2.4576466393657985e-10,3.4670422146843536,-8.211539828213613e-06,-23.13601353361611,9.464081475958168e-06,8.956883818357455e-11,3.9361796009955445,-6.23248798844742e-06,-26.762806569951334,1.5435844433774598e-06,2.3826529338369024e-12,3.9395914314488776,-3.851158062468488e-07,-32.27493231080158,9.808158980602665e-08,9.619998258877671e-15,3.9407772974923057,-3.77090206328102e-09
