LBP_delta,Std_delta,Var_delta,Kur_delta,SE_delta,LBP_theta,Std_theta,Var_theta,Kur_theta,SE_theta,LBP_alpha,Std_alpha,Var_alpha,Kur_alpha,SE_alpha,LBP_beta,Std_beta,Var_beta,Kur_beta,SE_beta,LBP_gamma,Std_gamma,Var_gamma,Kur_gamma,SE_gamma
-17.426843245813618,0.0001633016756911669,2.666743728354305e-08,2.988578964352273,-0.0007076336023142088,-20.9906177626216,2.7665819684963402e-05,7.653975788409084e-10,20.068717870418702,-2.2873393629611693e-05,-22.1953523608729,1.514747336255446e-05,2.2944594926929692e-10,11.622155043266837,-1.4600653372277566e-05,-25.846267635432245,2.4409217067339595e-06,5.958098778405027e-12,11.57913850948874,-8.939086544295792e-07,-29.58159767547591,3.77077850206615e-07,1.421877051164424e-13,2737.1496708487407,-4.0895526424347736e-08
