LBP_delta,Std_delta,Var_delta,Kur_delta,SE_delta,LBP_theta,Std_theta,Var_theta,Kur_theta,SE_theta,LBP_alpha,Std_alpha,Var_alpha,Kur_alpha,SE_alpha,LBP_beta,Std_beta,Var_beta,Kur_beta,SE_beta,LBP_gamma,Std_gamma,Var_gamma,Kur_gamma,SE_gamma
-17.751832646275226,0.00013969967671791282,1.9515999675089356e-08,3.386965739864494,-0.0005190518545632925,-22.454729734039905,1.3304951106850514e-05,1.7702172395568273e-10,4.486008352801529,-5.995486098823404e-06,-23.517574967984775,7.820300964821856e-06,6.115710718039364e-11,5.378468166384983,-4.313161316243787e-06,-27.15509503282525,1.2686622832648015e-06,1.6095039889786593e-12,5.892100556197469,-2.629493286118309e-07,-30.96688252402953,1.8863401498116148e-07,3.558279160791306e-14,6597.675150750048,-1.061276207752199e-08
