LBP_delta,Std_delta,Var_delta,Kur_delta,SE_delta,LBP_theta,Std_theta,Var_theta,Kur_theta,SE_theta,LBP_alpha,Std_alpha,Var_alpha,Kur_alpha,SE_alpha,LBP_beta,Std_beta,Var_beta,Kur_beta,SE_beta,LBP_gamma,Std_gamma,Var_gamma,Kur_gamma,SE_gamma
-17.51533901496929,0.00015647167170536655,2.4483384046272012e-08,3.32480148908922,-0.0006486136057143842,-21.762541442318955,1.88055316040526e-05,3.5364801891102126e-10,9.4857646169933,-1.129218923996593e-05,-22.802064098329673,1.118393437650049e-05,1.250803881378694e-10,15.125393427508389,-8.226986435205485e-06,-26.40879906629293,1.8424771304573688e-06,3.39472197625842e-12,17.5386919559415,-5.198301732782735e-07,-30.021642625173904,3.026098832463892e-07,9.157274143839332e-14,2780.8641701621127,-2.6743733809661796e-08
