LBP_delta,Std_delta,Var_delta,Kur_delta,SE_delta,LBP_theta,Std_theta,Var_theta,Kur_theta,SE_theta,LBP_alpha,Std_alpha,Var_alpha,Kur_alpha,SE_alpha,LBP_beta,Std_beta,Var_beta,Kur_beta,SE_beta,LBP_gamma,Std_gamma,Var_gamma,Kur_gamma,SE_gamma
-17.307654364498735,0.00017408565214265066,3.0305814281931966e-08,3.4426582759603797,-0.0007872950886385086,-21.57844770897658,2.0617647147992095e-05,4.250873739191066e-10,11.22009777636252,-1.3425546705804875e-05,-22.418720094133267,1.3546793451174047e-05,1.8351561280877207e-10,14.306097597770298,-1.1864154848913132e-05,-25.98038459174201,2.282606797765571e-06,5.2102937932055956e-12,18.91297634721339,-7.843759844723208e-07,-28.646073123501758,6.019826972275589e-07,3.6238316776136683e-13,2348.080417423373,-9.74244335438925e-08
