LBP_delta,Std_delta,Var_delta,Kur_delta,SE_delta,LBP_theta,Std_theta,Var_theta,Kur_theta,SE_theta,LBP_alpha,Std_alpha,Var_alpha,Kur_alpha,SE_alpha,LBP_beta,Std_beta,Var_beta,Kur_beta,SE_beta,LBP_gamma,Std_gamma,Var_gamma,Kur_gamma,SE_gamma
-18.120769946564316,0.00011617161165309433,1.3495843354077363e-08,3.51752771208339,-0.00036592388124719277,-23.08693145225057,9.697000476842882e-06,9.403181824789109e-11,3.0392314438390406,-3.3010960209702796e-06,-25.066755609692912,3.6043182564449037e-06,1.2991110093742031e-11,3.260520940064688,-9.87508160864576e-07,-28.96850258924835,5.123533584565583e-07,2.625059639217145e-13,3.0904944518607844,-4.634420693305367e-08,-34.52601977530391,3.182512075667218e-08,1.0128383111767665e-15,3.040837492620752,-4.279126032414279e-10
