LBP_delta,Std_delta,Var_delta,Kur_delta,SE_delta,LBP_theta,Std_theta,Var_theta,Kur_theta,SE_theta,LBP_alpha,Std_alpha,Var_alpha,Kur_alpha,SE_alpha,LBP_beta,Std_beta,Var_beta,Kur_beta,SE_beta,LBP_gamma,Std_gamma,Var_gamma,Kur_gamma,SE_gamma
-17.941292101289314,0.00012708602541581918,1.6150857855990242e-08,2.746210758558102,-0.00043698835163025543,-23.16678970301774,9.31921048163608e-06,8.684768400103576e-11,2.9958782637993493,-3.058211253601892e-06,-25.207647116926562,3.3591445123822053e-06,1.1283851855067484e-11,3.291038219433328,-8.633656185334598e-07,-29.09569447840683,4.807841132191216e-07,2.3115336352389713e-13,3.124664645381484,-4.097907419022866e-08,-34.657113950692015,2.9805970839780955e-08,8.883958977018724e-16,3.1055934877109244,-3.7664108812812527e-10
