LBP_delta,Std_delta,Var_delta,Kur_delta,SE_delta,LBP_theta,Std_theta,Var_theta,Kur_theta,SE_theta,LBP_alpha,Std_alpha,Var_alpha,Kur_alpha,SE_alpha,LBP_beta,Std_beta,Var_beta,Kur_beta,SE_beta,LBP_gamma,Std_gamma,Var_gamma,Kur_gamma,SE_gamma
-17.286196884185127,0.0001761879419093016,3.104219087423543e-08,3.587240645780847,-0.000799894644501514,-20.454688410010156,3.61665079906799e-05,1.308016300239913e-09,9.934738803105818,-3.862773997443639e-05,-21.412815453442967,2.240089252421074e-05,5.017999858812406e-10,9.153827419799452,-3.104178725699558e-05,-24.98574547106041,3.7533075185344156e-06,1.4087317328686973e-11,24.817937457776026,-2.0356664527483296e-06,-27.720349013009297,9.563182158639714e-07,9.145445299932494e-13,2728.5813434963015,-2.3503976646064012e-07
