LBP_delta,Std_delta,Var_delta,Kur_delta,SE_delta,LBP_theta,Std_theta,Var_theta,Kur_theta,SE_theta,LBP_alpha,Std_alpha,Var_alpha,Kur_alpha,SE_alpha,LBP_beta,Std_beta,Var_beta,Kur_beta,SE_beta,LBP_gamma,Std_gamma,Var_gamma,Kur_gamma,SE_gamma
-17.387997309899642,0.0001675537820069396,2.8074269864829034e-08,2.82293862068622,-0.0007344484104533988,-21.088752171483172,2.6340501643238246e-05,6.938220268174367e-10,25.073406103646665,-2.0771601558578522e-05,-22.135955697548525,1.5604084265958975e-05,2.434874457791485e-10,21.06901624678403,-1.5274819301454032e-05,-25.614687169937458,2.740572536159934e-06,7.510737825954093e-12,30.642979640584446,-1.0926136959033549e-06,-27.91311894182512,8.684465256755576e-07,7.54199367957947e-13,2286.491500353282,-1.9495839369762426e-07
