LBP_delta,Std_delta,Var_delta,Kur_delta,SE_delta,LBP_theta,Std_theta,Var_theta,Kur_theta,SE_theta,LBP_alpha,Std_alpha,Var_alpha,Kur_alpha,SE_alpha,LBP_beta,Std_beta,Var_beta,Kur_beta,SE_beta,LBP_gamma,Std_gamma,Var_gamma,Kur_gamma,SE_gamma
-18.046919196380404,0.00012054757638107771,1.4531718171351766e-08,2.888930338069357,-0.00039527959538335927,-23.098508259006667,9.643222900349007e-06,9.299174790581552e-11,3.164045623831269,-3.257504612069687e-06,-25.052248036783947,3.630552292808738e-06,1.3180909950818785e-11,3.238213884784332,-1.0018212808099526e-06,-28.890059613744263,5.328478830831994e-07,2.8392686650624693e-13,3.1726468696157846,-4.995986571171257e-08,-34.44096975547938,3.3207665277890074e-08,1.102749033208386e-15,3.162724278752376,-4.644004452162063e-10
