LBP_delta,Std_delta,Var_delta,Kur_delta,SE_delta,LBP_theta,Std_theta,Var_theta,Kur_theta,SE_theta,LBP_alpha,Std_alpha,Var_alpha,Kur_alpha,SE_alpha,LBP_beta,Std_beta,Var_beta,Kur_beta,SE_beta,LBP_gamma,Std_gamma,Var_gamma,Kur_gamma,SE_gamma
-17.932853692323544,0.0001276232546477356,1.6287695126880763e-08,2.850088880167275,-0.00044016611733819046,-22.887131161588325,1.071801125581907e-05,1.1487576527986426e-10,3.0961216716214874,-3.989564856661242e-06,-24.916838562727968,3.884875659616495e-06,1.5092258890680694e-11,2.9618334700050104,-1.142996022337668e-06,-28.816354441858394,5.528510110059509e-07,3.0564424037030205e-13,2.9779921023798464,-5.369844878171356e-08,-34.37497297079785,3.432174964654233e-08,1.1779824987999286e-15,2.9954075563944915,-4.955807532949782e-10
