LBP_delta,Std_delta,Var_delta,Kur_delta,SE_delta,LBP_theta,Std_theta,Var_theta,Kur_theta,SE_theta,LBP_alpha,Std_alpha,Var_alpha,Kur_alpha,SE_alpha,LBP_beta,Std_beta,Var_beta,Kur_beta,SE_beta,LBP_gamma,Std_gamma,Var_gamma,Kur_gamma,SE_gamma
-17.95058420447781,0.00012644053813288595,1.5987209683333785e-08,3.1535854638250633,-0.0004315038281170171,-22.97461097322066,1.025727933112085e-05,1.0521177927663898e-10,3.185133590849894,-3.673080970831524e-06,-24.96782131674924,3.787097340175875e-06,1.4342106263967187e-11,2.9364195150568686,-1.08882515134042e-06,-28.864408439151,5.397259237301894e-07,2.9130407274640626e-13,3.006741066067026,-5.1281528162877286e-08,-33.60923280959917,5.033197736681505e-08,2.5333079456535824e-15,3034.5948441463556,-9.161645176276733e-10
