LBP_delta,Std_delta,Var_delta,Kur_delta,SE_delta,LBP_theta,Std_theta,Var_theta,Kur_theta,SE_theta,LBP_alpha,Std_alpha,Var_alpha,Kur_alpha,SE_alpha,LBP_beta,Std_beta,Var_beta,Kur_beta,SE_beta,LBP_gamma,Std_gamma,Var_gamma,Kur_gamma,SE_gamma
-17.977472500936695,0.00012480552834996265,1.557641990671333e-08,3.0326115406782272,-0.00042107092685970103,-23.0710533430509,9.773362522002773e-06,9.551861498648841e-11,3.3013447219916445,-3.3428509085355535e-06,-25.0676460065256,3.6027142005707995e-06,1.2979549610994495e-11,3.2412423187505213,-9.876703677899286e-07,-28.9681801132191,5.124359487342889e-07,2.6259060155521076e-13,3.0779896163500777,-4.638381230239265e-08,-34.53022357865556,3.1758293971287337e-08,1.0085892359667055e-15,3.0776615877611855,-4.2632080283831867e-10
