LBP_delta,Std_delta,Var_delta,Kur_delta,SE_delta,LBP_theta,Std_theta,Var_theta,Kur_theta,SE_theta,LBP_alpha,Std_alpha,Var_alpha,Kur_alpha,SE_alpha,LBP_beta,Std_beta,Var_beta,Kur_beta,SE_beta,LBP_gamma,Std_gamma,Var_gamma,Kur_gamma,SE_gamma
-17.856051205533603,0.00013251706005219837,1.756077120487795e-08,3.0349256905863875,-0.0004722564630989295,-22.895654646822155,1.0671657464178821e-05,1.1388427303276355e-10,3.0982849740848075,-3.958769250288189e-06,-24.794678854085788,4.129559487397956e-06,1.7053261559958465e-11,3.421686521040758,-1.2825929778232284e-06,-28.698635059102617,5.863684272013406e-07,3.4382793241857384e-13,3.1680496546201677,-6.010762442785402e-08,-34.226909856843406,3.695905510736821e-08,1.36597175442948e-15,9.03220667060895,-5.701692826687738e-10
