LBP_delta,Std_delta,Var_delta,Kur_delta,SE_delta,LBP_theta,Std_theta,Var_theta,Kur_theta,SE_theta,LBP_alpha,Std_alpha,Var_alpha,Kur_alpha,SE_alpha,LBP_beta,Std_beta,Var_beta,Kur_beta,SE_beta,LBP_gamma,Std_gamma,Var_gamma,Kur_gamma,SE_gamma
-17.98636484513055,0.00012425403427893068,1.543906503458968e-08,3.0148266513630695,-0.0004176556752454261,-23.206275792158298,9.136864984166237e-06,8.34823017388831e-11,3.077607826508052,-2.944896937436572e-06,-25.06424946101467,3.608834873549275e-06,1.3023689144545412e-11,3.031302501220075,-9.921967925080262e-07,-29.014102271130515,5.008039431377604e-07,2.508045894623292e-13,3.140565303251962,-4.435252861414412e-08,-34.57533899374222,3.10499189198093e-08,9.640974649267315e-16,3.135224252752658,-4.07870762195229e-10
