LBP_delta,Std_delta,Var_delta,Kur_delta,SE_delta,LBP_theta,Std_theta,Var_theta,Kur_theta,SE_theta,LBP_alpha,Std_alpha,Var_alpha,Kur_alpha,SE_alpha,LBP_beta,Std_beta,Var_beta,Kur_beta,SE_beta,LBP_gamma,Std_gamma,Var_gamma,Kur_gamma,SE_gamma
-18.044740797120262,0.00012066323072269226,1.4559615248437666e-08,3.0747153101521185,-0.00039519599471118775,-22.92577124653157,1.0510513377983468e-05,1.1047089146876947e-10,2.9516172179338818,-3.8517420792440765e-06,-24.936775291311942,3.846339910468185e-06,1.4794330706860407e-11,3.1761771242898877,-1.1192863752427322e-06,-28.753078996993896,5.706216086336423e-07,3.2560902023964566e-13,3.016319481926393,-5.7083085663824386e-08,-34.30406701766485,3.556038173924984e-08,1.2645407494411736e-15,2.9722046487977383,-5.309232184091325e-10
