LBP_delta,Std_delta,Var_delta,Kur_delta,SE_delta,LBP_theta,Std_theta,Var_theta,Kur_theta,SE_theta,LBP_alpha,Std_alpha,Var_alpha,Kur_alpha,SE_alpha,LBP_beta,Std_beta,Var_beta,Kur_beta,SE_beta,LBP_gamma,Std_gamma,Var_gamma,Kur_gamma,SE_gamma
-17.80972872027952,0.00013571862644196626,1.8419545563293986e-08,2.8868456935800824,-0.0004942923468070538,-22.83322826066354,1.1005975615197112e-05,1.2113149924231343e-10,3.062807950715228,-4.2019955571373655e-06,-24.769195149067983,4.182515717314868e-06,1.74934377255859e-11,3.0683546136503135,-1.3158401177341534e-06,-28.70217626452075,5.853311192377007e-07,3.4261251914805935e-13,3.0055802482918375,-5.992927397337868e-08,-34.26555520096477,3.6251768111285873e-08,1.3141906911944435e-15,3.033350123356921,-5.507920620544741e-10
