LBP_delta,Std_delta,Var_delta,Kur_delta,SE_delta,LBP_theta,Std_theta,Var_theta,Kur_theta,SE_theta,LBP_alpha,Std_alpha,Var_alpha,Kur_alpha,SE_alpha,LBP_beta,Std_beta,Var_beta,Kur_beta,SE_beta,LBP_gamma,Std_gamma,Var_gamma,Kur_gamma,SE_gamma
-17.961973426204818,0.00012569586148470627,1.5799449594382467e-08,2.870881351020788,-0.00042795548873255653,-22.702234205244714,1.1756307222863666e-05,1.382107595183564e-10,6.583114897488679,-4.722300650161203e-06,-24.047129319186013,6.001112563249875e-06,3.6013351996795486e-11,54.06622379213036,-2.4757761572634263e-06,-27.536934660951008,1.0481671860778169e-06,1.0986544499702887e-12,89.10206044700816,-1.7072334411538234e-07,-30.01084596603783,3.042465557644061e-07,9.256596669450387e-14,6511.100662745421,-2.5302191166514735e-08
