LBP_delta,Std_delta,Var_delta,Kur_delta,SE_delta,LBP_theta,Std_theta,Var_theta,Kur_theta,SE_theta,LBP_alpha,Std_alpha,Var_alpha,Kur_alpha,SE_alpha,LBP_beta,Std_beta,Var_beta,Kur_beta,SE_beta,LBP_gamma,Std_gamma,Var_gamma,Kur_gamma,SE_gamma
-17.91516669122354,0.00012875696414180014,1.6578355815012808e-08,2.868611440728344,-0.00044730919203545634,-23.109106889210032,9.59221453776659e-06,9.201057973854069e-11,2.9465429449037046,-3.232088832671088e-06,-25.08432968077485,3.5727851757126885e-06,1.2764793911792346e-11,3.167561954119016,-9.719103471675248e-07,-28.949300644123365,5.172961351185064e-07,2.6759529140854406e-13,3.1472459365519416,-4.719460030147067e-08,-34.504380400999715,3.217132705685056e-08,1.034994284598845e-15,3.1801437318389545,-4.367662693942438e-10
