LBP_delta,Std_delta,Var_delta,Kur_delta,SE_delta,LBP_theta,Std_theta,Var_theta,Kur_theta,SE_theta,LBP_alpha,Std_alpha,Var_alpha,Kur_alpha,SE_alpha,LBP_beta,Std_beta,Var_beta,Kur_beta,SE_beta,LBP_gamma,Std_gamma,Var_gamma,Kur_gamma,SE_gamma
-18.00807451181624,0.00012280197577337252,1.5080325253843973e-08,2.933681900792382,-0.00040939312529082267,-22.827419675762126,1.1041353942369274e-05,1.219114968806735e-10,3.138821742003336,-4.222031290093137e-06,-24.774400803175556,4.1716423442309015e-06,1.7402599848180292e-11,2.8884310874830237,-1.311955353053815e-06,-28.655843020646447,5.990495275241627e-07,3.5886033642692257e-13,6.434831233122429,-6.250755021798973e-08,-32.478460008541845,8.85902210957764e-08,7.848227273798547e-15,6793.595363381617,-2.4829635571726855e-09
