LBP_delta,Std_delta,Var_delta,Kur_delta,SE_delta,LBP_theta,Std_theta,Var_theta,Kur_theta,SE_theta,LBP_alpha,Std_alpha,Var_alpha,Kur_alpha,SE_alpha,LBP_beta,Std_beta,Var_beta,Kur_beta,SE_beta,LBP_gamma,Std_gamma,Var_gamma,Kur_gamma,SE_gamma
-18.051496547430727,0.00012025570784055662,1.4461435268233311e-08,2.929988575191447,-0.00039329638296696035,-22.89590835607963,1.0669883792710837e-05,1.1384642014995338e-10,2.9779659475517,-3.959490628558259e-06,-24.938104930524226,3.84378689262607e-06,1.4774697675923976e-11,3.138462051960148,-1.1190704336822624e-06,-28.784649407418424,5.616849299738204e-07,3.1548996055969553e-13,3.057441536325379,-5.534567089416831e-08,-34.34494864451255,3.484087713677544e-08,1.2138867196598813e-15,3.0315329566663722,-5.101068399362624e-10
