LBP_delta,Std_delta,Var_delta,Kur_delta,SE_delta,LBP_theta,Std_theta,Var_theta,Kur_theta,SE_theta,LBP_alpha,Std_alpha,Var_alpha,Kur_alpha,SE_alpha,LBP_beta,Std_beta,Var_beta,Kur_beta,SE_beta,LBP_gamma,Std_gamma,Var_gamma,Kur_gamma,SE_gamma
-17.70111322248434,0.0001433010233589223,2.0535183295714393e-08,2.8516628650783415,-0.0005476452484681972,-23.197894656051666,9.174952987770981e-06,8.417976232780765e-11,3.1285462361695386,-2.964828166557982e-06,-25.006184061110986,3.7151390987939883e-06,1.3802258523387808e-11,3.2211683400407645,-1.04840233158925e-06,-28.894020734001664,5.317933549013527e-07,2.828041723172361e-13,3.9527057827437386,-4.97501659116236e-08,-34.463079964056035,3.284258023956101e-08,1.0786350767920033e-15,3.1332210658525534,-4.549234942957732e-10
