LBP_delta,Std_delta,Var_delta,Kur_delta,SE_delta,LBP_theta,Std_theta,Var_theta,Kur_theta,SE_theta,LBP_alpha,Std_alpha,Var_alpha,Kur_alpha,SE_alpha,LBP_beta,Std_beta,Var_beta,Kur_beta,SE_beta,LBP_gamma,Std_gamma,Var_gamma,Kur_gamma,SE_gamma
-18.193733706243158,0.00011200838081686622,1.2545877373216124e-08,2.9281743295003917,-0.0003444710959963407,-22.922870299170864,1.0526157293738161e-05,1.107999873725171e-10,2.807268358430033,-3.865805327277967e-06,-24.93266121688937,3.854263406505427e-06,1.4855346406726823e-11,3.0381769885492536,-1.1251939542204104e-06,-28.822896303335934,5.510456663681128e-07,3.0365132642307754e-13,3.106975139510449,-5.332747561721475e-08,-34.387470446558865,3.410795019904754e-08,1.1633522667807072e-15,3.0730663011499586,-4.893609171478735e-10
