LBP_delta,Std_delta,Var_delta,Kur_delta,SE_delta,LBP_theta,Std_theta,Var_theta,Kur_theta,SE_theta,LBP_alpha,Std_alpha,Var_alpha,Kur_alpha,SE_alpha,LBP_beta,Std_beta,Var_beta,Kur_beta,SE_beta,LBP_gamma,Std_gamma,Var_gamma,Kur_gamma,SE_gamma
-18.101976937449358,0.00011727504019676736,1.37534350531534e-08,2.8344286923445443,-0.00037534777802234116,-22.93463327003229,1.0466560866721423e-05,1.0954889637678429e-10,3.1280042150862992,-3.812394040272397e-06,-24.77648646868954,4.167294890964474e-06,1.7366346708258608e-11,3.1181322239213336,-1.3068890862018998e-06,-28.67361491191615,5.937499737102271e-07,3.5253903128089535e-13,3.1413045126179675,-6.157605130380275e-08,-34.23475952982771,3.6814279578437504e-08,1.3552911808793608e-15,3.12908636202295,-5.674629949400345e-10
