LBP_delta,Std_delta,Var_delta,Kur_delta,SE_delta,LBP_theta,Std_theta,Var_theta,Kur_theta,SE_theta,LBP_alpha,Std_alpha,Var_alpha,Kur_alpha,SE_alpha,LBP_beta,Std_beta,Var_beta,Kur_beta,SE_beta,LBP_gamma,Std_gamma,Var_gamma,Kur_gamma,SE_gamma
-18.13954848258485,0.000115091288413324,1.3246004668638928e-08,3.279527300765495,-0.00036100767379623663,-22.727847874474904,1.1606421365232315e-05,1.3470901690732115e-10,4.198537981888999,-4.6280896696461365e-06,-24.61282034648784,4.522660011528811e-06,2.0454453579881782e-11,6.165067060637594,-1.517291754266495e-06,-28.33159590577103,7.044855758883877e-07,4.962999266347932e-13,13.609024367820286,-8.414289291715401e-08,-33.87373204910665,4.409731745774548e-08,1.9445734069691843e-15,13.938707159791695,-7.931773880792273e-10
