LBP_delta,Std_delta,Var_delta,Kur_delta,SE_delta,LBP_theta,Std_theta,Var_theta,Kur_theta,SE_theta,LBP_alpha,Std_alpha,Var_alpha,Kur_alpha,SE_alpha,LBP_beta,Std_beta,Var_beta,Kur_beta,SE_beta,LBP_gamma,Std_gamma,Var_gamma,Kur_gamma,SE_gamma
-18.181226354652622,0.0001127183560453747,1.270542778957186e-08,2.7118896451256416,-0.00034883081458609574,-22.85805349368092,1.0864648531644543e-05,1.1804058771616594e-10,3.0248540131981527,-4.1041330306123404e-06,-24.728636127344274,4.268201275002217e-06,1.821754212393055e-11,3.05672161853009,-1.3683748766845284e-06,-28.584571361331218,6.207820999584316e-07,3.8537041562880015e-13,3.0326115905665194,-6.71379425024739e-08,-34.13498447544119,3.8697445241309005e-08,1.497492268204109e-15,3.017794846964897,-6.253778578688053e-10
