LBP_delta,Std_delta,Var_delta,Kur_delta,SE_delta,LBP_theta,Std_theta,Var_theta,Kur_theta,SE_theta,LBP_alpha,Std_alpha,Var_alpha,Kur_alpha,SE_alpha,LBP_beta,Std_beta,Var_beta,Kur_beta,SE_beta,LBP_gamma,Std_gamma,Var_gamma,Kur_gamma,SE_gamma
-18.169892509192607,0.00011334989190795185,1.2848197995544367e-08,2.769156136684091,-0.00035252888654450085,-22.701715461646227,1.1755739087186233e-05,1.381974014859982e-10,3.298953432303366,-4.754923398007345e-06,-24.675741909455635,4.382588074994559e-06,1.920707823508451e-11,3.1116281229656924,-1.4390080585188076e-06,-28.585047605027796,6.206343080093779e-07,3.8518694427827937e-13,3.2217770566628774,-6.701880292012699e-08,-34.13569958733529,3.8683596856899856e-08,1.4964206657871523e-15,3.209993207623378,-6.244098751778221e-10
