LBP_delta,Std_delta,Var_delta,Kur_delta,SE_delta,LBP_theta,Std_theta,Var_theta,Kur_theta,SE_theta,LBP_alpha,Std_alpha,Var_alpha,Kur_alpha,SE_alpha,LBP_beta,Std_beta,Var_beta,Kur_beta,SE_beta,LBP_gamma,Std_gamma,Var_gamma,Kur_gamma,SE_gamma
-18.246813860715147,0.00010907525559973277,1.1897411384147033e-08,2.6253387294247412,-0.0003282108137913324,-22.82370581951079,1.1063137963360238e-05,1.223930215963425e-10,3.1858429275214237,-4.239332058871447e-06,-24.549625848183272,4.667844147526528e-06,2.1788768985597658e-11,36.33209473177002,-1.5827781934008517e-06,-28.45909096914126,6.609778033978378e-07,4.368916565846306e-13,18.426781099181344,-7.476190081319145e-08,-34.00480245252589,4.130008121086933e-08,1.7056967080244017e-15,16.572277547632073,-7.019627696567292e-10
