LBP_delta,Std_delta,Var_delta,Kur_delta,SE_delta,LBP_theta,Std_theta,Var_theta,Kur_theta,SE_theta,LBP_alpha,Std_alpha,Var_alpha,Kur_alpha,SE_alpha,LBP_beta,Std_beta,Var_beta,Kur_beta,SE_beta,LBP_gamma,Std_gamma,Var_gamma,Kur_gamma,SE_gamma
-18.1142203749543,0.0001165388027237788,1.3581292540291835e-08,2.7324088035978495,-0.00037149460078965337,-22.881574119863334,1.0748040552092848e-05,1.1552037570943233e-10,3.0509233442506587,-4.013397381028367e-06,-24.7927388144674,4.1335681517749e-06,1.7086385665367764e-11,2.984299053605542,-1.287637400989253e-06,-28.686605875119913,5.899058129873667e-07,3.4798886819628605e-13,3.0596508059252345,-6.082445177306787e-08,-34.24708208029146,3.658815737331844e-08,1.3386932599747167e-15,3.0456519204162107,-5.606770032262501e-10
