LBP_delta,Std_delta,Var_delta,Kur_delta,SE_delta,LBP_theta,Std_theta,Var_theta,Kur_theta,SE_theta,LBP_alpha,Std_alpha,Var_alpha,Kur_alpha,SE_alpha,LBP_beta,Std_beta,Var_beta,Kur_beta,SE_beta,LBP_gamma,Std_gamma,Var_gamma,Kur_gamma,SE_gamma
-18.0019830266393,0.00012326947838750034,1.5195364301926414e-08,2.6914937291848813,-0.00041365771519930126,-22.960137561237072,1.0333996987018229e-05,1.0679149372770185e-10,2.9529667544085316,-3.7260766354720674e-06,-24.541772386980256,4.686210931660547e-06,2.1960572896014807e-11,3.3260091445777387,-1.6337670340467545e-06,-28.368597945941907,6.915717210910946e-07,4.782714454128987e-13,3.618809685360107,-8.246997655721187e-08,-33.91147726455086,4.3272926263311523e-08,1.8725461473899964e-15,3.663096742825138,-7.751132163944064e-10
