LBP_delta,Std_delta,Var_delta,Kur_delta,SE_delta,LBP_theta,Std_theta,Var_theta,Kur_theta,SE_theta,LBP_alpha,Std_alpha,Var_alpha,Kur_alpha,SE_alpha,LBP_beta,Std_beta,Var_beta,Kur_beta,SE_beta,LBP_gamma,Std_gamma,Var_gamma,Kur_gamma,SE_gamma
-18.048937589690834,0.00012042395556067575,1.4501929072879608e-08,2.7432928783207178,-0.00039506578488603925,-22.97729803714226,1.0245629579512182e-05,1.0497292548057496e-10,3.0809248265272395,-3.6620266887548144e-06,-24.718723014558392,4.289408396700714e-06,1.839902439368659e-11,2.9192100947163033,-1.3826003409790967e-06,-28.452674735791412,6.631017441900229e-07,4.3970392314785055e-13,2.964312665410437,-7.62699317381394e-08,-33.99136147971137,4.1578578547963635e-08,1.728778194069182e-15,2.966625785608642,-7.190470190730071e-10
