LBP_delta,Std_delta,Var_delta,Kur_delta,SE_delta,LBP_theta,Std_theta,Var_theta,Kur_theta,SE_theta,LBP_alpha,Std_alpha,Var_alpha,Kur_alpha,SE_alpha,LBP_beta,Std_beta,Var_beta,Kur_beta,SE_beta,LBP_gamma,Std_gamma,Var_gamma,Kur_gamma,SE_gamma
-18.028891025225274,0.00012163936896636589,1.4796136082535695e-08,2.756911659064781,-0.0004025211321851193,-22.96527337921457,1.0307348792034896e-05,1.0624143912066322e-10,3.1208339191567367,-3.7039848983832185e-06,-24.648147441221855,4.44347375458152e-06,1.974445900765479e-11,3.0587516904420697,-1.4773198879021134e-06,-28.56602712196401,6.2656478630073e-07,3.925834314320794e-13,3.049983775234372,-6.83426269152113e-08,-34.122411982106556,3.894145662445871e-08,1.5164370440345993e-15,2.9939843345421564,-6.331590369327937e-10
