LBP_delta,Std_delta,Var_delta,Kur_delta,SE_delta,LBP_theta,Std_theta,Var_theta,Kur_theta,SE_theta,LBP_alpha,Std_alpha,Var_alpha,Kur_alpha,SE_alpha,LBP_beta,Std_beta,Var_beta,Kur_beta,SE_beta,LBP_gamma,Std_gamma,Var_gamma,Kur_gamma,SE_gamma
-18.127665551846537,0.00011577571492066368,1.3404016165390785e-08,2.6626472380442663,-0.00036722966452121334,-22.967646602549923,1.0294906263851624e-05,1.059850949814914e-10,2.9087392548187325,-3.697824208862289e-06,-24.70252348225835,4.324293459776129e-06,1.86995139262626e-11,3.0415909269912786,-1.4033071655575112e-06,-28.50782945288476,6.450649885872433e-07,4.161088395010604e-13,3.103027605357793,-7.225406273785365e-08,-34.05103384584489,4.0356354925878044e-08,1.6286353829034412e-15,3.1126063675434814,-6.781597567793391e-10
