LBP_delta,Std_delta,Var_delta,Kur_delta,SE_delta,LBP_theta,Std_theta,Var_theta,Kur_theta,SE_theta,LBP_alpha,Std_alpha,Var_alpha,Kur_alpha,SE_alpha,LBP_beta,Std_beta,Var_beta,Kur_beta,SE_beta,LBP_gamma,Std_gamma,Var_gamma,Kur_gamma,SE_gamma
-18.156503714991683,0.0001141209315979152,1.3023587028776039e-08,2.689462800691974,-0.0003575260631736081,-22.817263638360302,1.1096742523825205e-05,1.2313769464007058e-10,3.079253499872925,-4.2659532704152134e-06,-24.525873166807013,4.723610895853073e-06,2.2312499895421872e-11,3.09187290015443,-1.6614191441512876e-06,-28.400572709415794,6.806030281283002e-07,4.632204818974117e-13,3.07434481506351,-8.013372772893714e-08,-33.952662500048994,4.2390934589108686e-08,1.796991335338091e-15,3.0919988449670748,-7.462942377709446e-10
