LBP_delta,Std_delta,Var_delta,Kur_delta,SE_delta,LBP_theta,Std_theta,Var_theta,Kur_theta,SE_theta,LBP_alpha,Std_alpha,Var_alpha,Kur_alpha,SE_alpha,LBP_beta,Std_beta,Var_beta,Kur_beta,SE_beta,LBP_gamma,Std_gamma,Var_gamma,Kur_gamma,SE_gamma
-18.117744765196086,0.00011631187780302767,1.3528452918066443e-08,3.3972011302136007,-0.00036773770878785006,-22.575856347846972,1.2517504830643203e-05,1.5668792718517594e-10,3.298169059341555,-5.364602747698142e-06,-24.044704366016525,6.008399307832038e-06,3.610086224235652e-11,3.322115780822031,-2.630891246922571e-06,-27.740961721753205,9.465131517509502e-07,8.958871464375173e-13,6.999112087145714,-1.5033471802553665e-07,-31.066584853109003,1.7946080474495764e-07,3.2206180439707814e-14,7722.843308160995,-9.367369704790045e-09
