LBP_delta,Std_delta,Var_delta,Kur_delta,SE_delta,LBP_theta,Std_theta,Var_theta,Kur_theta,SE_theta,LBP_alpha,Std_alpha,Var_alpha,Kur_alpha,SE_alpha,LBP_beta,Std_beta,Var_beta,Kur_beta,SE_beta,LBP_gamma,Std_gamma,Var_gamma,Kur_gamma,SE_gamma
-17.96117277610958,0.000125828433902908,1.5832794778458487e-08,2.989330300342856,-0.00042769346147860797,-22.402000004651267,1.365649709941105e-05,1.8649991302622242e-10,2.881180164972605,-6.350541248467336e-06,-23.667569927926124,7.255251190596488e-06,5.2638669838651765e-11,3.157863481442329,-3.775273892081448e-06,-27.368251176348448,1.1404064741885136e-06,1.300526926371077e-12,3.487139107263064,-2.1610635785083977e-07,-32.88990177278704,7.211880057707731e-08,5.2011213966762475e-15,3.5841743791057192,-2.0859281106559866e-09
