LBP_delta,Std_delta,Var_delta,Kur_delta,SE_delta,LBP_theta,Std_theta,Var_theta,Kur_theta,SE_theta,LBP_alpha,Std_alpha,Var_alpha,Kur_alpha,SE_alpha,LBP_beta,Std_beta,Var_beta,Kur_beta,SE_beta,LBP_gamma,Std_gamma,Var_gamma,Kur_gamma,SE_gamma
-18.026209175238645,0.00012157426198626406,1.478030117750477e-08,2.714420007210591,-0.00040389156041867054,-22.229412765728984,1.4889262993341591e-05,2.216901524848914e-10,3.278863674361993,-7.466159422906843e-06,-23.555571149567026,7.673132477107962e-06,5.887696201124898e-11,3.5903716673652193,-4.191176162346982e-06,-27.14692872617084,1.2738529898730572e-06,1.6227014398085274e-12,8.376168634344515,-2.659197839713815e-07,-30.966217036109857,1.8869693175707254e-07,3.560653205453329e-14,6694.723041541862,-1.0607160283310235e-08
