LBP_delta,Std_delta,Var_delta,Kur_delta,SE_delta,LBP_theta,Std_theta,Var_theta,Kur_theta,SE_theta,LBP_alpha,Std_alpha,Var_alpha,Kur_alpha,SE_alpha,LBP_beta,Std_beta,Var_beta,Kur_beta,SE_beta,LBP_gamma,Std_gamma,Var_gamma,Kur_gamma,SE_gamma
-17.945229613985177,0.00012683571016254257,1.6087297372436505e-08,3.052943482748874,-0.0004339310117964619,-22.351322677676567,1.4009856411025571e-05,1.9627607665755428e-10,3.1730416920837254,-6.650953723615845e-06,-23.6265710659862,7.4055151541330166e-06,5.484165469809376e-11,2.911554271624431,-3.934504029039068e-06,-27.317485627214886,1.1697238903868963e-06,1.368253979741856e-12,3.1602938639242013,-2.273518244245078e-07,-32.8364594512164,7.40718897147429e-08,5.486644845913036e-15,3.203691336528015,-2.2006625881088367e-09
