LBP_delta,Std_delta,Var_delta,Kur_delta,SE_delta,LBP_theta,Std_theta,Var_theta,Kur_theta,SE_theta,LBP_alpha,Std_alpha,Var_alpha,Kur_alpha,SE_alpha,LBP_beta,Std_beta,Var_beta,Kur_beta,SE_beta,LBP_gamma,Std_gamma,Var_gamma,Kur_gamma,SE_gamma
-17.956052057694198,0.00012612154214288135,1.5906643392498594e-08,2.3922921246392512,-0.0004336250535249072,-22.52257604564165,1.2860965708938025e-05,1.6540443896647977e-10,3.0583907865737894,-5.654519251236696e-06,-23.99102291408559,6.171852785361235e-06,3.809176680417124e-11,2.9278480829222318,-2.775814865024812e-06,-27.76414192371443,9.356063755796342e-07,8.753592900252595e-13,2.9503616258826204,-1.4809086161565907e-07,-33.30605793664897,5.857083453913074e-08,3.4305426586102305e-15,2.939913878443308,-1.3978496882112812e-09
