LBP_delta,Std_delta,Var_delta,Kur_delta,SE_delta,LBP_theta,Std_theta,Var_theta,Kur_theta,SE_theta,LBP_alpha,Std_alpha,Var_alpha,Kur_alpha,SE_alpha,LBP_beta,Std_beta,Var_beta,Kur_beta,SE_beta,LBP_gamma,Std_gamma,Var_gamma,Kur_gamma,SE_gamma
-17.977677567637095,0.000124785468970355,1.557141326615143e-08,2.9066679848892663,-0.00042175499285722416,-22.28249321807908,1.4470858320866762e-05,2.0940574054259882e-10,3.179303907628991,-7.1014470325311005e-06,-23.394783191983812,8.315480970850923e-06,6.914722377658382e-11,3.1029028666886926,-4.9016648339491206e-06,-26.995764568178004,1.3738654571042e-06,1.887506294224132e-12,3.0422818871079085,-3.100266383252022e-07,-32.5026759082681,8.752529898338011e-08,7.66067796213008e-15,3.024463816916578,-3.0428113893894695e-09
