LBP_delta,Std_delta,Var_delta,Kur_delta,SE_delta,LBP_theta,Std_theta,Var_theta,Kur_theta,SE_theta,LBP_alpha,Std_alpha,Var_alpha,Kur_alpha,SE_alpha,LBP_beta,Std_beta,Var_beta,Kur_beta,SE_beta,LBP_gamma,Std_gamma,Var_gamma,Kur_gamma,SE_gamma
-18.215613221865617,0.00011068336053538853,1.2250806299406803e-08,3.123877544469391,-0.0003364992265850298,-22.37658106978439,1.3832088976886815e-05,1.913266854645137e-10,3.2664459041852627,-6.488584453212363e-06,-23.62949334515886,7.394701739643431e-06,5.4681613818285583e-11,3.336488849355422,-3.912929990068038e-06,-27.29683043937371,1.1818667926413004e-06,1.3968091155482347e-12,3.1793642905254704,-2.31846742981111e-07,-32.49447842514794,8.788443465862261e-08,7.723673855265707e-15,766.4653097426208,-2.900837534676054e-09
