LBP_delta,Std_delta,Var_delta,Kur_delta,SE_delta,LBP_theta,Std_theta,Var_theta,Kur_theta,SE_theta,LBP_alpha,Std_alpha,Var_alpha,Kur_alpha,SE_alpha,LBP_beta,Std_beta,Var_beta,Kur_beta,SE_beta,LBP_gamma,Std_gamma,Var_gamma,Kur_gamma,SE_gamma
-18.18777583932002,0.00011234908255420125,1.2622316350770727e-08,3.0337819071320173,-0.00034533189180436667,-23.051461291615034,9.871240285664076e-06,9.74413847773174e-11,2.934414960719605,-3.414802259333351e-06,-25.044530055694185,3.6445960166193913e-06,1.3283080124357933e-11,3.126121840565984,-1.0101987596917362e-06,-28.806176560969412,5.556715974558841e-07,3.08770924219174e-13,39.57052080808405,-5.339693516234424e-08,-31.701330264177393,1.3065798127008073e-07,1.7071508069572767e-14,8683.113378839005,-4.996554279002042e-09
