LBP_delta,Std_delta,Var_delta,Kur_delta,SE_delta,LBP_theta,Std_theta,Var_theta,Kur_theta,SE_theta,LBP_alpha,Std_alpha,Var_alpha,Kur_alpha,SE_alpha,LBP_beta,Std_beta,Var_beta,Kur_beta,SE_beta,LBP_gamma,Std_gamma,Var_gamma,Kur_gamma,SE_gamma
-17.757885269896608,0.00013929089848541113,1.940195440087311e-08,2.67318642964467,-0.0005198310053140337,-22.859194664079748,1.0868802513191691e-05,1.18130868070762e-10,3.4532271636153515,-4.0876547404472685e-06,-24.365390988935868,5.11825684630469e-06,2.6196553144744824e-11,4.690537534139286,-1.925586342255387e-06,-28.046786274191682,8.123022389972562e-07,6.598349274799555e-13,4.8875278823794,-1.1205586798562059e-07,-33.565418583386666,5.1447225647597776e-08,2.6468170268348424e-15,5.100786336035767,-1.080436063907571e-09
