LBP_delta,Std_delta,Var_delta,Kur_delta,SE_delta,LBP_theta,Std_theta,Var_theta,Kur_theta,SE_theta,LBP_alpha,Std_alpha,Var_alpha,Kur_alpha,SE_alpha,LBP_beta,Std_beta,Var_beta,Kur_beta,SE_beta,LBP_gamma,Std_gamma,Var_gamma,Kur_gamma,SE_gamma
-17.91272174398324,0.00012889730300555483,1.6614514722105812e-08,2.70512466716427,-0.0004494489617137349,-22.712518795772105,1.1695796348705117e-05,1.3679165223038394e-10,4.427392202906538,-4.687147614712771e-06,-23.842586742738497,6.647341922478914e-06,4.418715463434567e-11,14.89665535203166,-3.079262737684422e-06,-27.444765442639355,1.0976020309946941e-06,1.2047302184436776e-12,17.175152276910428,-1.9353853890874032e-07,-32.942106543241465,7.026069627596368e-08,4.936565441183218e-15,18.14067443415799,-1.9213467932458027e-09
