LBP_delta,Std_delta,Var_delta,Kur_delta,SE_delta,LBP_theta,Std_theta,Var_theta,Kur_theta,SE_theta,LBP_alpha,Std_alpha,Var_alpha,Kur_alpha,SE_alpha,LBP_beta,Std_beta,Var_beta,Kur_beta,SE_beta,LBP_gamma,Std_gamma,Var_gamma,Kur_gamma,SE_gamma
-17.891609451177196,0.00013018434708428738,1.6947964225762205e-08,3.0041415367556086,-0.0004565227400219055,-23.096659577001574,9.652093083247592e-06,9.316290088767601e-11,2.9798002133154156,-3.2690901789254893e-06,-24.922200983648512,3.874474477074472e-06,1.5011552473501508e-11,3.3194309468898866,-1.1352239467493739e-06,-28.782448590230178,5.623033280321253e-07,3.161850327160039e-13,3.633299586711398,-5.5350046278108654e-08,-33.190842057394285,6.204332564732466e-08,3.849374257379974e-15,4503.334272237889,-1.3192245971819265e-09
