LBP_delta,Std_delta,Var_delta,Kur_delta,SE_delta,LBP_theta,Std_theta,Var_theta,Kur_theta,SE_theta,LBP_alpha,Std_alpha,Var_alpha,Kur_alpha,SE_alpha,LBP_beta,Std_beta,Var_beta,Kur_beta,SE_beta,LBP_gamma,Std_gamma,Var_gamma,Kur_gamma,SE_gamma
-18.081600304601935,0.00011845067910277546,1.4030563379908688e-08,2.947412185494281,-0.00038233520262302776,-23.049486638680584,9.88139302401584e-06,9.764192809506889e-11,3.8313851134917853,-3.4079880255397212e-06,-25.052573477487094,3.6299676680820813e-06,1.3176665271321264e-11,2.9566877759320196,-1.0039582639785509e-06,-28.91773919514866,5.255241829049632e-07,2.761756668179292e-13,3.0709627609363515,-4.8688066666506344e-08,-34.4756351271044,3.263705277170501e-08,1.0651772136230575e-15,3.0999608513069536,-4.4936093968887477e-10
