LBP_delta,Std_delta,Var_delta,Kur_delta,SE_delta,LBP_theta,Std_theta,Var_theta,Kur_theta,SE_theta,LBP_alpha,Std_alpha,Var_alpha,Kur_alpha,SE_alpha,LBP_beta,Std_beta,Var_beta,Kur_beta,SE_beta,LBP_gamma,Std_gamma,Var_gamma,Kur_gamma,SE_gamma
-17.944160078851375,0.00012690014476357384,1.6103646741016e-08,2.7604957078380776,-0.0004360132666308324,-23.118502848470587,9.546170129564663e-06,9.112936414259262e-11,2.9822152763379237,-3.200430609015414e-06,-25.004893862871516,3.717545020503401e-06,1.3820140979469632e-11,3.1169308189243816,-1.0496718807562767e-06,-28.99685418768495,5.051415219879378e-07,2.551679572362903e-13,2.988851578640634,-4.51184684247058e-08,-34.57175923316723,3.1105544315127326e-08,9.6755488714035e-16,3.0084480227976598,-4.093722072349545e-10
