LBP_delta,Std_delta,Var_delta,Kur_delta,SE_delta,LBP_theta,Std_theta,Var_theta,Kur_theta,SE_theta,LBP_alpha,Std_alpha,Var_alpha,Kur_alpha,SE_alpha,LBP_beta,Std_beta,Var_beta,Kur_beta,SE_beta,LBP_gamma,Std_gamma,Var_gamma,Kur_gamma,SE_gamma
-18.210049359757704,0.00011110495137460073,1.2344310219952395e-08,3.673749145095483,-0.00033621604449680226,-22.95602539952333,1.0349338486851717e-05,1.071088071154302e-10,4.233785768832726,-3.7170964643909534e-06,-24.672406584564328,4.38990349458426e-06,1.9271252691763095e-11,12.424902531109941,-1.4100732744116187e-06,-28.47143958764983,6.569093377382399e-07,4.31529878007693e-13,17.275841134705146,-7.291128967050617e-08,-34.01390534345302,4.111253468014401e-08,1.6902405078260436e-15,17.779733752356606,-6.8744381933332e-10
