LBP_delta,Std_delta,Var_delta,Kur_delta,SE_delta,LBP_theta,Std_theta,Var_theta,Kur_theta,SE_theta,LBP_alpha,Std_alpha,Var_alpha,Kur_alpha,SE_alpha,LBP_beta,Std_beta,Var_beta,Kur_beta,SE_beta,LBP_gamma,Std_gamma,Var_gamma,Kur_gamma,SE_gamma
-17.832148337992468,0.00013420947109670265,1.8012182132056666e-08,3.5586414702271285,-0.0004810866683704739,-23.014702113994673,1.0053352465247974e-05,1.010698957905075e-10,2.8890285949835923,-3.537430832727561e-06,-24.717313930551054,4.292416698818798e-06,1.8424841116298465e-11,4.863053016840536,-1.3775905692938477e-06,-28.45664298762789,6.617843201998547e-07,4.379584864623839e-13,19.817290551509732,-7.504435821547548e-08,-34.04343344704587,4.0510008777976574e-08,1.6410608111917392e-15,10.134388497540959,-6.800249585171095e-10
