LBP_delta,Std_delta,Var_delta,Kur_delta,SE_delta,LBP_theta,Std_theta,Var_theta,Kur_theta,SE_theta,LBP_alpha,Std_alpha,Var_alpha,Kur_alpha,SE_alpha,LBP_beta,Std_beta,Var_beta,Kur_beta,SE_beta,LBP_gamma,Std_gamma,Var_gamma,Kur_gamma,SE_gamma
-17.798040395099875,0.00013652262248064632,1.8638426448993075e-08,2.8137055102323862,-0.0005000317557561513,-23.06281089645931,9.815761044202745e-06,9.634916487688815e-11,3.059507785746575,-3.376650552787358e-06,-24.861124640189303,3.994614711984202e-06,1.5956946697200624e-11,2.8253526715610384,-1.2071930838995042e-06,-28.72090846671037,5.798737282495813e-07,3.362535407140692e-13,2.9707519843926304,-5.888521949822089e-08,-34.273857685680184,3.6101591528183944e-08,1.3033249108678428e-15,3.003913555495473,-5.466501419091707e-10
