LBP_delta,Std_delta,Var_delta,Kur_delta,SE_delta,LBP_theta,Std_theta,Var_theta,Kur_theta,SE_theta,LBP_alpha,Std_alpha,Var_alpha,Kur_alpha,SE_alpha,LBP_beta,Std_beta,Var_beta,Kur_beta,SE_beta,LBP_gamma,Std_gamma,Var_gamma,Kur_gamma,SE_gamma
-17.84464991545367,0.00013337756086895038,1.7789573743350568e-08,2.5678657978054087,-0.0004800307827929867,-23.055701500843494,9.851845608182042e-06,9.705886188745578e-11,3.0270892520611734,-3.4016057547412437e-06,-24.825160077232546,4.067093341904338e-06,1.65412482517626e-11,3.113311889208538,-1.2469727165725102e-06,-28.67494458744713,5.933542697530041e-07,3.5206928943412076e-13,2.949897562702013,-6.157123035430401e-08,-34.22452042847435,3.700323931482754e-08,1.3692397197903983e-15,2.918931584857628,-5.738116913978985e-10
