LBP_delta,Std_delta,Var_delta,Kur_delta,SE_delta,LBP_theta,Std_theta,Var_theta,Kur_theta,SE_theta,LBP_alpha,Std_alpha,Var_alpha,Kur_alpha,SE_alpha,LBP_beta,Std_beta,Var_beta,Kur_beta,SE_beta,LBP_gamma,Std_gamma,Var_gamma,Kur_gamma,SE_gamma
-17.886869074201186,0.00013059172661708388,1.7054199060831176e-08,3.316517288898335,-0.0004580754188136563,-23.075510657818647,9.753724970764244e-06,9.513515080530996e-11,2.963080550283755,-3.337673727777532e-06,-24.981884511687955,3.760554328283965e-06,1.4141768855975261e-11,2.943062584124646,-1.0740483774842367e-06,-28.848809778809677,5.439511397123455e-07,2.958828423943596e-13,2.90624089132725,-5.2077900328773555e-08,-34.40242471237638,3.385387440733362e-08,1.1460848123875179e-15,2.8906137343253935,-4.827698918044036e-10
