LBP_delta,Std_delta,Var_delta,Kur_delta,SE_delta,LBP_theta,Std_theta,Var_theta,Kur_theta,SE_theta,LBP_alpha,Std_alpha,Var_alpha,Kur_alpha,SE_alpha,LBP_beta,Std_beta,Var_beta,Kur_beta,SE_beta,LBP_gamma,Std_gamma,Var_gamma,Kur_gamma,SE_gamma
-18.137581552383352,0.00011519645399726559,1.3270223013544127e-08,2.9676549423256082,-0.000362193489459323,-23.097617069106093,9.647484372432347e-06,9.307395471632637e-11,3.314997450413336,-3.260979046406238e-06,-25.043004935194638,3.64736276111178e-06,1.3303255111144947e-11,2.8686681746535743,-1.0133289369239715e-06,-28.89731400729185,5.309179934051455e-07,2.8187391572134617e-13,3.0469575398845015,-4.9667370923543676e-08,-34.45869027565321,3.291474165194006e-08,1.0833802180139577e-15,3.010361405707588,-4.569002972579786e-10
