LBP_delta,Std_delta,Var_delta,Kur_delta,SE_delta,LBP_theta,Std_theta,Var_theta,Kur_theta,SE_theta,LBP_alpha,Std_alpha,Var_alpha,Kur_alpha,SE_alpha,LBP_beta,Std_beta,Var_beta,Kur_beta,SE_beta,LBP_gamma,Std_gamma,Var_gamma,Kur_gamma,SE_gamma
-17.8985728044906,0.00012972337687038938,1.6828154506657075e-08,2.5588499713633106,-0.00045646736894719105,-22.841658460900327,1.0964686981388312e-05,1.2022436059982636e-10,5.72720572986401,-4.119760693639543e-06,-24.292218643358805,5.308978823299623e-06,2.818525614624385e-11,15.068196367397213,-2.002170706949499e-06,-28.02872414910129,8.196713853301617e-07,6.718611799290664e-13,23.797784216289315,-1.1035545213541961e-07,-30.368124462821815,2.544706140411812e-07,6.47552934104958e-14,9078.55683236102,-1.763401767329414e-08
