LBP_delta,Std_delta,Var_delta,Kur_delta,SE_delta,LBP_theta,Std_theta,Var_theta,Kur_theta,SE_theta,LBP_alpha,Std_alpha,Var_alpha,Kur_alpha,SE_alpha,LBP_beta,Std_beta,Var_beta,Kur_beta,SE_beta,LBP_gamma,Std_gamma,Var_gamma,Kur_gamma,SE_gamma
-17.93635632110293,0.00012739977701265142,1.6230703182873308e-08,3.404539032074402,-0.0004357859937269754,-23.095267863086782,9.658333318453408e-06,9.328340249034723e-11,2.9679574798868784,-3.276081668713278e-06,-25.035849734563953,3.6604377382948907e-06,1.3398804435933416e-11,3.174749863734703,-1.0188920726630234e-06,-28.95810529305341,5.150233287943139e-07,2.6524902920237594e-13,3.0730535498672102,-4.6829914532565966e-08,-34.52176966313806,3.189282312252873e-08,1.0171521667249031e-15,3.0601017069747516,-4.2975098847553286e-10
