LBP_delta,Std_delta,Var_delta,Kur_delta,SE_delta,LBP_theta,Std_theta,Var_theta,Kur_theta,SE_theta,LBP_alpha,Std_alpha,Var_alpha,Kur_alpha,SE_alpha,LBP_beta,Std_beta,Var_beta,Kur_beta,SE_beta,LBP_gamma,Std_gamma,Var_gamma,Kur_gamma,SE_gamma
-17.92522282568778,0.00012811120452980892,1.6412480726078537e-08,3.2321595617232886,-0.00044201557952112415,-23.07085714078211,9.777408525874938e-06,9.559771748185193e-11,4.274994165608978,-3.3337488634400394e-06,-25.015139422848666,3.6985293281489163e-06,1.3679119191177673e-11,3.092620137594956,-1.0392702899161268e-06,-28.844940003214273,5.450042509972101e-07,2.9702963360503e-13,3.8064039591170307,-5.209562158531911e-08,-34.397269198853756,3.39412541083168e-08,1.1520087304453323e-15,3.641425439483292,-4.839545477437846e-10
