LBP_delta,Std_delta,Var_delta,Kur_delta,SE_delta,LBP_theta,Std_theta,Var_theta,Kur_theta,SE_theta,LBP_alpha,Std_alpha,Var_alpha,Kur_alpha,SE_alpha,LBP_beta,Std_beta,Var_beta,Kur_beta,SE_beta,LBP_gamma,Std_gamma,Var_gamma,Kur_gamma,SE_gamma
-17.94775823400434,0.00012667520302752654,1.6046607062065067e-08,2.844970229829231,-0.0004341066819648685,-23.054776124003148,9.848762590546064e-06,9.699812456493961e-11,4.793079646470699,-3.3808237244188455e-06,-24.847120206426112,4.0226759011390135e-06,1.6181921405604572e-11,17.394754328489906,-1.203958435431136e-06,-28.642122680383153,6.031725302488326e-07,3.63817101246779e-13,22.38995235957475,-6.238595422708996e-08,-34.18455607222077,3.7750087086846555e-08,1.425069075064499e-15,23.208790636129507,-5.869644108682983e-10
