LBP_delta,Std_delta,Var_delta,Kur_delta,SE_delta,LBP_theta,Std_theta,Var_theta,Kur_theta,SE_theta,LBP_alpha,Std_alpha,Var_alpha,Kur_alpha,SE_alpha,LBP_beta,Std_beta,Var_beta,Kur_beta,SE_beta,LBP_gamma,Std_gamma,Var_gamma,Kur_gamma,SE_gamma
-17.803035707356514,0.00013617689669748106,1.8544147194156427e-08,3.748848168226105,-0.0004931167383950361,-23.04778548991041,9.890925555300017e-06,9.783040834048693e-11,5.6718987824334635,-3.4039633064222167e-06,-24.954602225877874,3.812203185965736e-06,1.4532893131087307e-11,6.4646114631706,-1.0965537274190052e-06,-28.780029799204545,5.62983562543002e-07,3.1695049169361033e-13,8.159501384216282,-5.527044861571677e-08,-34.333165862412685,3.504674877911153e-08,1.2282745999861556e-15,8.40266120448013,-5.132494992090288e-10
