LBP_delta,Std_delta,Var_delta,Kur_delta,SE_delta,LBP_theta,Std_theta,Var_theta,Kur_theta,SE_theta,LBP_alpha,Std_alpha,Var_alpha,Kur_alpha,SE_alpha,LBP_beta,Std_beta,Var_beta,Kur_beta,SE_beta,LBP_gamma,Std_gamma,Var_gamma,Kur_gamma,SE_gamma
-17.68869128215553,0.0001441701003994963,2.0785017849200845e-08,3.427965657103578,-0.0005497146013147994,-22.937163297837856,1.0453102032692767e-05,1.0926734210588565e-10,4.275566538600188,-3.789789113575328e-06,-24.9090316483631,3.900070169151496e-06,1.521054732430538e-11,4.0935766608232775,-1.1480327269727549e-06,-28.7928734301558,5.593798058363442e-07,3.1290576717750614e-13,4.083425306198211,-5.476358089199584e-08,-34.35517856515073,3.466312874635276e-08,1.2015324944862269e-15,4.181382726630444,-5.038758756664086e-10
