LBP_delta,Std_delta,Var_delta,Kur_delta,SE_delta,LBP_theta,Std_theta,Var_theta,Kur_theta,SE_theta,LBP_alpha,Std_alpha,Var_alpha,Kur_alpha,SE_alpha,LBP_beta,Std_beta,Var_beta,Kur_beta,SE_beta,LBP_gamma,Std_gamma,Var_gamma,Kur_gamma,SE_gamma
-17.94614135508542,0.000126766479986833,1.6069740448252133e-08,3.002662157935811,-0.000434306845553856,-22.861743238883008,1.0852770489728836e-05,1.1778262730272908e-10,3.309811140085851,-4.080419843558924e-06,-24.289161440323408,5.317109029546086e-06,2.8271648432080524e-11,3.1444819376692137,-2.084060263782998e-06,-28.026472233436586,8.205949665223467e-07,6.733760990818112e-13,3.2470032857056945,-1.1482052027080335e-07,-33.54969621186524,5.185325462714104e-08,2.6887600154271235e-15,3.2516988644414258,-1.1021627972733889e-09
