LBP_delta,Std_delta,Var_delta,Kur_delta,SE_delta,LBP_theta,Std_theta,Var_theta,Kur_theta,SE_theta,LBP_alpha,Std_alpha,Var_alpha,Kur_alpha,SE_alpha,LBP_beta,Std_beta,Var_beta,Kur_beta,SE_beta,LBP_gamma,Std_gamma,Var_gamma,Kur_gamma,SE_gamma
-17.813523465068542,0.00013546888698775513,1.835181934170117e-08,2.753386716297605,-0.0004933481520552709,-22.89957274396702,1.065168600772952e-05,1.1345841480726084e-10,5.933538684480573,-3.900519513314605e-06,-24.485222878165402,4.8206034568056265e-06,2.3238217687766358e-11,26.629517617344305,-1.6559755049821893e-06,-28.273276339202805,7.253306804005404e-07,5.261045959303108e-13,30.81787363693553,-8.697937917996702e-08,-33.815187018481204,4.540727184515449e-08,2.0618203364197595e-15,31.865572037775664,-8.238099594277896e-10
