LBP_delta,Std_delta,Var_delta,Kur_delta,SE_delta,LBP_theta,Std_theta,Var_theta,Kur_theta,SE_theta,LBP_alpha,Std_alpha,Var_alpha,Kur_alpha,SE_alpha,LBP_beta,Std_beta,Var_beta,Kur_beta,SE_beta,LBP_gamma,Std_gamma,Var_gamma,Kur_gamma,SE_gamma
-17.803591463463242,0.00013608975905428798,1.8520422519454154e-08,4.6261655180234005,-0.0004909385529627431,-22.63067586452349,1.2183945767948308e-05,1.484485344763055e-10,45.91614914584937,-4.893584916587706e-06,-23.789633710634455,6.82568160721354e-06,4.6589929403053216e-11,48.10241062083143,-3.159092934547174e-06,-26.848301655175057,1.4789902782833016e-06,2.187412243256518e-12,253.67190475509634,-3.2187514197380347e-07,-28.715946311992514,5.813041015011425e-07,3.379144584220506e-13,9408.399083828459,-8.413955600908767e-08
