LBP_delta,Std_delta,Var_delta,Kur_delta,SE_delta,LBP_theta,Std_theta,Var_theta,Kur_theta,SE_theta,LBP_alpha,Std_alpha,Var_alpha,Kur_alpha,SE_alpha,LBP_beta,Std_beta,Var_beta,Kur_beta,SE_beta,LBP_gamma,Std_gamma,Var_gamma,Kur_gamma,SE_gamma
-17.716757347138447,0.00014218497128569093,2.0216566059512756e-08,3.0276329888178664,-0.0005392218978443844,-22.975075878750197,1.025699166168588e-05,1.0520587794789367e-10,2.8618144551303444,-3.6758331758490986e-06,-24.807058464950337,4.104078715412909e-06,1.6843462102305273e-11,2.8772588379059063,-1.2715047228694666e-06,-28.68977652263355,5.889713607705218e-07,3.468872638078801e-13,3.080152250194201,-6.066124462297849e-08,-34.246635764649284,3.659632901135181e-08,1.33929129710711e-15,3.0802962471892017,-5.61218204107955e-10
