LBP_delta,Std_delta,Var_delta,Kur_delta,SE_delta,LBP_theta,Std_theta,Var_theta,Kur_theta,SE_theta,LBP_alpha,Std_alpha,Var_alpha,Kur_alpha,SE_alpha,LBP_beta,Std_beta,Var_beta,Kur_beta,SE_beta,LBP_gamma,Std_gamma,Var_gamma,Kur_gamma,SE_gamma
-17.96612512414277,0.00012547030136682565,1.5742796525082052e-08,3.132483385305247,-0.0004249198823389274,-22.888307229560326,1.0711646988667115e-05,1.147393812098213e-10,4.150727216120115,-3.964512981434723e-06,-24.580903648261362,4.5954131979175844e-06,2.111782245959512e-11,5.189306347059198,-1.5639137600142678e-06,-28.058879503641045,8.074054383765893e-07,6.519035419200923e-13,55.07980925898284,-1.080352917830984e-07,-30.582122900565967,2.2864616920996914e-07,5.2279070694393836e-14,7397.941873267778,-1.4631991695258904e-08
