LBP_delta,Std_delta,Var_delta,Kur_delta,SE_delta,LBP_theta,Std_theta,Var_theta,Kur_theta,SE_theta,LBP_alpha,Std_alpha,Var_alpha,Kur_alpha,SE_alpha,LBP_beta,Std_beta,Var_beta,Kur_beta,SE_beta,LBP_gamma,Std_gamma,Var_gamma,Kur_gamma,SE_gamma
-17.835599603560794,0.0001339712234048336,1.7948288700587835e-08,3.1669629553782483,-0.0004814500145715287,-23.032043774174987,9.969078122847208e-06,9.938251861943082e-11,3.0437439742729913,-3.472760551355479e-06,-24.78611541148556,4.147280057057785e-06,1.719993187166922e-11,3.0827460473287926,-1.2946898518190446e-06,-28.630714687471627,6.066233444510198e-07,3.679918820329406e-13,3.3990721422522605,-6.41255394260486e-08,-34.19077147706852,3.7632953831215347e-08,1.4162392140623858e-15,3.3807001379866115,-5.918171793527812e-10
