LBP_delta,Std_delta,Var_delta,Kur_delta,SE_delta,LBP_theta,Std_theta,Var_theta,Kur_theta,SE_theta,LBP_alpha,Std_alpha,Var_alpha,Kur_alpha,SE_alpha,LBP_beta,Std_beta,Var_beta,Kur_beta,SE_beta,LBP_gamma,Std_gamma,Var_gamma,Kur_gamma,SE_gamma
-17.884343862739158,0.00013075673380287493,1.7097323434795893e-08,2.888765835221027,-0.000460805773187681,-23.005761787685557,1.0098444242104261e-05,1.0197857611088872e-10,3.0811812917726735,-3.5656329378679277e-06,-24.716722395825453,4.293702215295134e-06,1.8435878713630342e-11,3.3169541419161797,-1.3826077822742063e-06,-28.533195238831365,6.36935353700861e-07,4.056866447940409e-13,3.4807994224057577,-7.043028002102476e-08,-34.07857589468955,3.9804416960913804e-08,1.5843916095982824e-15,3.442232804457035,-6.59684091234398e-10
