LBP_delta,Std_delta,Var_delta,Kur_delta,SE_delta,LBP_theta,Std_theta,Var_theta,Kur_theta,SE_theta,LBP_alpha,Std_alpha,Var_alpha,Kur_alpha,SE_alpha,LBP_beta,Std_beta,Var_beta,Kur_beta,SE_beta,LBP_gamma,Std_gamma,Var_gamma,Kur_gamma,SE_gamma
-18.004553686466895,0.00012311766700904973,1.5157959929751253e-08,2.719902557824797,-0.00041230497964951337,-23.05848771184727,9.838013896354222e-06,9.678651742485878e-11,2.7979167835892995,-3.395509418207399e-06,-24.840418322194342,4.036190864163509e-06,1.6290836691956975e-11,3.0826293160883793,-1.2294264833786558e-06,-28.696112154112544,5.871085687085125e-07,3.446964714509581e-13,3.084184947840348,-6.027142588637152e-08,-34.258087377579514,3.6387384976536883e-08,1.324041785430702e-15,3.092164160933219,-5.547645555958552e-10
