LBP_delta,Std_delta,Var_delta,Kur_delta,SE_delta,LBP_theta,Std_theta,Var_theta,Kur_theta,SE_theta,LBP_alpha,Std_alpha,Var_alpha,Kur_alpha,SE_alpha,LBP_beta,Std_beta,Var_beta,Kur_beta,SE_beta,LBP_gamma,Std_gamma,Var_gamma,Kur_gamma,SE_gamma
-17.56672252254792,0.00015325294798475048,2.3486466066016635e-08,3.0307883462748864,-0.0006205992066008556,-23.03960559440852,9.93096015034924e-06,9.86239695078246e-11,3.3242876015323755,-3.4415363832245615e-06,-24.83247664272396,4.0522493017957e-06,1.642072440390374e-11,3.5524393475689346,-1.2351273531325372e-06,-28.581747895708055,6.216590906726279e-07,3.864600250159186e-13,3.684907297676037,-6.710181300116991e-08,-34.11826599396469,3.90222816711261e-08,1.5227384668207038e-15,3.7364830968892058,-6.339426814460905e-10
