LBP_delta,Std_delta,Var_delta,Kur_delta,SE_delta,LBP_theta,Std_theta,Var_theta,Kur_theta,SE_theta,LBP_alpha,Std_alpha,Var_alpha,Kur_alpha,SE_alpha,LBP_beta,Std_beta,Var_beta,Kur_beta,SE_beta,LBP_gamma,Std_gamma,Var_gamma,Kur_gamma,SE_gamma
-18.178246424376397,0.00011288239840268258,1.2742435869141955e-08,2.7560346392352173,-0.00034963128188970503,-22.534410355435995,1.2785059003966225e-05,1.6345773373489786e-10,2.9164857761095733,-5.597923478695057e-06,-23.754459656214046,6.946796863888515e-06,4.825798666813131e-11,2.970333583250189,-3.480363734702142e-06,-27.449177010045474,1.0951835134751498e-06,1.1994269281877739e-12,3.0520094160970683,-2.004596581728687e-07,-32.971709858883266,6.922838092211512e-08,4.792568725097473e-15,3.0515124593646337,-1.9317404342218883e-09
