LBP_delta,Std_delta,Var_delta,Kur_delta,SE_delta,LBP_theta,Std_theta,Var_theta,Kur_theta,SE_theta,LBP_alpha,Std_alpha,Var_alpha,Kur_alpha,SE_alpha,LBP_beta,Std_beta,Var_beta,Kur_beta,SE_beta,LBP_gamma,Std_gamma,Var_gamma,Kur_gamma,SE_gamma
-17.8082989493421,0.00013582387184341265,1.8448124162535783e-08,2.914039399970526,-0.0004953047066355019,-23.058243690290706,9.839338707344846e-06,9.681258619785453e-11,3.1508743231798197,-3.39047295197417e-06,-24.952684649983183,3.815868187373183e-06,1.4560850023406706e-11,3.236474123654357,-1.102678871701717e-06,-28.789732221859186,5.602592676695919e-07,3.138904470096674e-13,3.4909603793728525,-5.4956227648692575e-08,-34.33263872027064,3.505598917867342e-08,1.228922377295268e-15,3.596005348040693,-5.150263670783966e-10
