LBP_delta,Std_delta,Var_delta,Kur_delta,SE_delta,LBP_theta,Std_theta,Var_theta,Kur_theta,SE_theta,LBP_alpha,Std_alpha,Var_alpha,Kur_alpha,SE_alpha,LBP_beta,Std_beta,Var_beta,Kur_beta,SE_beta,LBP_gamma,Std_gamma,Var_gamma,Kur_gamma,SE_gamma
-18.113180786003117,0.0001166180282198142,1.359976450587738e-08,3.495984851611852,-0.00036903552656647297,-22.619453847364774,1.225274660310149e-05,1.501297993198151e-10,3.2634208378975127,-5.146228240551306e-06,-23.905212493817174,6.442420357801906e-06,4.1504780066620434e-11,3.213189683740471,-3.0047116181277205e-06,-27.528471842709237,1.0526118284233928e-06,1.1079916613368382e-12,3.021906101705205,-1.8561157075064881e-07,-33.03820143047734,6.696466697507976e-08,4.484266623083338e-15,3.0961187646842343,-1.8100739349197924e-09
