LBP_delta,Std_delta,Var_delta,Kur_delta,SE_delta,LBP_theta,Std_theta,Var_theta,Kur_theta,SE_theta,LBP_alpha,Std_alpha,Var_alpha,Kur_alpha,SE_alpha,LBP_beta,Std_beta,Var_beta,Kur_beta,SE_beta,LBP_gamma,Std_gamma,Var_gamma,Kur_gamma,SE_gamma
-17.74754998753559,0.00013999892503381732,1.9599699010624404e-08,2.6864466900282387,-0.0005257107424554036,-23.053998921732845,9.859795280852962e-06,9.721556298033034e-11,3.012797234963078,-3.403627876460282e-06,-24.91422497685961,3.8899568654995095e-06,1.5131764415446772e-11,3.1225037924447934,-1.1459777614176343e-06,-28.87271683970044,5.37488526633041e-07,2.888939162621572e-13,3.164200717567936,-5.082594581790299e-08,-34.435653389512694,3.3296062253562386e-08,1.1086277615931017e-15,3.1490309585485377,-4.669395255249889e-10
