LBP_delta,Std_delta,Var_delta,Kur_delta,SE_delta,LBP_theta,Std_theta,Var_theta,Kur_theta,SE_theta,LBP_alpha,Std_alpha,Var_alpha,Kur_alpha,SE_alpha,LBP_beta,Std_beta,Var_beta,Kur_beta,SE_beta,LBP_gamma,Std_gamma,Var_gamma,Kur_gamma,SE_gamma
-17.940568830611337,0.00012713103900225685,1.616230107779335e-08,3.2070854685256496,-0.0004354884527127851,-22.666027265083006,1.197057321186618e-05,1.4329462302064823e-10,5.204926850581968,-4.899270620486578e-06,-24.44085028762134,4.928748035213703e-06,2.4292557194622935e-11,3.034039894712492,-1.802094557766831e-06,-28.194758582435096,7.543726940389049e-07,5.690781615115152e-13,4.807825706392565,-9.752373265033664e-08,-33.73948869954725,4.715883914196789e-08,2.2239561092180024e-15,4.03212217450225,-9.16606594344355e-10
