LBP_delta,Std_delta,Var_delta,Kur_delta,SE_delta,LBP_theta,Std_theta,Var_theta,Kur_theta,SE_theta,LBP_alpha,Std_alpha,Var_alpha,Kur_alpha,SE_alpha,LBP_beta,Std_beta,Var_beta,Kur_beta,SE_beta,LBP_gamma,Std_gamma,Var_gamma,Kur_gamma,SE_gamma
-17.88640860401913,0.00013062094375873953,1.7061830948423793e-08,3.499245111583907,-0.0004564899239169088,-23.05186537750422,9.870667771751718e-06,9.743008226029804e-11,3.321536615039759,-3.4042086235976343e-06,-25.005288893008924,3.716811080779342e-06,1.38146846102041e-11,2.885046937142193,-1.0502590809739677e-06,-28.927388660505493,5.229947923155566e-07,2.7352355278919215e-13,3.1524130200631286,-4.818119963941037e-08,-34.49039176534885,3.2397133745558e-08,1.0495742749275727e-15,3.1355522264503004,-4.4260619947728215e-10
