LBP_delta,Std_delta,Var_delta,Kur_delta,SE_delta,LBP_theta,Std_theta,Var_theta,Kur_theta,SE_theta,LBP_alpha,Std_alpha,Var_alpha,Kur_alpha,SE_alpha,LBP_beta,Std_beta,Var_beta,Kur_beta,SE_beta,LBP_gamma,Std_gamma,Var_gamma,Kur_gamma,SE_gamma
-17.868787474880882,0.0001317384883447118,1.7355029311349765e-08,3.5584698233604453,-0.0004634944883441802,-22.21671133868977,1.4985890930751435e-05,2.245769269883781e-10,27.889143316894767,-7.234557448701978e-06,-23.372927321451336,8.40684941485242e-06,7.067511708400448e-11,36.4029062587185,-4.702801699485674e-06,-27.02787022295761,1.3519870856353073e-06,1.8278690797246515e-12,46.74298965441789,-2.832716481339736e-07,-32.5271887815663,8.645909794790346e-08,7.475175617965164e-15,45.901068202813114,-2.829645074998584e-09
