LBP_delta,Std_delta,Var_delta,Kur_delta,SE_delta,LBP_theta,Std_theta,Var_theta,Kur_theta,SE_theta,LBP_alpha,Std_alpha,Var_alpha,Kur_alpha,SE_alpha,LBP_beta,Std_beta,Var_beta,Kur_beta,SE_beta,LBP_gamma,Std_gamma,Var_gamma,Kur_gamma,SE_gamma
-17.91071784000019,0.0001290387508775958,1.665099922805023e-08,3.054913837340975,-0.00044951408577571697,-22.490169978073784,1.307024520194413e-05,1.7083130963894359e-10,3.227987064747448,-5.820926258803279e-06,-24.19153793311656,5.583083684917458e-06,3.1170823432791505e-11,3.4961667242347167,-2.283495061644755e-06,-27.92380166213678,8.638204371919457e-07,7.461857477104843e-13,3.864148396213219,-1.2640992827568316e-07,-33.46043945327147,5.421979737615598e-08,2.9397864275114107e-15,4.0153923922594466,-1.1984869373865076e-09
