LBP_delta,Std_delta,Var_delta,Kur_delta,SE_delta,LBP_theta,Std_theta,Var_theta,Kur_theta,SE_theta,LBP_alpha,Std_alpha,Var_alpha,Kur_alpha,SE_alpha,LBP_beta,Std_beta,Var_beta,Kur_beta,SE_beta,LBP_gamma,Std_gamma,Var_gamma,Kur_gamma,SE_gamma
-17.954914322086793,0.00012622245576361757,1.5932108338998393e-08,2.770412569645266,-0.00043135308591732386,-22.44112700858029,1.3387027667273147e-05,1.792125097643367e-10,6.867225747064704,-6.034281171425976e-06,-23.772582943401893,6.884132208815431e-06,4.739127626845002e-11,24.821791521001465,-3.3088884145030354e-06,-27.370975307153522,1.1388542728166903e-06,1.2969890547128324e-12,53.917828631588954,-2.0666609828453982e-07,-32.89406998711935,7.196866618505851e-08,5.1794889124563845e-15,54.79768427367279,-2.006292351022016e-09
