LBP_delta,Std_delta,Var_delta,Kur_delta,SE_delta,LBP_theta,Std_theta,Var_theta,Kur_theta,SE_theta,LBP_alpha,Std_alpha,Var_alpha,Kur_alpha,SE_alpha,LBP_beta,Std_beta,Var_beta,Kur_beta,SE_beta,LBP_gamma,Std_gamma,Var_gamma,Kur_gamma,SE_gamma
-17.80213332202415,0.0001362430454019368,1.856216742039421e-08,2.5447769335868875,-0.0005001737965395911,-22.548668311343334,1.2694341331266344e-05,1.6114630183469698e-10,4.40547761629056,-5.483240538130616e-06,-23.989576281580646,6.176317306035642e-06,3.814689546483536e-11,8.432147473196467,-2.7329512442522063e-06,-27.745674338594554,9.442855034183047e-07,8.916751119659611e-13,10.560520345435966,-1.4798289778796855e-07,-33.275824437175665,5.9462959568301607e-08,3.5358435606214714e-15,10.986932032666386,-1.416581150469801e-09
