LBP_delta,Std_delta,Var_delta,Kur_delta,SE_delta,LBP_theta,Std_theta,Var_theta,Kur_theta,SE_theta,LBP_alpha,Std_alpha,Var_alpha,Kur_alpha,SE_alpha,LBP_beta,Std_beta,Var_beta,Kur_beta,SE_beta,LBP_gamma,Std_gamma,Var_gamma,Kur_gamma,SE_gamma
-17.915655948632395,0.0001287176042612992,1.6568221646768432e-08,3.5799661563631333,-0.0004432584985527838,-22.544654035061196,1.2719766042210535e-05,1.6179244816857226e-10,3.016559196693906,-5.536779037666512e-06,-23.993264228400406,6.1649402401485335e-06,3.800648816460266e-11,3.305057288341536,-2.7626195334998287e-06,-27.746714518447966,9.437945777088984e-07,8.907482049127177e-13,3.190301249068078,-1.5037656229970918e-07,-33.27893929600333,5.93704037508065e-08,3.524844841533778e-15,3.1853594969202312,-1.4330480944407275e-09
