LBP_delta,Std_delta,Var_delta,Kur_delta,SE_delta,LBP_theta,Std_theta,Var_theta,Kur_theta,SE_theta,LBP_alpha,Std_alpha,Var_alpha,Kur_alpha,SE_alpha,LBP_beta,Std_beta,Var_beta,Kur_beta,SE_beta,LBP_gamma,Std_gamma,Var_gamma,Kur_gamma,SE_gamma
-17.777463894436494,0.00013793411052090638,1.902581884519361e-08,2.9214986349161154,-0.0005092743730349345,-22.73636987822983,1.1556600543944125e-05,1.3355501613228965e-10,3.156331154728463,-4.606214088870597e-06,-24.488152358147012,4.813544790828406e-06,2.317021345331128e-11,3.405914842043255,-1.719053475477588e-06,-28.326923321973446,7.061331966673114e-07,4.986240914355959e-13,3.4161587194224015,-8.58944736796895e-08,-33.88685245161987,4.3809013198805256e-08,1.9192296374530934e-15,3.2143539025598096,-7.946816027679789e-10
