LBP_delta,Std_delta,Var_delta,Kur_delta,SE_delta,LBP_theta,Std_theta,Var_theta,Kur_theta,SE_theta,LBP_alpha,Std_alpha,Var_alpha,Kur_alpha,SE_alpha,LBP_beta,Std_beta,Var_beta,Kur_beta,SE_beta,LBP_gamma,Std_gamma,Var_gamma,Kur_gamma,SE_gamma
-18.02344411142566,0.00012184677417462217,1.484663637676137e-08,3.605135421071208,-0.00040026059689975753,-22.8416601231191,1.0963449897384937e-05,1.2019723365246979e-10,4.306640572861938,-4.151017673923195e-06,-24.374738941909023,5.094394871029046e-06,2.5952859101967052e-11,7.001648373140181,-1.9048467075866945e-06,-28.052948150313778,8.098035969322326e-07,6.557818656043818e-13,8.586603003897208,-1.1048965409508083e-07,-33.56418295535443,5.147902037943603e-08,2.6500895392263907e-15,9.282492922226561,-1.0734263414289116e-09
