LBP_delta,Std_delta,Var_delta,Kur_delta,SE_delta,LBP_theta,Std_theta,Var_theta,Kur_theta,SE_theta,LBP_alpha,Std_alpha,Var_alpha,Kur_alpha,SE_alpha,LBP_beta,Std_beta,Var_beta,Kur_beta,SE_beta,LBP_gamma,Std_gamma,Var_gamma,Kur_gamma,SE_gamma
-17.893868822097815,0.00013009554102084623,1.692484979350668e-08,3.537317378428178,-0.0004533605026923904,-22.956667860908667,1.0348687881723786e-05,1.0709534087333674e-10,2.9884094429778014,-3.7367728691835115e-06,-24.648622236139147,4.442419923231757e-06,1.9735094774326453e-11,3.0243817335295344,-1.4771994059767021e-06,-28.56185379241444,6.278736361036183e-07,3.942253029139789e-13,3.0235945112546427,-6.862482033063357e-08,-34.13113425417949,3.87720138679285e-08,1.5032690593748398e-15,3.029270761853909,-6.276434918919487e-10
