LBP_delta,Std_delta,Var_delta,Kur_delta,SE_delta,LBP_theta,Std_theta,Var_theta,Kur_theta,SE_theta,LBP_alpha,Std_alpha,Var_alpha,Kur_alpha,SE_alpha,LBP_beta,Std_beta,Var_beta,Kur_beta,SE_beta,LBP_gamma,Std_gamma,Var_gamma,Kur_gamma,SE_gamma
-18.004187548256724,0.00012315148905117065,1.516628925552061e-08,3.4859077154365132,-0.0004084129838220287,-22.80192123853153,1.1184717678500604e-05,1.2509790954776393e-10,3.032795273996056,-4.3297431529790135e-06,-24.333229684140644,5.201232300891461e-06,2.7052817447836676e-11,6.064665755626079,-1.9865462829420805e-06,-28.241357081934563,7.369995550865933e-07,5.431683441978365e-13,5.196127045146849,-9.299604218325602e-08,-33.797640389625684,4.5807396620790045e-08,2.0983175851743672e-15,5.227686345792261,-8.635222747921018e-10
