LBP_delta,Std_delta,Var_delta,Kur_delta,SE_delta,LBP_theta,Std_theta,Var_theta,Kur_theta,SE_theta,LBP_alpha,Std_alpha,Var_alpha,Kur_alpha,SE_alpha,LBP_beta,Std_beta,Var_beta,Kur_beta,SE_beta,LBP_gamma,Std_gamma,Var_gamma,Kur_gamma,SE_gamma
-18.019228679793457,0.0001222038464039536,1.4933780075921088e-08,3.3771319037269505,-0.00040401370617699047,-22.838908491927107,1.0977876347966666e-05,1.2051376911124592e-10,3.024177004676644,-4.1806620269165555e-06,-24.33815591052489,5.188436817233362e-06,2.6919876606422656e-11,2.9698216658766463,-1.9903419680132095e-06,-28.216210784817378,7.463243758765363e-07,5.570000740275015e-13,3.0979388712598204,-9.57253770216293e-08,-33.77764081657138,4.626776137673661e-08,2.14070574281464e-15,3.095611384893084,-8.843145918629551e-10
