LBP_delta,Std_delta,Var_delta,Kur_delta,SE_delta,LBP_theta,Std_theta,Var_theta,Kur_theta,SE_theta,LBP_alpha,Std_alpha,Var_alpha,Kur_alpha,SE_alpha,LBP_beta,Std_beta,Var_beta,Kur_beta,SE_beta,LBP_gamma,Std_gamma,Var_gamma,Kur_gamma,SE_gamma
-17.872699175257807,0.0001315198461711263,1.7297469936876723e-08,3.4684026526238965,-0.0004619247306638569,-22.54822322942454,1.2696476375541973e-05,1.6120051235469544e-10,23.644376147285527,-5.350924891648903e-06,-24.062002484550725,5.95665635051276e-06,3.548175487810399e-11,37.558402056949504,-2.5017503578580805e-06,-27.876204876085552,8.846245719028447e-07,7.825606332142913e-13,15.140501884095299,-1.3002612354798863e-07,-33.40063465509233,5.586558320716094e-08,3.1209633870762223e-15,13.892823060370274,-1.2510643933302518e-09
