LBP_delta,Std_delta,Var_delta,Kur_delta,SE_delta,LBP_theta,Std_theta,Var_theta,Kur_theta,SE_theta,LBP_alpha,Std_alpha,Var_alpha,Kur_alpha,SE_alpha,LBP_beta,Std_beta,Var_beta,Kur_beta,SE_beta,LBP_gamma,Std_gamma,Var_gamma,Kur_gamma,SE_gamma
-17.896572663980663,0.00012993707901187893,1.6883644502139266e-08,3.523964000917392,-0.0004526655570644598,-22.71459987957382,1.1683877966036479e-05,1.3651300432523274e-10,12.62373173270405,-4.645098065197066e-06,-24.099693665220318,5.845450658533536e-06,3.416929340135015e-11,21.143412827082507,-2.4363499920522212e-06,-27.64988706766613,9.906113327146058e-07,9.813108125026074e-13,33.878849029814305,-1.5819696172704476e-07,-33.1363201735696,6.375870374607536e-08,4.0651723033798045e-15,38.490088422276784,-1.5821070525259642e-09
