LBP_delta,Std_delta,Var_delta,Kur_delta,SE_delta,LBP_theta,Std_theta,Var_theta,Kur_theta,SE_theta,LBP_alpha,Std_alpha,Var_alpha,Kur_alpha,SE_alpha,LBP_beta,Std_beta,Var_beta,Kur_beta,SE_beta,LBP_gamma,Std_gamma,Var_gamma,Kur_gamma,SE_gamma
-17.827022176268862,0.0001345279784446792,1.8097776984412072e-08,2.652917372226356,-0.00048774038104599523,-22.841452537680453,1.0965334186712207e-05,1.2023855382627948e-10,3.260880225459473,-4.163504805747587e-06,-24.66876734061106,4.397896565122817e-06,1.9341494197519073e-11,2.9315540994519966,-1.450041507054997e-06,-28.63672875475435,6.048021341014456e-07,3.6578562141366293e-13,2.964551495793986,-6.386855385102315e-08,-34.22840700049654,3.693140707529231e-08,1.363928828560951e-15,2.9075963835318257,-5.71602638659501e-10
