LBP_delta,Std_delta,Var_delta,Kur_delta,SE_delta,LBP_theta,Std_theta,Var_theta,Kur_theta,SE_theta,LBP_alpha,Std_alpha,Var_alpha,Kur_alpha,SE_alpha,LBP_beta,Std_beta,Var_beta,Kur_beta,SE_beta,LBP_gamma,Std_gamma,Var_gamma,Kur_gamma,SE_gamma
-17.89129199470455,0.00013030161559743458,1.6978511027301605e-08,2.867607742481752,-0.00045844858903886697,-22.899227078275498,1.0653036944374392e-05,1.1348719613820567e-10,2.9620411777668942,-3.948664039179514e-06,-24.6344515341962,4.474005520067589e-06,2.001672539359526e-11,2.9783665617794672,-1.4983270117751478e-06,-28.611466950038672,6.124897184743525e-07,3.7514365523679154e-13,3.5140601834302045,-6.53756574464553e-08,-34.20384921712017,3.738767917505724e-08,1.3978385540970092e-15,3.0856072560435854,-5.85090571599351e-10
