LBP_delta,Std_delta,Var_delta,Kur_delta,SE_delta,LBP_theta,Std_theta,Var_theta,Kur_theta,SE_theta,LBP_alpha,Std_alpha,Var_alpha,Kur_alpha,SE_alpha,LBP_beta,Std_beta,Var_beta,Kur_beta,SE_beta,LBP_gamma,Std_gamma,Var_gamma,Kur_gamma,SE_gamma
-17.841240331587898,0.0001335963733730147,1.7847990978421954e-08,2.7399062076019565,-0.0004799905356004903,-22.803739320580632,1.1173900537444956e-05,1.2485605322071269e-10,2.9774740571084224,-4.3230471218751384e-06,-24.55726658923205,4.650046647988762e-06,2.162293382847152e-11,2.828463773682084,-1.6158178059977751e-06,-28.49275641054319,6.499448981173146e-07,4.2242837058872644e-13,2.9687955534695516,-7.338296440754207e-08,-34.06444423662194,4.00866643291886e-08,1.6069406570410416e-15,3.020117218495291,-6.697650611128015e-10
