LBP_delta,Std_delta,Var_delta,Kur_delta,SE_delta,LBP_theta,Std_theta,Var_theta,Kur_theta,SE_theta,LBP_alpha,Std_alpha,Var_alpha,Kur_alpha,SE_alpha,LBP_beta,Std_beta,Var_beta,Kur_beta,SE_beta,LBP_gamma,Std_gamma,Var_gamma,Kur_gamma,SE_gamma
-17.875817450384723,0.00013128327664626893,1.7235298726980778e-08,3.544422826472374,-0.00046152770811490774,-22.84472730161914,1.0947443460006901e-05,1.1984651831004787e-10,4.466950474571996,-4.14425825227401e-06,-24.57586388298945,4.607007388796596e-06,2.1224517080426424e-11,4.87149982946986,-1.5792963913735237e-06,-28.49492288148,6.492411578254566e-07,4.2151408101453935e-13,4.617816327278962,-7.292642563425838e-08,-34.07567789622881,3.986213518875212e-08,1.5889898218063497e-15,4.515355771481583,-6.604698389019739e-10
