LBP_delta,Std_delta,Var_delta,Kur_delta,SE_delta,LBP_theta,Std_theta,Var_theta,Kur_theta,SE_theta,LBP_alpha,Std_alpha,Var_alpha,Kur_alpha,SE_alpha,LBP_beta,Std_beta,Var_beta,Kur_beta,SE_beta,LBP_gamma,Std_gamma,Var_gamma,Kur_gamma,SE_gamma
-17.860373364053213,0.0001322397401273807,1.748734886895718e-08,3.492959552884205,-0.0004680217796076674,-22.910236537299923,1.0592424117110592e-05,1.1219944867674611e-10,3.040395161072846,-3.9043548750605715e-06,-24.650649114870728,4.437920852703879e-06,1.969514149486392e-11,2.8343456549980113,-1.4764497328597282e-06,-28.597442279147607,6.167998997400126e-07,3.804421163192896e-13,2.920286918827752,-6.634761958119363e-08,-34.17578579400577,3.7915990537318914e-08,1.4376223384260575e-15,2.8969977720422233,-6.014706330410501e-10
