LBP_delta,Std_delta,Var_delta,Kur_delta,SE_delta,LBP_theta,Std_theta,Var_theta,Kur_theta,SE_theta,LBP_alpha,Std_alpha,Var_alpha,Kur_alpha,SE_alpha,LBP_beta,Std_beta,Var_beta,Kur_beta,SE_beta,LBP_gamma,Std_gamma,Var_gamma,Kur_gamma,SE_gamma
-17.683122295125354,0.0001445968262744607,2.0908242168646568e-08,3.4433729650592744,-0.0005528024912595489,-23.065106122330807,9.805575691548613e-06,9.614931464268906e-11,3.066711892345895,-3.3664265842618864e-06,-24.622460998702543,4.500909627268964e-06,2.0258187472842446e-11,3.0078601892651657,-1.515476189068836e-06,-28.374360395403208,6.895818825943293e-07,4.755231728023394e-13,3.15990701679026,-8.218390562699146e-08,-33.908946464091045,4.332771946498702e-08,1.8772912740366146e-15,3.0840979848995063,-7.785638414025905e-10
