LBP_delta,Std_delta,Var_delta,Kur_delta,SE_delta,LBP_theta,Std_theta,Var_theta,Kur_theta,SE_theta,LBP_alpha,Std_alpha,Var_alpha,Kur_alpha,SE_alpha,LBP_beta,Std_beta,Var_beta,Kur_beta,SE_beta,LBP_gamma,Std_gamma,Var_gamma,Kur_gamma,SE_gamma
-17.943817303406732,0.00012692149964588462,1.610906707236029e-08,2.8882003684020887,-0.00043596998271966067,-22.969746684538848,1.0284410720330124e-05,1.0576910386444118e-10,3.3996869347901733,-3.683742825745748e-06,-24.6970586450234,4.336124829788765e-06,1.8801978539510644e-11,5.633002529085189,-1.4017012354257276e-06,-28.453873606249033,6.627043067651285e-07,4.3917699820504966e-13,7.578013389891454,-7.550564072469523e-08,-33.99628937838412,4.1476256396755615e-08,1.720279844689411e-15,7.671572127957908,-7.104427361992576e-10
