LBP_delta,Std_delta,Var_delta,Kur_delta,SE_delta,LBP_theta,Std_theta,Var_theta,Kur_theta,SE_theta,LBP_alpha,Std_alpha,Var_alpha,Kur_alpha,SE_alpha,LBP_beta,Std_beta,Var_beta,Kur_beta,SE_beta,LBP_gamma,Std_gamma,Var_gamma,Kur_gamma,SE_gamma
-17.999081348291245,0.000123466490772183,1.524397434359755e-08,2.962775623963838,-0.0004132310688648122,-23.061785980037335,9.821883127296101e-06,9.646938816626383e-11,3.2187132964362912,-3.3747464533462594e-06,-24.73212785415617,4.260752341645683e-06,1.815401051683917e-11,2.9827949347901734,-1.3645108335923389e-06,-28.56680029972782,6.263226573881585e-07,3.9228007115776455e-13,2.957455089497965,-6.832236903542753e-08,-34.11398359913469,3.910592667220538e-08,1.5292735008919045e-15,2.9868580661322275,-6.38435482461612e-10
