LBP_delta,Std_delta,Var_delta,Kur_delta,SE_delta,LBP_theta,Std_theta,Var_theta,Kur_theta,SE_theta,LBP_alpha,Std_alpha,Var_alpha,Kur_alpha,SE_alpha,LBP_beta,Std_beta,Var_beta,Kur_beta,SE_beta,LBP_gamma,Std_gamma,Var_gamma,Kur_gamma,SE_gamma
-17.82817466039173,0.0001344810385081468,1.808514971822966e-08,3.0436098357582804,-0.00048439578672209734,-23.026025687191368,9.9985723098124e-06,9.997144823454726e-11,3.426540975155514,-3.4872135567054775e-06,-24.858540465445934,3.999783832142232e-06,1.59982707038664e-11,3.4465377472302667,-1.206098712884462e-06,-28.689716723673936,5.88988931362447e-07,3.4690796126747723e-13,3.310469674917545,-6.05681919668991e-08,-34.2332833245816,3.684147224731469e-08,1.3572940773496586e-15,3.3009919825675036,-5.677817719035255e-10
