LBP_delta,Std_delta,Var_delta,Kur_delta,SE_delta,LBP_theta,Std_theta,Var_theta,Kur_theta,SE_theta,LBP_alpha,Std_alpha,Var_alpha,Kur_alpha,SE_alpha,LBP_beta,Std_beta,Var_beta,Kur_beta,SE_beta,LBP_gamma,Std_gamma,Var_gamma,Kur_gamma,SE_gamma
-17.95607289036813,0.00012614986507664808,1.5913788458856513e-08,2.8278930777358244,-0.0004310060444963863,-23.02118441977381,1.0023202376479682e-05,1.0046458587986794e-10,2.998194227310736,-3.5125462478009416e-06,-24.84233782136935,4.032319010381216e-06,1.6259596601481752e-11,3.2645767973345063,-1.2260044265316038e-06,-28.73658795999397,5.753461274148637e-07,3.3102316633128057e-13,2.9583641255781266,-5.80085263203736e-08,-34.27893654704542,3.601003154395048e-08,1.2967223717963087e-15,2.9181757973491376,-5.442488620157527e-10
