LBP_delta,Std_delta,Var_delta,Kur_delta,SE_delta,LBP_theta,Std_theta,Var_theta,Kur_theta,SE_theta,LBP_alpha,Std_alpha,Var_alpha,Kur_alpha,SE_alpha,LBP_beta,Std_beta,Var_beta,Kur_beta,SE_beta,LBP_gamma,Std_gamma,Var_gamma,Kur_gamma,SE_gamma
-17.83014618384064,0.000134348286275993,1.804946202529617e-08,2.7456029982208663,-0.0004858851096328149,-23.011787676200925,1.0070302839290034e-05,1.0141099927501292e-10,3.154822763278213,-3.5436523827048177e-06,-24.84147421765102,4.034060241757826e-06,1.627364203413121e-11,6.2914489419164425,-1.2186132781450952e-06,-28.646899631273246,6.017343194101491e-07,3.620841911559953e-13,7.752035656695421,-6.259622204124893e-08,-34.18993609494228,3.7648676063043654e-08,1.4174228092999963e-15,8.116401174790282,-5.875410938398203e-10
