LBP_delta,Std_delta,Var_delta,Kur_delta,SE_delta,LBP_theta,Std_theta,Var_theta,Kur_theta,SE_theta,LBP_alpha,Std_alpha,Var_alpha,Kur_alpha,SE_alpha,LBP_beta,Std_beta,Var_beta,Kur_beta,SE_beta,LBP_gamma,Std_gamma,Var_gamma,Kur_gamma,SE_gamma
-17.820300522234778,0.00013501062476815694,1.8227868800288068e-08,2.644383170607317,-0.0004898618495626611,-22.930440758805798,1.0488013983271167e-05,1.0999843731329152e-10,3.2517489797553227,-3.828572131639333e-06,-24.58106430736544,4.595043650563819e-06,2.1114426150586868e-11,2.94435634382532,-1.576436816742836e-06,-28.43174537993585,6.700769828281853e-07,4.490031629161241e-13,3.1501129691534615,-7.774908174554513e-08,-33.983776815831135,4.173655752702755e-08,1.7419402342068804e-15,3.2420285387939627,-7.237553945207302e-10
