LBP_delta,Std_delta,Var_delta,Kur_delta,SE_delta,LBP_theta,Std_theta,Var_theta,Kur_theta,SE_theta,LBP_alpha,Std_alpha,Var_alpha,Kur_alpha,SE_alpha,LBP_beta,Std_beta,Var_beta,Kur_beta,SE_beta,LBP_gamma,Std_gamma,Var_gamma,Kur_gamma,SE_gamma
-17.713345161387814,0.0001424226114443713,2.0284200250634365e-08,3.1585788839266766,-0.0005397105664305777,-22.985581721332462,1.0203334421592298e-05,1.0410803331885025e-10,3.0453916855146796,-3.63428651273826e-06,-24.752266432231373,4.218068564895158e-06,1.7792102418156698e-11,3.0414775923605966,-1.3376660292074803e-06,-28.52213150414952,6.404685655152983e-07,4.1019998341322386e-13,3.1236099738552805,-7.125750900099045e-08,-34.06170188041627,4.0141667938407724e-08,1.6113535048773907e-15,3.125102138594532,-6.710259974136808e-10
