LBP_delta,Std_delta,Var_delta,Kur_delta,SE_delta,LBP_theta,Std_theta,Var_theta,Kur_theta,SE_theta,LBP_alpha,Std_alpha,Var_alpha,Kur_alpha,SE_alpha,LBP_beta,Std_beta,Var_beta,Kur_beta,SE_beta,LBP_gamma,Std_gamma,Var_gamma,Kur_gamma,SE_gamma
-17.823679376319863,0.00013477124530967625,1.8163288562320932e-08,3.0552785941797875,-0.0004874474548666003,-22.243429761603146,1.478487399777394e-05,2.18592499130052e-10,2.971553386374054,-7.381749598922667e-06,-23.713263990725572,7.0913697558953274e-06,5.0287525014826955e-11,3.0484356690950567,-3.618260671462413e-06,-27.439427918687297,1.1005351809542707e-06,1.2111776845180492e-12,2.9199601089647604,-2.0250888930203355e-07,-32.9635833567821,6.951024546196078e-08,4.8316742241820395e-15,2.887871711863241,-1.9489298404009257e-09
