LBP_delta,Std_delta,Var_delta,Kur_delta,SE_delta,LBP_theta,Std_theta,Var_theta,Kur_theta,SE_theta,LBP_alpha,Std_alpha,Var_alpha,Kur_alpha,SE_alpha,LBP_beta,Std_beta,Var_beta,Kur_beta,SE_beta,LBP_gamma,Std_gamma,Var_gamma,Kur_gamma,SE_gamma
-17.689676395500054,0.00014409571765370096,2.0763575846135106e-08,3.012734600695273,-0.000552816796938874,-23.07516133016629,9.753942355166522e-06,9.513939146791144e-11,3.293345871702466,-3.3304905407921123e-06,-24.7559842707911,4.210230228872231e-06,1.7726038580109522e-11,3.1121365949191775,-1.3329221622849498e-06,-28.57169975444922,6.247900022274092e-07,3.903625468833259e-13,3.528031774878157,-6.79246320930367e-08,-34.129558146203635,3.8802580279295534e-08,1.5056402363311745e-15,3.0981227347866103,-6.28735961942763e-10
