LBP_delta,Std_delta,Var_delta,Kur_delta,SE_delta,LBP_theta,Std_theta,Var_theta,Kur_theta,SE_theta,LBP_alpha,Std_alpha,Var_alpha,Kur_alpha,SE_alpha,LBP_beta,Std_beta,Var_beta,Kur_beta,SE_beta,LBP_gamma,Std_gamma,Var_gamma,Kur_gamma,SE_gamma
-18.134615163001147,0.00011537565854265803,1.3311542584152017e-08,3.774584816452775,-0.0003590950347582197,-22.984484782834,1.0208785299438785e-05,1.0421929729003744e-10,4.153073720763385,-3.6108562794469593e-06,-24.510365388608612,4.760378787386444e-06,2.266120619939883e-11,4.352944081974459,-1.6732748568928816e-06,-28.147774403111335,7.723039055145698e-07,5.964533224730576e-13,8.163264434927143,-1.0080146496295913e-07,-33.636512536452905,4.965052348285367e-08,2.4651744821214037e-15,11.102299243066913,-9.991525720916377e-10
