LBP_delta,Std_delta,Var_delta,Kur_delta,SE_delta,LBP_theta,Std_theta,Var_theta,Kur_theta,SE_theta,LBP_alpha,Std_alpha,Var_alpha,Kur_alpha,SE_alpha,LBP_beta,Std_beta,Var_beta,Kur_beta,SE_beta,LBP_gamma,Std_gamma,Var_gamma,Kur_gamma,SE_gamma
-17.886693474692937,0.0001305708168594211,1.7048738215336486e-08,2.789959752031048,-0.00045990074505090786,-22.75311666124166,1.1459842323309138e-05,1.313279860751074e-10,2.924363527880752,-4.540717920813933e-06,-24.46468088847748,4.8703708134052365e-06,2.3720511860069586e-11,3.07229918106789,-1.762708199194577e-06,-28.281003959675207,7.225334727788858e-07,5.220546192859169e-13,3.0944865868197478,-8.992666033130448e-08,-33.82987698877206,4.507498023475607e-08,2.031753843163651e-15,3.1079117788390747,-8.405103945193975e-10
