LBP_delta,Std_delta,Var_delta,Kur_delta,SE_delta,LBP_theta,Std_theta,Var_theta,Kur_theta,SE_theta,LBP_alpha,Std_alpha,Var_alpha,Kur_alpha,SE_alpha,LBP_beta,Std_beta,Var_beta,Kur_beta,SE_beta,LBP_gamma,Std_gamma,Var_gamma,Kur_gamma,SE_gamma
-18.212108375720145,0.00011080755485022578,1.2278314211885796e-08,3.985749636122255,-0.0003321529492360209,-23.142902153220295,9.431318266534812e-06,8.894976424467321e-11,4.214486498695292,-3.0948755964925164e-06,-24.654693810588356,4.428943298590088e-06,1.9615538742126052e-11,10.563334151685224,-1.4528769207240537e-06,-28.36150516696965,6.940284672486347e-07,4.816755133514893e-13,50.08573224257793,-8.140799516103472e-08,-30.05150235569965,2.9812018767494917e-07,8.887564629934692e-14,9424.081044818326,-2.3633986121339793e-08
