LBP_delta,Std_delta,Var_delta,Kur_delta,SE_delta,LBP_theta,Std_theta,Var_theta,Kur_theta,SE_theta,LBP_alpha,Std_alpha,Var_alpha,Kur_alpha,SE_alpha,LBP_beta,Std_beta,Var_beta,Kur_beta,SE_beta,LBP_gamma,Std_gamma,Var_gamma,Kur_gamma,SE_gamma
-17.921005767236398,0.00012838109961585992,1.6481706738577347e-08,2.933938216699041,-0.00044487022623297657,-22.843210639582107,1.0955892615359171e-05,1.200315829992816e-10,3.090127140470284,-4.159314962698203e-06,-24.613178403749362,4.521848947623393e-06,2.0447117905122786e-11,3.145813749899996,-1.5281852138203138e-06,-28.510959652010442,6.440561490977247e-07,4.1480832319059064e-13,2.993327965408129,-7.210409052999797e-08,-34.06975373443985,3.998038533086531e-08,1.5984312112044701e-15,2.9694344621504185,-6.663979961886904e-10
