LBP_delta,Std_delta,Var_delta,Kur_delta,SE_delta,LBP_theta,Std_theta,Var_theta,Kur_theta,SE_theta,LBP_alpha,Std_alpha,Var_alpha,Kur_alpha,SE_alpha,LBP_beta,Std_beta,Var_beta,Kur_beta,SE_beta,LBP_gamma,Std_gamma,Var_gamma,Kur_gamma,SE_gamma
-17.71218841437077,0.00014247868716127978,2.030017629520183e-08,3.1590093852259815,-0.0005391463355759155,-22.619351734468353,1.2252779015731968e-05,1.5013059360836164e-10,3.591917254516852,-5.1398223237694025e-06,-24.19980890779613,5.5600409448196835e-06,3.0914055308071355e-11,3.9635112676843076,-2.2636304195006724e-06,-27.755120302265098,9.398360742104729e-07,8.832918463873535e-13,166.87970394241194,-1.4336129847023003e-07,-29.73877988707864,3.4857644884662954e-07,1.2150554069052693e-13,9395.745439421144,-3.1887389084399654e-08
