LBP_delta,Std_delta,Var_delta,Kur_delta,SE_delta,LBP_theta,Std_theta,Var_theta,Kur_theta,SE_theta,LBP_alpha,Std_alpha,Var_alpha,Kur_alpha,SE_alpha,LBP_beta,Std_beta,Var_beta,Kur_beta,SE_beta,LBP_gamma,Std_gamma,Var_gamma,Kur_gamma,SE_gamma
-17.959291054014628,0.0001259469946211329,1.586264545409568e-08,2.9507463830963117,-0.0004291495862957435,-22.728464975881007,1.1603155553998807e-05,1.3463321881029337e-10,3.053964046749124,-4.64412578016416e-06,-24.454170453199428,4.896031588440327e-06,2.3971125315005508e-11,2.8303904062913676,-1.7820138843925297e-06,-28.284870550595386,7.211380258598432e-07,5.200400523410319e-13,2.927691907852339,-8.965533158315933e-08,-33.84255275963544,4.4790203824577966e-08,2.0061623586472387e-15,2.9301231126880096,-8.307281260156747e-10
