LBP_delta,Std_delta,Var_delta,Kur_delta,SE_delta,LBP_theta,Std_theta,Var_theta,Kur_theta,SE_theta,LBP_alpha,Std_alpha,Var_alpha,Kur_alpha,SE_alpha,LBP_beta,Std_beta,Var_beta,Kur_beta,SE_beta,LBP_gamma,Std_gamma,Var_gamma,Kur_gamma,SE_gamma
-17.93568055682465,0.0001274383369265178,1.624052971859667e-08,2.9498297767771975,-0.00043861080988787104,-22.872880819939287,1.079347188175759e-05,1.1649903526229174e-10,3.07698617997412,-4.046439705635629e-06,-24.62585469870693,4.493281161503872e-06,2.018957559632559e-11,3.169072468290028,-1.5086092868342043e-06,-28.41345061869236,6.762346582830253e-07,4.5729331306316e-13,3.046773927953379,-7.918185787860757e-08,-33.95612615335905,4.2317584829418945e-08,1.7907779857950683e-15,2.9971141824789007,-7.44096665015373e-10
