LBP_delta,Std_delta,Var_delta,Kur_delta,SE_delta,LBP_theta,Std_theta,Var_theta,Kur_theta,SE_theta,LBP_alpha,Std_alpha,Var_alpha,Kur_alpha,SE_alpha,LBP_beta,Std_beta,Var_beta,Kur_beta,SE_beta,LBP_gamma,Std_gamma,Var_gamma,Kur_gamma,SE_gamma
-18.156298906811546,0.000114119370380766,1.3023230696102452e-08,5.221094157048108,-0.00034779634042613383,-22.988099612660942,1.0187961111648232e-05,1.037945516124567e-10,3.495014593040767,-3.6120420660835147e-06,-24.29600123295865,5.298955607246279e-06,2.807893052756678e-11,3.399293119358918,-2.064567723732893e-06,-27.999247172218546,8.318417766688597e-07,6.919607414116052e-13,4.02331160234399,-1.1749594472248201e-07,-33.08659261705734,6.536345398374077e-08,4.272381116684598e-15,1178.3213294814352,-1.6048419514087326e-09
