LBP_delta,Std_delta,Var_delta,Kur_delta,SE_delta,LBP_theta,Std_theta,Var_theta,Kur_theta,SE_theta,LBP_alpha,Std_alpha,Var_alpha,Kur_alpha,SE_alpha,LBP_beta,Std_beta,Var_beta,Kur_beta,SE_beta,LBP_gamma,Std_gamma,Var_gamma,Kur_gamma,SE_gamma
-17.810785844453083,0.00013561927603807132,1.8392588033090585e-08,2.80678324045502,-0.0004943851802777016,-22.683643043521332,1.1864335349819528e-05,1.4076245329297727e-10,2.860471635210621,-4.8518896270461945e-06,-24.147474192589147,5.707455645616466e-06,3.257504994667927e-11,3.2228528626334305,-2.386150275650972e-06,-27.899371847523547,8.744366937939419e-07,7.646395314532802e-13,3.1766899357518255,-1.2984495818047238e-07,-33.43124897668737,5.501695152026638e-08,3.0268649545833414e-15,3.165486272667911,-1.2369070531625343e-09
