LBP_delta,Std_delta,Var_delta,Kur_delta,SE_delta,LBP_theta,Std_theta,Var_theta,Kur_theta,SE_theta,LBP_alpha,Std_alpha,Var_alpha,Kur_alpha,SE_alpha,LBP_beta,Std_beta,Var_beta,Kur_beta,SE_beta,LBP_gamma,Std_gamma,Var_gamma,Kur_gamma,SE_gamma
-18.081758934500115,0.00011846655717937305,1.4034325169933663e-08,3.1104372166268477,-0.00038254706340047303,-22.32588595858614,1.418988759154499e-05,2.0135290986068246e-10,2.9387683874834316,-6.8275631139889465e-06,-23.7428430550733,6.98726325232795e-06,4.882184775733256e-11,3.04341088102841,-3.518622449955145e-06,-27.56973740834153,1.0311159856191165e-06,1.0632001757992821e-12,3.0954048557043063,-1.7840474222069613e-07,-33.10499407931738,6.476520559977417e-08,4.19453185638102e-15,3.1853110794164192,-1.6965769398500354e-09
