LBP_delta,Std_delta,Var_delta,Kur_delta,SE_delta,LBP_theta,Std_theta,Var_theta,Kur_theta,SE_theta,LBP_alpha,Std_alpha,Var_alpha,Kur_alpha,SE_alpha,LBP_beta,Std_beta,Var_beta,Kur_beta,SE_beta,LBP_gamma,Std_gamma,Var_gamma,Kur_gamma,SE_gamma
-17.856134723688278,0.00013260064360195016,1.758293068365141e-08,2.9679640377805687,-0.0004725097886736036,-22.7987285706266,1.1201849965623122e-05,1.2548144265233074e-10,7.377814710136477,-4.307459487801275e-06,-24.614598762151445,4.518638300294992e-06,2.0418092088892815e-11,26.678234793228967,-1.4946028486857384e-06,-28.50526664865113,6.458918136548503e-07,4.1717623494635183e-13,15.52385429524507,-7.164880957601696e-08,-30.942622550428265,1.9093564937142083e-07,3.645642220088616e-14,9032.718461893075,-1.0222505191711997e-08
