LBP_delta,Std_delta,Var_delta,Kur_delta,SE_delta,LBP_theta,Std_theta,Var_theta,Kur_theta,SE_theta,LBP_alpha,Std_alpha,Var_alpha,Kur_alpha,SE_alpha,LBP_beta,Std_beta,Var_beta,Kur_beta,SE_beta,LBP_gamma,Std_gamma,Var_gamma,Kur_gamma,SE_gamma
-17.88055545062158,0.00013099190036095884,1.715887796017537e-08,2.937260427552444,-0.0004625879008156088,-22.78955980116646,1.1248091753522153e-05,1.2651956809565307e-10,3.072664073306942,-4.3791828384162076e-06,-24.561805716527676,4.639504837190157e-06,2.1525005134310865e-11,3.203376941893637,-1.6034002591422759e-06,-28.347473853727926,6.989148346214542e-07,4.884819460539348e-13,3.1200909702168937,-8.431762111369223e-08,-33.88390654786823,4.387359009805593e-08,1.9248919080922315e-15,3.0606306270972805,-7.977105081031635e-10
