LBP_delta,Std_delta,Var_delta,Kur_delta,SE_delta,LBP_theta,Std_theta,Var_theta,Kur_theta,SE_theta,LBP_alpha,Std_alpha,Var_alpha,Kur_alpha,SE_alpha,LBP_beta,Std_beta,Var_beta,Kur_beta,SE_beta,LBP_gamma,Std_gamma,Var_gamma,Kur_gamma,SE_gamma
-17.92310740408105,0.00012824643472577406,1.644714801987223e-08,3.0114250728045024,-0.0004432315626795041,-23.113994157815643,9.568529799878819e-06,9.155676253116897e-11,2.885420301619899,-3.2183477634363964e-06,-25.064497975823965,3.6083857741580304e-06,1.3020447895146048e-11,2.9548740499422963,-9.918768088916427e-07,-28.946274509193028,5.180794325633391e-07,2.6840629844515137e-13,2.8796261692876275,-4.7398831680113004e-08,-34.50309099733924,3.219207549646358e-08,1.0363297247700108e-15,2.8844406666389206,-4.3779322068715115e-10
