LBP_delta,Std_delta,Var_delta,Kur_delta,SE_delta,LBP_theta,Std_theta,Var_theta,Kur_theta,SE_theta,LBP_alpha,Std_alpha,Var_alpha,Kur_alpha,SE_alpha,LBP_beta,Std_beta,Var_beta,Kur_beta,SE_beta,LBP_gamma,Std_gamma,Var_gamma,Kur_gamma,SE_gamma
-18.06502030785426,0.00011944178476812468,1.426633994859502e-08,3.027080581724376,-0.00038792585305929303,-22.793245662445997,1.1230925411400571e-05,1.2613368559644311e-10,3.0301614438546496,-4.367399326154496e-06,-24.562416782350873,4.638087736620579e-06,2.1511857852590206e-11,3.062164452475124,-1.60536767502967e-06,-28.35718766541127,6.955285074153262e-07,4.837599046273915e-13,3.0192842429644706,-8.360567624896743e-08,-33.69488136225899,4.822231787622355e-08,2.325391941355549e-15,291.423717817423,-9.298556544713065e-10
