LBP_delta,Std_delta,Var_delta,Kur_delta,SE_delta,LBP_theta,Std_theta,Var_theta,Kur_theta,SE_theta,LBP_alpha,Std_alpha,Var_alpha,Kur_alpha,SE_alpha,LBP_beta,Std_beta,Var_beta,Kur_beta,SE_beta,LBP_gamma,Std_gamma,Var_gamma,Kur_gamma,SE_gamma
-17.91556234992968,0.00012873086368059554,1.657163526395207e-08,2.7722804765738056,-0.00044782176547563345,-22.847072109578363,1.0931829797480763e-05,1.195049027210883e-10,2.9857697994335886,-4.150866450583418e-06,-24.642218910504305,4.456666640462703e-06,1.9861877544213112e-11,3.128016205911682,-1.486258052236351e-06,-28.525716002321197,6.393217400423776e-07,4.087322872908135e-13,3.170743091807611,-7.099220510998436e-08,-34.075150056801945,3.9872656841519754e-08,1.5898287636015923e-15,3.145666914207733,-6.622988836170514e-10
