LBP_delta,Std_delta,Var_delta,Kur_delta,SE_delta,LBP_theta,Std_theta,Var_theta,Kur_theta,SE_theta,LBP_alpha,Std_alpha,Var_alpha,Kur_alpha,SE_alpha,LBP_beta,Std_beta,Var_beta,Kur_beta,SE_beta,LBP_gamma,Std_gamma,Var_gamma,Kur_gamma,SE_gamma
-17.96722009026945,0.00012543913801421575,1.573497734574947e-08,2.7596377791720483,-0.0004266942378385063,-22.828497803981325,1.1037073689438733e-05,1.218169956261007e-10,3.0178537392984652,-4.222971159041492e-06,-24.604017733265277,4.542609769615936e-06,2.0635303519010148e-11,2.893780088048434,-1.5440232622137213e-06,-28.459013026392373,6.610036159445305e-07,4.3692578029174436e-13,2.8743982150831795,-7.585069650868362e-08,-34.010182393198995,4.118914045186797e-08,1.696545291163706e-15,2.8721524682149235,-7.064698113213195e-10
