LBP_delta,Std_delta,Var_delta,Kur_delta,SE_delta,LBP_theta,Std_theta,Var_theta,Kur_theta,SE_theta,LBP_alpha,Std_alpha,Var_alpha,Kur_alpha,SE_alpha,LBP_beta,Std_beta,Var_beta,Kur_beta,SE_beta,LBP_gamma,Std_gamma,Var_gamma,Kur_gamma,SE_gamma
-17.844625335304876,0.00013337942540010743,1.7790071120062823e-08,2.7044787825569547,-0.0004793698147238948,-22.88673343857479,1.0720267074798296e-05,1.149241261550044e-10,3.111395014762025,-3.99129893625599e-06,-24.789189037756238,4.140910692174601e-06,1.7147141360565936e-11,3.133607077349434,-1.290188055796097e-06,-28.569259002822633,6.255529995481101e-07,3.9131655524363787e-13,3.0600128031421088,-6.8100743400898e-08,-34.11708399154708,3.9045351953370766e-08,1.5245395091625946e-15,3.025374560780941,-6.36048958436632e-10
