LBP_delta,Std_delta,Var_delta,Kur_delta,SE_delta,LBP_theta,Std_theta,Var_theta,Kur_theta,SE_theta,LBP_alpha,Std_alpha,Var_alpha,Kur_alpha,SE_alpha,LBP_beta,Std_beta,Var_beta,Kur_beta,SE_beta,LBP_gamma,Std_gamma,Var_gamma,Kur_gamma,SE_gamma
-17.880835162901327,0.00013098356053267802,1.7156693129817723e-08,2.8442075926988255,-0.000462762274245292,-22.242771539355264,1.4792396417977039e-05,2.188149917865799e-10,3.0458112858166,-7.388655402883669e-06,-23.673194678570347,7.23487597729657e-06,5.2343430406863e-11,2.8820531496901385,-3.7613593568736807e-06,-27.438198523398437,1.1012118861397688e-06,1.2126676181755069e-12,2.921710220233187,-2.0258345059790597e-07,-32.9698429314883,6.929302683942001e-08,4.801523568568582e-15,2.9100230363634902,-1.9356630184790247e-09
