LBP_delta,Std_delta,Var_delta,Kur_delta,SE_delta,LBP_theta,Std_theta,Var_theta,Kur_theta,SE_theta,LBP_alpha,Std_alpha,Var_alpha,Kur_alpha,SE_alpha,LBP_beta,Std_beta,Var_beta,Kur_beta,SE_beta,LBP_gamma,Std_gamma,Var_gamma,Kur_gamma,SE_gamma
-17.99775584151614,0.0001235034183841774,1.5253094352577168e-08,2.899115397898074,-0.0004140242980065435,-22.779598810847546,1.1307464257453446e-05,1.2785874793358723e-10,3.1702537674185374,-4.419387886896925e-06,-24.487048104619696,4.816205943139898e-06,2.3195839686736075e-11,4.007732722437262,-1.7186270450729686e-06,-28.28420413773665,7.213783549466821e-07,5.203867309855812e-13,3.813297447811942,-8.942735851453261e-08,-33.82292045064812,4.5232035503386564e-08,2.0459370357796226e-15,3.841641797309962,-8.444079230296282e-10
