LBP_delta,Std_delta,Var_delta,Kur_delta,SE_delta,LBP_theta,Std_theta,Var_theta,Kur_theta,SE_theta,LBP_alpha,Std_alpha,Var_alpha,Kur_alpha,SE_alpha,LBP_beta,Std_beta,Var_beta,Kur_beta,SE_beta,LBP_gamma,Std_gamma,Var_gamma,Kur_gamma,SE_gamma
-18.031131801164,0.00012149465695679119,1.4760951669048369e-08,3.0681901916746557,-0.0004007572914140071,-22.79370788158262,1.1230740114629325e-05,1.261295235223443e-10,2.7770379339770788,-4.37472403848661e-06,-24.598653485694165,4.554809961121966e-06,2.0746293781935887e-11,2.915574138413604,-1.5516516175731313e-06,-28.42310101898151,6.729798058280765e-07,4.5290181905239556e-13,3.033455575248035,-7.845201914672872e-08,-33.96110942476109,4.221227600855338e-08,1.7818762458222912e-15,3.0147281501731613,-7.403961286338815e-10
