LBP_delta,Std_delta,Var_delta,Kur_delta,SE_delta,LBP_theta,Std_theta,Var_theta,Kur_theta,SE_theta,LBP_alpha,Std_alpha,Var_alpha,Kur_alpha,SE_alpha,LBP_beta,Std_beta,Var_beta,Kur_beta,SE_beta,LBP_gamma,Std_gamma,Var_gamma,Kur_gamma,SE_gamma
-17.94716039707198,0.00012671366550931352,1.605635302680619e-08,2.99621233757887,-0.00043346499460151394,-23.06920014035182,9.784204962097028e-06,9.573066674032409e-11,2.990324065431766,-3.35646547135061e-06,-25.09305856857705,3.5572250907588096e-06,1.2653850346324022e-11,3.143548938440415,-9.64542378996696e-07,-28.92739939485932,5.22991962230657e-07,2.7352059255787297e-13,3.0271138702263283,-4.824450289364264e-08,-34.4851771814094,3.248171268667858e-08,1.055061659059936e-15,2.985684523277559,-4.4543552025349566e-10
