LBP_delta,Std_delta,Var_delta,Kur_delta,SE_delta,LBP_theta,Std_theta,Var_theta,Kur_theta,SE_theta,LBP_alpha,Std_alpha,Var_alpha,Kur_alpha,SE_alpha,LBP_beta,Std_beta,Var_beta,Kur_beta,SE_beta,LBP_gamma,Std_gamma,Var_gamma,Kur_gamma,SE_gamma
-18.01119040636617,0.00012265976318647247,1.5045417504961508e-08,2.982330527780218,-0.00040905140553575386,-23.072651515557887,9.766862118234084e-06,9.539159563659597e-11,2.8761422154169103,-3.3484113608574973e-06,-24.914936584517225,3.888570831595324e-06,1.5120983112333945e-11,3.184095223013487,-1.1438075086100923e-06,-28.803798201489787,5.563327731357637e-07,3.095061544649291e-13,3.383971402464671,-5.4241470294355047e-08,-34.35848063589359,3.460593808533812e-08,1.1975709507662554e-15,3.5803701399312065,-5.02651258394262e-10
