LBP_delta,Std_delta,Var_delta,Kur_delta,SE_delta,LBP_theta,Std_theta,Var_theta,Kur_theta,SE_theta,LBP_alpha,Std_alpha,Var_alpha,Kur_alpha,SE_alpha,LBP_beta,Std_beta,Var_beta,Kur_beta,SE_beta,LBP_gamma,Std_gamma,Var_gamma,Kur_gamma,SE_gamma
-17.967214235166825,0.00012544932379081805,1.573753283957351e-08,2.8267954907369863,-0.0004262861171328901,-23.054836365317115,9.8561145122363e-06,9.714299327831503e-11,3.540562192178643,-3.3970184771031612e-06,-24.950914470797226,3.819246738690096e-06,1.4586645650994932e-11,4.14413718352104,-1.1016932126722247e-06,-28.8219145404524,5.513162308582479e-07,3.0394958640774485e-13,6.989986829450098,-5.305199885444591e-08,-34.374305753984025,3.433319983431094e-08,1.1787686108627285e-15,6.865136446157493,-4.932263167869116e-10
