LBP_delta,Std_delta,Var_delta,Kur_delta,SE_delta,LBP_theta,Std_theta,Var_theta,Kur_theta,SE_theta,LBP_alpha,Std_alpha,Var_alpha,Kur_alpha,SE_alpha,LBP_beta,Std_beta,Var_beta,Kur_beta,SE_beta,LBP_gamma,Std_gamma,Var_gamma,Kur_gamma,SE_gamma
-17.91409158129567,0.00012882613308357648,1.659617256526736e-08,3.150988100337336,-0.0004461244532207334,-23.210083151711302,9.119992502429755e-06,8.317426324437494e-11,3.054111950552861,-2.9331778189463187e-06,-24.95511278667414,3.811238097453928e-06,1.4525535835484236e-11,2.9227089056324864,-1.1020047975869118e-06,-28.87575811365725,5.366718234564891e-07,2.8801664609211293e-13,3.0365750076908116,-5.0686259660745317e-08,-34.43596460450978,3.3290880571543566e-08,1.1082827292287769e-15,3.0629639541415266,-4.668610891603619e-10
