LBP_delta,Std_delta,Var_delta,Kur_delta,SE_delta,LBP_theta,Std_theta,Var_theta,Kur_theta,SE_theta,LBP_alpha,Std_alpha,Var_alpha,Kur_alpha,SE_alpha,LBP_beta,Std_beta,Var_beta,Kur_beta,SE_beta,LBP_gamma,Std_gamma,Var_gamma,Kur_gamma,SE_gamma
-18.037291104265414,0.00012112617633927435,1.4671550594572985e-08,3.4340985051179524,-0.00039664139992645,-23.136058120685025,9.463862396757485e-06,8.956469146476034e-11,3.185253966092998,-3.1452370302479382e-06,-24.945243321558316,3.830092163433083e-06,1.4669605980391517e-11,3.055962874812702,-1.1119271229609492e-06,-28.82943032006645,5.492483266360159e-07,3.0167372431246357e-13,3.1356397865483006,-5.297732316537819e-08,-34.38535139123873,3.4144110815668674e-08,1.1658203033926624e-15,3.139722103234931,-4.901147216958988e-10
