LBP_delta,Std_delta,Var_delta,Kur_delta,SE_delta,LBP_theta,Std_theta,Var_theta,Kur_theta,SE_theta,LBP_alpha,Std_alpha,Var_alpha,Kur_alpha,SE_alpha,LBP_beta,Std_beta,Var_beta,Kur_beta,SE_beta,LBP_gamma,Std_gamma,Var_gamma,Kur_gamma,SE_gamma
-17.921541936461225,0.0001283360513430293,1.6470142074320653e-08,3.3056613497506318,-0.0004419109366871477,-23.09291691678076,9.669351848006497e-06,9.349636516054665e-11,2.9622576879565576,-3.285165625952211e-06,-24.878170136797646,3.960717798635769e-06,1.568728548043017e-11,3.153000040248631,-1.1844292032060602e-06,-28.765685086950647,5.670362805816764e-07,3.215301434959016e-13,3.060788044590544,-5.6357503873608855e-08,-34.32250191170125,3.5234116802512095e-08,1.241442986853065e-15,3.0771270188002258,-5.211865673626086e-10
