LBP_delta,Std_delta,Var_delta,Kur_delta,SE_delta,LBP_theta,Std_theta,Var_theta,Kur_theta,SE_theta,LBP_alpha,Std_alpha,Var_alpha,Kur_alpha,SE_alpha,LBP_beta,Std_beta,Var_beta,Kur_beta,SE_beta,LBP_gamma,Std_gamma,Var_gamma,Kur_gamma,SE_gamma
-17.864353634125646,0.0001320662634314745,1.7441497936751613e-08,2.8127531663817846,-0.000469870096981424,-22.977043114117897,1.0245623494801269e-05,1.0497280079722376e-10,3.189239635825248,-3.6604886346473974e-06,-24.529911419077887,4.714085033999329e-06,2.222259770777646e-11,2.980026983572953,-1.6562502318106801e-06,-28.272092051940984,7.257602854244101e-07,5.267279918993213e-13,3.131275148187733,-9.066832453044585e-08,-33.80080946611609,4.573487285993166e-08,2.0916785955141136e-15,3.1291783415064884,-8.641788566784648e-10
