LBP_delta,Std_delta,Var_delta,Kur_delta,SE_delta,LBP_theta,Std_theta,Var_theta,Kur_theta,SE_theta,LBP_alpha,Std_alpha,Var_alpha,Kur_alpha,SE_alpha,LBP_beta,Std_beta,Var_beta,Kur_beta,SE_beta,LBP_gamma,Std_gamma,Var_gamma,Kur_gamma,SE_gamma
-17.94825539080673,0.0001266350277406792,1.6036430250882586e-08,3.1235222787197,-0.00043270866904108606,-22.951690636852568,1.0372598605018549e-05,1.0759080182083273e-10,3.032824558379358,-3.7550305402381788e-06,-24.606682889048734,4.53655925009061e-06,2.058036982958268e-11,2.991491163969702,-1.5385696804906e-06,-28.32943227846746,7.052480698805459e-07,4.973748400702353e-13,3.116265683313502,-8.581715457384823e-08,-33.85742516777564,4.445836900074438e-08,1.9765465742063487e-15,3.0790365624300686,-8.18476121716483e-10
