LBP_delta,Std_delta,Var_delta,Kur_delta,SE_delta,LBP_theta,Std_theta,Var_theta,Kur_theta,SE_theta,LBP_alpha,Std_alpha,Var_alpha,Kur_alpha,SE_alpha,LBP_beta,Std_beta,Var_beta,Kur_beta,SE_beta,LBP_gamma,Std_gamma,Var_gamma,Kur_gamma,SE_gamma
-17.884431484516583,0.00013072082900720603,1.7087935136331197e-08,2.854710241888252,-0.0004610431660642662,-23.0037880114339,1.0109576464034828e-05,1.0220353628216695e-10,4.827143006689696,-3.5558330103966393e-06,-24.858848314995605,3.999168215502871e-06,1.5993346415888418e-11,4.093032781835336,-1.20347337176401e-06,-28.671400276733596,5.944078357439244e-07,3.5332067519377613e-13,9.486838220541228,-6.12600362970749e-08,-34.2256349330936,3.6982631008615416e-08,1.3677149963194024e-15,8.772262916033595,-5.692727287621062e-10
