LBP_delta,Std_delta,Var_delta,Kur_delta,SE_delta,LBP_theta,Std_theta,Var_theta,Kur_theta,SE_theta,LBP_alpha,Std_alpha,Var_alpha,Kur_alpha,SE_alpha,LBP_beta,Std_beta,Var_beta,Kur_beta,SE_beta,LBP_gamma,Std_gamma,Var_gamma,Kur_gamma,SE_gamma
-17.795492613368367,0.00013669612354761691,1.8685830192945345e-08,2.8060384921415427,-0.0005013423229940882,-22.90324012119634,1.0628943950763967e-05,1.1297444950848193e-10,3.2664296815333924,-3.925839477362442e-06,-24.569512522226525,4.621661536434648e-06,2.1359755357359468e-11,3.172207683837776,-1.5929779844507194e-06,-28.38674570624505,6.853248458184432e-07,4.696701442960729e-13,3.315444595153076,-8.108327015220074e-08,-33.926104571555214,4.2957596959526635e-08,1.8453551365371323e-15,3.3461999182455004,-7.644364359215235e-10
