LBP_delta,Std_delta,Var_delta,Kur_delta,SE_delta,LBP_theta,Std_theta,Var_theta,Kur_theta,SE_theta,LBP_alpha,Std_alpha,Var_alpha,Kur_alpha,SE_alpha,LBP_beta,Std_beta,Var_beta,Kur_beta,SE_beta,LBP_gamma,Std_gamma,Var_gamma,Kur_gamma,SE_gamma
-17.85995748327852,0.00013235927951937715,1.7518978874888614e-08,2.7018298589939502,-0.0004725772122242815,-23.036929153669554,9.94348369393521e-06,9.887286797155542e-11,2.9751937770244385,-3.4596245922784504e-06,-24.861996320367933,3.992878345833856e-06,1.5943077484628908e-11,3.2207960402465243,-1.2035146846374083e-06,-28.729584234822397,5.773643084620771e-07,3.333495446858925e-13,3.1566879265118812,-5.8345652578244836e-08,-34.281095195174004,3.5971185855634634e-08,1.2939262118606091e-15,3.1748458236631323,-5.424644953035204e-10
