LBP_delta,Std_delta,Var_delta,Kur_delta,SE_delta,LBP_theta,Std_theta,Var_theta,Kur_theta,SE_theta,LBP_alpha,Std_alpha,Var_alpha,Kur_alpha,SE_alpha,LBP_beta,Std_beta,Var_beta,Kur_beta,SE_beta,LBP_gamma,Std_gamma,Var_gamma,Kur_gamma,SE_gamma
-17.91980210552528,0.0001284573837981656,1.6501299452269218e-08,2.9436976130956425,-0.00044503860497204005,-22.969669885460366,1.0284831793468413e-05,1.0577776501993871e-10,3.09203149349976,-3.687922980135114e-06,-24.705903225043944,4.3169923530334045e-06,1.863642297614889e-11,3.051672952823642,-1.3985772132737507e-06,-28.489886277753243,6.508783104110643e-07,4.2364257496356187e-13,3.142809523579265,-7.354627857819649e-08,-34.02132947529822,4.0960209229803726e-08,1.6777387401492986e-15,3.13024072693213,-6.982343198946358e-10
