LBP_delta,Std_delta,Var_delta,Kur_delta,SE_delta,LBP_theta,Std_theta,Var_theta,Kur_theta,SE_theta,LBP_alpha,Std_alpha,Var_alpha,Kur_alpha,SE_alpha,LBP_beta,Std_beta,Var_beta,Kur_beta,SE_beta,LBP_gamma,Std_gamma,Var_gamma,Kur_gamma,SE_gamma
-18.052728464948487,0.00012019503177128105,1.4446845662499261e-08,3.306161636231145,-0.000391339370484985,-23.10004494167112,9.635778963045236e-06,9.284823622466513e-11,2.9303470211668854,-3.2606948228573668e-06,-24.993535851833872,3.738717388092381e-06,1.3978007708024316e-11,2.9137704199388508,-1.0624160808818952e-06,-28.813063729009585,5.537613521633903e-07,3.0665163514982635e-13,3.0656219635579367,-5.3846481601900794e-08,-34.3644536782242,3.450270572795118e-08,1.1904367025495956e-15,3.0791993865933063,-5.00450811717889e-10
