LBP_delta,Std_delta,Var_delta,Kur_delta,SE_delta,LBP_theta,Std_theta,Var_theta,Kur_theta,SE_theta,LBP_alpha,Std_alpha,Var_alpha,Kur_alpha,SE_alpha,LBP_beta,Std_beta,Var_beta,Kur_beta,SE_beta,LBP_gamma,Std_gamma,Var_gamma,Kur_gamma,SE_gamma
-17.737290112166285,0.00014073070225251448,1.980513055648589e-08,2.558316628480565,-0.0005313214263392463,-22.926009379673708,1.051109875184983e-05,1.1048319697113907e-10,2.8855329622947914,-3.851732064334914e-06,-24.76973108031493,4.181395326876934e-06,1.748406687962826e-11,3.38310556784662,-1.3126995741752237e-06,-28.597289993745708,6.168468882809624e-07,3.805000835819061e-13,3.510083404573053,-6.614902242498636e-08,-34.13147277724731,3.876545239140913e-08,1.5027602991106076e-15,3.5118588568035074,-6.261905202175633e-10
