LBP_delta,Std_delta,Var_delta,Kur_delta,SE_delta,LBP_theta,Std_theta,Var_theta,Kur_theta,SE_theta,LBP_alpha,Std_alpha,Var_alpha,Kur_alpha,SE_alpha,LBP_beta,Std_beta,Var_beta,Kur_beta,SE_beta,LBP_gamma,Std_gamma,Var_gamma,Kur_gamma,SE_gamma
-18.101561339826805,0.00011729917743811172,1.3759097027657616e-08,3.239457042952733,-0.0003742782520345802,-23.137655938664473,9.456117297469014e-06,8.941815434349268e-11,3.238554450966245,-3.142613051039076e-06,-25.042873486968055,3.647615767913021e-06,1.3305100790327699e-11,2.981346200344053,-1.0130580588898642e-06,-28.983297500687367,5.085772177316271e-07,2.5865078639564286e-13,2.9456226472754055,-4.572376712275376e-08,-34.54617376817902,3.150602004323324e-08,9.926292989646146e-16,2.930577864265088,-4.197964285726754e-10
