LBP_delta,Std_delta,Var_delta,Kur_delta,SE_delta,LBP_theta,Std_theta,Var_theta,Kur_theta,SE_theta,LBP_alpha,Std_alpha,Var_alpha,Kur_alpha,SE_alpha,LBP_beta,Std_beta,Var_beta,Kur_beta,SE_beta,LBP_gamma,Std_gamma,Var_gamma,Kur_gamma,SE_gamma
-17.96678027900599,0.0001254748190314798,1.574393021098261e-08,2.626831632025887,-0.000427492275948359,-23.081958691750025,9.723012377156698e-06,9.453696968634235e-11,3.8403674727377894,-3.3037378847034075e-06,-24.694837088787022,4.340944476857099e-06,1.8843798951156157e-11,25.075539362655608,-1.3757068319845664e-06,-28.504770552332534,6.460522817809342e-07,4.173835507943515e-13,34.1347613070369,-7.038076359282636e-08,-34.03885706108,4.060281068748433e-08,1.6485882357236915e-15,36.650462039701104,-6.683179077063712e-10
