LBP_delta,Std_delta,Var_delta,Kur_delta,SE_delta,LBP_theta,Std_theta,Var_theta,Kur_theta,SE_theta,LBP_alpha,Std_alpha,Var_alpha,Kur_alpha,SE_alpha,LBP_beta,Std_beta,Var_beta,Kur_beta,SE_beta,LBP_gamma,Std_gamma,Var_gamma,Kur_gamma,SE_gamma
-17.8053102734486,0.00013602721909717485,1.8503404335310814e-08,2.7938167766523074,-0.0004971771334326448,-23.039684127017754,9.929956527387673e-06,9.860403663580903e-11,2.9730690252230274,-3.4532384152611775e-06,-24.825851556094946,4.065694835172194e-06,1.6529874492745854e-11,3.0410852806883377,-1.2464506622631367e-06,-28.722966886434865,5.792779378508258e-07,3.355629292807052e-13,2.902363732166631,-5.880726736285862e-08,-34.279102380157035,3.600704578989268e-08,1.296507346515428e-15,2.8987440807359914,-5.443230753458424e-10
