LBP_delta,Std_delta,Var_delta,Kur_delta,SE_delta,LBP_theta,Std_theta,Var_theta,Kur_theta,SE_theta,LBP_alpha,Std_alpha,Var_alpha,Kur_alpha,SE_alpha,LBP_beta,Std_beta,Var_beta,Kur_beta,SE_beta,LBP_gamma,Std_gamma,Var_gamma,Kur_gamma,SE_gamma
-17.86664783864459,0.0001319168176886837,1.7402046789109414e-08,2.770558172821461,-0.0004696301469081846,-23.132047163196273,9.480547992262708e-06,8.988079023359645e-11,3.8233126977989595,-3.1499635967941764e-06,-24.80948796935891,4.099096405216003e-06,1.680259133925476e-11,28.404627277483897,-1.228538182636654e-06,-28.605827089614934,6.142194571362813e-07,3.772655415247881e-13,34.67129829288369,-6.375757345027388e-08,-34.126509615165276,3.886177148104307e-08,1.5102372826448123e-15,37.4647182180813,-6.129125931826631e-10
