LBP_delta,Std_delta,Var_delta,Kur_delta,SE_delta,LBP_theta,Std_theta,Var_theta,Kur_theta,SE_theta,LBP_alpha,Std_alpha,Var_alpha,Kur_alpha,SE_alpha,LBP_beta,Std_beta,Var_beta,Kur_beta,SE_beta,LBP_gamma,Std_gamma,Var_gamma,Kur_gamma,SE_gamma
-18.03797775320134,0.00012108626192534755,1.4661882827053872e-08,2.9695623569104597,-0.0003986075690744619,-23.08338528706405,9.71552797818432e-06,9.43914838948823e-11,4.555113601697978,-3.2987844356384096e-06,-24.621132390716724,4.503902933800169e-06,2.0285141637093766e-11,75.79821287975263,-1.4414232521653187e-06,-28.485829003908613,6.521999987353569e-07,4.253648383503996e-13,46.39425998427058,-7.128138272982391e-08,-34.01922192545576,4.1003394210703495e-08,1.6812783367983527e-15,46.161900466746125,-6.791571731343656e-10
