LBP_delta,Std_delta,Var_delta,Kur_delta,SE_delta,LBP_theta,Std_theta,Var_theta,Kur_theta,SE_theta,LBP_alpha,Std_alpha,Var_alpha,Kur_alpha,SE_alpha,LBP_beta,Std_beta,Var_beta,Kur_beta,SE_beta,LBP_gamma,Std_gamma,Var_gamma,Kur_gamma,SE_gamma
-17.78310305415216,0.00013754474044855528,1.8918555625060435e-08,2.9909629952065075,-0.0005060832553323335,-23.036028051143298,9.948800705935787e-06,9.897863548642839e-11,9.800547877842124,-3.423876561443622e-06,-24.454730840459945,4.894661562097448e-06,2.3957711807474224e-11,58.55507566385308,-1.6876146563543238e-06,-28.137599116305108,7.762435148816372e-07,6.025539943957984e-13,86.86422062614234,-9.718680542840267e-08,-33.63335983815489,4.9728883137692e-08,2.472961818122228e-15,90.9556178643062,-9.653616592751969e-10
