LBP_delta,Std_delta,Var_delta,Kur_delta,SE_delta,LBP_theta,Std_theta,Var_theta,Kur_theta,SE_theta,LBP_alpha,Std_alpha,Var_alpha,Kur_alpha,SE_alpha,LBP_beta,Std_beta,Var_beta,Kur_beta,SE_beta,LBP_gamma,Std_gamma,Var_gamma,Kur_gamma,SE_gamma
-18.018600009568946,0.00012224907278569265,1.4944835796961577e-08,3.3231124205779503,-0.00040382921374711156,-23.04368850042164,9.909280075989135e-06,9.819383162439524e-11,3.8540964514142324,-3.424516604182541e-06,-24.550701688192653,4.665335322299463e-06,2.1765353669495032e-11,15.077295760483317,-1.57907078915923e-06,-28.187069812989034,7.572783812747351e-07,5.734705467460831e-13,30.817608707843213,-9.444789325801309e-08,-33.71365188759768,4.7772008059578486e-08,2.282164754044432e-15,32.242989617469995,-9.076493730568995e-10
