LBP_delta,Std_delta,Var_delta,Kur_delta,SE_delta,LBP_theta,Std_theta,Var_theta,Kur_theta,SE_theta,LBP_alpha,Std_alpha,Var_alpha,Kur_alpha,SE_alpha,LBP_beta,Std_beta,Var_beta,Kur_beta,SE_beta,LBP_gamma,Std_gamma,Var_gamma,Kur_gamma,SE_gamma
-18.020382657158176,0.00012215767486176694,1.4922497527633167e-08,3.0854561408961767,-0.00040453069644627435,-23.137289461879224,9.456394201279845e-06,8.942339128999907e-11,3.0005386137392875,-3.1431279469896953e-06,-25.03170803842344,3.668036618674746e-06,1.3454492635938863e-11,3.076391532395695,-1.0229465833532456e-06,-28.975047461534043,5.106794434847506e-07,2.6079349399789457e-13,3.2037179300412952,-4.603385741940794e-08,-34.53451358583744,3.1690244779700266e-08,1.0042716141973202e-15,3.2034846273213518,-4.241342076520573e-10
