LBP_delta,Std_delta,Var_delta,Kur_delta,SE_delta,LBP_theta,Std_theta,Var_theta,Kur_theta,SE_theta,LBP_alpha,Std_alpha,Var_alpha,Kur_alpha,SE_alpha,LBP_beta,Std_beta,Var_beta,Kur_beta,SE_beta,LBP_gamma,Std_gamma,Var_gamma,Kur_gamma,SE_gamma
-18.062371166350996,0.00011959472007974363,1.4302897070952234e-08,2.9469154990536763,-0.00038911407949359777,-23.11314893432622,9.572896642433093e-06,9.164035012670677e-11,2.905207041146778,-3.2197841139176293e-06,-24.9194600831986,3.879788012277297e-06,1.505275502021062e-11,3.20355435303049,-1.1386998691551316e-06,-28.817158586159298,5.526287511624691e-07,3.0539853661139023e-13,3.1478887233942223,-5.362677231237657e-08,-34.372341462675955,3.436691209179859e-08,1.1810846467254122e-15,3.155258175047726,-4.96575386776147e-10
