LBP_delta,Std_delta,Var_delta,Kur_delta,SE_delta,LBP_theta,Std_theta,Var_theta,Kur_theta,SE_theta,LBP_alpha,Std_alpha,Var_alpha,Kur_alpha,SE_alpha,LBP_beta,Std_beta,Var_beta,Kur_beta,SE_beta,LBP_gamma,Std_gamma,Var_gamma,Kur_gamma,SE_gamma
-18.185221221814135,0.00011247070631654724,1.264965977934302e-08,2.9447633888106637,-0.00034671117950727784,-23.179611381614745,9.259697949651369e-06,8.574200611877776e-11,3.46485801938945,-3.0170519752799277e-06,-25.099846435683574,3.5451742438793056e-06,1.2568260419465205e-11,3.1375566094313974,-9.579456631566195e-07,-28.994691721283154,5.056878951358401e-07,2.5572024728691634e-13,3.406447165588845,-4.5134460537682565e-08,-34.55656546650774,3.1342750214881146e-08,9.82367991032432e-16,3.4664736243253325,-4.1489300785716254e-10
