LBP_delta,Std_delta,Var_delta,Kur_delta,SE_delta,LBP_theta,Std_theta,Var_theta,Kur_theta,SE_theta,LBP_alpha,Std_alpha,Var_alpha,Kur_alpha,SE_alpha,LBP_beta,Std_beta,Var_beta,Kur_beta,SE_beta,LBP_gamma,Std_gamma,Var_gamma,Kur_gamma,SE_gamma
-17.936618704072533,0.00012737838601532012,1.6225253223867902e-08,2.6697539742867415,-0.0004395380868385979,-23.146272087134324,9.414375311435398e-06,8.863046250456433e-11,2.9837802126844757,-3.1175865280671183e-06,-25.083677050726276,3.5739503707323067e-06,1.2773121252457594e-11,3.0766123420211304,-9.734108942399443e-07,-28.93068389135109,5.221337823565365e-07,2.7262368667794303e-13,2.972018840144414,-4.8122534483684364e-08,-34.49123602683837,3.238346077262355e-08,1.0486885316120485e-15,2.914752003136426,-4.4298936356918997e-10
