LBP_delta,Std_delta,Var_delta,Kur_delta,SE_delta,LBP_theta,Std_theta,Var_theta,Kur_theta,SE_theta,LBP_alpha,Std_alpha,Var_alpha,Kur_alpha,SE_alpha,LBP_beta,Std_beta,Var_beta,Kur_beta,SE_beta,LBP_gamma,Std_gamma,Var_gamma,Kur_gamma,SE_gamma
-17.871025550429422,0.00013163020498306908,1.7326510863884786e-08,2.810813210683978,-0.00046690008238323524,-23.0582031128714,9.839299667888602e-06,9.681181795451277e-11,3.057594850854053,-3.38873607414884e-06,-25.01354963682176,3.7014910440029504e-06,1.370103594883405e-11,3.266847485127352,-1.0399418451359793e-06,-28.9049383335034,5.288985433760593e-07,2.7973366918531723e-13,3.063383783074574,-4.927653740959762e-08,-34.472847524143106,3.2682574995993953e-08,1.0681507083687692e-15,3.022297288710257,-4.505755306289247e-10
