LBP_delta,Std_delta,Var_delta,Kur_delta,SE_delta,LBP_theta,Std_theta,Var_theta,Kur_theta,SE_theta,LBP_alpha,Std_alpha,Var_alpha,Kur_alpha,SE_alpha,LBP_beta,Std_beta,Var_beta,Kur_beta,SE_beta,LBP_gamma,Std_gamma,Var_gamma,Kur_gamma,SE_gamma
-17.92191625493808,0.00012832257017205082,1.6466682015560904e-08,3.0001858844492273,-0.00044379967544448895,-23.188519156051072,9.218855568368456e-06,8.49872979904381e-11,2.9337700429736104,-2.998270790206294e-06,-24.979044921403037,3.765904541281792e-06,1.4182037014046822e-11,3.0434281353645973,-1.0762241486875617e-06,-28.906863222600776,5.283897431050703e-07,2.7919572061864217e-13,3.0393412978357697,-4.9185393870084455e-08,-34.46224919073426,3.2856209817009094e-08,1.0795305235393246e-15,3.055813751674787,-4.550624654387219e-10
