LBP_delta,Std_delta,Var_delta,Kur_delta,SE_delta,LBP_theta,Std_theta,Var_theta,Kur_theta,SE_theta,LBP_alpha,Std_alpha,Var_alpha,Kur_alpha,SE_alpha,LBP_beta,Std_beta,Var_beta,Kur_beta,SE_beta,LBP_gamma,Std_gamma,Var_gamma,Kur_gamma,SE_gamma
-18.46232458083498,9.793874188081737e-05,9.59199716119737e-09,3.0194171858519834,-0.00026667867055644025,-22.947665301524975,1.0398227587914422e-05,1.081231369700646e-10,13.546140272745193,-3.7161510877407153e-06,-24.985288327822737,3.7541659266999684e-06,1.4093761805195034e-11,9.745375459396945,-1.058691819788758e-06,-28.72992383886078,5.772664333049459e-07,3.3323653502061353e-13,13.029949120626442,-5.748673794698833e-08,-34.286534622621,3.58734853056265e-08,1.2869069479730004e-15,11.97377028403242,-5.335797336487426e-10
