LBP_delta,Std_delta,Var_delta,Kur_delta,SE_delta,LBP_theta,Std_theta,Var_theta,Kur_theta,SE_theta,LBP_alpha,Std_alpha,Var_alpha,Kur_alpha,SE_alpha,LBP_beta,Std_beta,Var_beta,Kur_beta,SE_beta,LBP_gamma,Std_gamma,Var_gamma,Kur_gamma,SE_gamma
-18.16088339761364,0.00011377630493722004,1.294504756516728e-08,2.502959162981551,-0.0003567916104853828,-22.940522536006895,1.04358197318883e-05,1.0890633347646916e-10,4.3068673117344884,-3.77488165144698e-06,-24.553968987148348,4.657720029579982e-06,2.169435587395055e-11,28.514825497129305,-1.562861247429679e-06,-28.388634274312604,6.846780248801977e-07,4.687839977538486e-13,23.387027036745447,-7.876681745540399e-08,-33.92692865156465,4.29398977530451e-08,1.8438348190419676e-15,22.92315598811928,-7.462914421680204e-10
