LBP_delta,Std_delta,Var_delta,Kur_delta,SE_delta,LBP_theta,Std_theta,Var_theta,Kur_theta,SE_theta,LBP_alpha,Std_alpha,Var_alpha,Kur_alpha,SE_alpha,LBP_beta,Std_beta,Var_beta,Kur_beta,SE_beta,LBP_gamma,Std_gamma,Var_gamma,Kur_gamma,SE_gamma
-18.321157245451992,0.00010506736631952719,1.1039151465321716e-08,2.8447567395116784,-0.000305112134309598,-23.10433734878751,9.607864325172442e-06,9.23110568909213e-11,2.9836989182775406,-3.2473716053276483e-06,-24.90666220352134,3.904694144543826e-06,1.524663636243484e-11,4.568297338190072,-1.1475668139983616e-06,-28.728580438296653,5.776543136697421e-07,3.336845061012609e-13,6.975151684353141,-5.784303074037925e-08,-34.26021636409062,3.634866959049279e-08,1.3212257809988152e-15,7.6292049542336,-5.487830333938797e-10
