LBP_delta,Std_delta,Var_delta,Kur_delta,SE_delta,LBP_theta,Std_theta,Var_theta,Kur_theta,SE_theta,LBP_alpha,Std_alpha,Var_alpha,Kur_alpha,SE_alpha,LBP_beta,Std_beta,Var_beta,Kur_beta,SE_beta,LBP_gamma,Std_gamma,Var_gamma,Kur_gamma,SE_gamma
-18.32683886675924,0.00010479085734509262,1.098112378311955e-08,2.9020112583194124,-0.0003035788184459976,-23.169092579223015,9.308594360546138e-06,8.664992896919137e-11,3.135129263798956,-3.045685954429824e-06,-25.1045599250177,3.5368291009200322e-06,1.2509160089114803e-11,3.0875479014371514,-9.53945495605752e-07,-28.9649916488853,5.132535635543839e-07,2.63429220501274e-13,3.1207818241600194,-4.6476758192547293e-08,-34.53423804767779,3.1694606238710475e-08,1.0045480646269048e-15,3.147154053209989,-4.242258733110527e-10
