LBP_delta,Std_delta,Var_delta,Kur_delta,SE_delta,LBP_theta,Std_theta,Var_theta,Kur_theta,SE_theta,LBP_alpha,Std_alpha,Var_alpha,Kur_alpha,SE_alpha,LBP_beta,Std_beta,Var_beta,Kur_beta,SE_beta,LBP_gamma,Std_gamma,Var_gamma,Kur_gamma,SE_gamma
-18.199800137180446,0.00011167086647084464,1.2470382418349213e-08,2.6544118414007913,-0.0003427922267924911,-22.95614543251241,1.0354252882529361e-05,1.0721055275536758e-10,3.6552879301000702,-3.722743063391952e-06,-24.578839164795617,4.600159391720323e-06,2.1161466429232693e-11,14.680653531460923,-1.5380448119697968e-06,-28.323973843222216,7.071754422149431e-07,5.000971060719003e-13,18.323806537410288,-8.376837699299537e-08,-33.85208874064816,4.457714830970634e-08,1.9871221514255547e-15,18.730227573975203,-8.016319657682693e-10
