LBP_delta,Std_delta,Var_delta,Kur_delta,SE_delta,LBP_theta,Std_theta,Var_theta,Kur_theta,SE_theta,LBP_alpha,Std_alpha,Var_alpha,Kur_alpha,SE_alpha,LBP_beta,Std_beta,Var_beta,Kur_beta,SE_beta,LBP_gamma,Std_gamma,Var_gamma,Kur_gamma,SE_gamma
-17.813178968263426,0.0001354376984749065,1.8343370168179685e-08,3.5539503923082836,-0.0004907537537401847,-21.823282939373488,1.8243873414507488e-05,3.328389171645731e-10,41.568995480125785,-1.0433451935505519e-05,-21.835199179648416,1.8136205076083807e-05,3.28921934561768e-10,219.01464854069795,-1.856172855617773e-05,-25.07329584320555,3.5925512178997994e-06,1.2906424253233332e-11,174.4269870022338,-1.706842062445798e-06,-28.94853926392734,5.174907033740101e-07,2.6779662807852774e-13,4661.0656966800525,-7.299698167766585e-08
