LBP_delta,Std_delta,Var_delta,Kur_delta,SE_delta,LBP_theta,Std_theta,Var_theta,Kur_theta,SE_theta,LBP_alpha,Std_alpha,Var_alpha,Kur_alpha,SE_alpha,LBP_beta,Std_beta,Var_beta,Kur_beta,SE_beta,LBP_gamma,Std_gamma,Var_gamma,Kur_gamma,SE_gamma
-18.365242207553756,0.00010276904085780392,1.0561475758832972e-08,2.860010236373898,-0.00029306616716828646,-22.898105503013067,1.0658860245763358e-05,1.1361130173871452e-10,13.419425618443244,-3.869052417073818e-06,-24.269097193495984,5.370714850590543e-06,2.8844578006353804e-11,42.57407504080577,-2.0046835922831778e-06,-27.94774113301959,8.535423436615069e-07,7.28534532423178e-13,76.15699837190131,-1.1596498132755098e-07,-33.475626157820166,5.3809646704671646e-08,2.8954780784815802e-15,81.59073573900369,-1.1200429948645225e-09
