LBP_delta,Std_delta,Var_delta,Kur_delta,SE_delta,LBP_theta,Std_theta,Var_theta,Kur_theta,SE_theta,LBP_alpha,Std_alpha,Var_alpha,Kur_alpha,SE_alpha,LBP_beta,Std_beta,Var_beta,Kur_beta,SE_beta,LBP_gamma,Std_gamma,Var_gamma,Kur_gamma,SE_gamma
-17.960970210635864,0.00012583098092470407,1.5833435760473237e-08,3.01761998206046,-0.0004281703823361979,-22.91252924189321,1.0582854965998805e-05,1.1199681923136558e-10,3.118460846479933,-3.897528736442402e-06,-24.352102948175343,5.152381435871271e-06,2.6547034460710904e-11,3.4842290305473416,-1.9575993337577884e-06,-28.024135146700253,8.215544823135605e-07,6.749517674095024e-13,3.754647838102172,-1.1471024440019039e-07,-33.5452170463219,5.196951488545364e-08,2.7008304774293875e-15,3.799929560833095,-1.103649064651546e-09
