LBP_delta,Std_delta,Var_delta,Kur_delta,SE_delta,LBP_theta,Std_theta,Var_theta,Kur_theta,SE_theta,LBP_alpha,Std_alpha,Var_alpha,Kur_alpha,SE_alpha,LBP_beta,Std_beta,Var_beta,Kur_beta,SE_beta,LBP_gamma,Std_gamma,Var_gamma,Kur_gamma,SE_gamma
-17.62858702086472,0.00014812235195935762,2.1940231149971813e-08,3.1439849106784905,-0.0005831588053531523,-21.37745434375273,2.2778543119028302e-05,5.188620266254316e-10,10.306034932914416,-1.6249613526598144e-05,-22.328853043649527,1.4169385636748494e-05,2.0077148932289455e-10,19.597720949814732,-1.2898012787594298e-05,-25.97517060174372,2.2885655706106627e-06,5.237532370984508e-12,17.666918898527342,-7.923202674027137e-07,-28.369409515138546,6.912869815124783e-07,4.778776908086334e-13,6571.502685491904,-1.2102596622072172e-07
