LBP_delta,Std_delta,Var_delta,Kur_delta,SE_delta,LBP_theta,Std_theta,Var_theta,Kur_theta,SE_theta,LBP_alpha,Std_alpha,Var_alpha,Kur_alpha,SE_alpha,LBP_beta,Std_beta,Var_beta,Kur_beta,SE_beta,LBP_gamma,Std_gamma,Var_gamma,Kur_gamma,SE_gamma
-17.152630322623562,0.0001882945105529369,3.545482270437007e-08,2.7259981841295966,-0.0009193509913207726,-21.45461780680126,2.1937176709585163e-05,4.812397219875658e-10,13.028981244275478,-1.4983750233540477e-05,-22.500561342803053,1.3003647153567989e-05,1.6909483929449686e-10,12.847975870545792,-1.098923393652665e-05,-26.031417147878784,2.225099434215805e-06,4.951067492147496e-12,109.88036589864674,-7.315434100941782e-07,-27.99208039137442,8.348274741429823e-07,6.969369115839518e-13,5626.286730585894,-1.7354330895952786e-07
