LBP_delta,Std_delta,Var_delta,Kur_delta,SE_delta,LBP_theta,Std_theta,Var_theta,Kur_theta,SE_theta,LBP_alpha,Std_alpha,Var_alpha,Kur_alpha,SE_alpha,LBP_beta,Std_beta,Var_beta,Kur_beta,SE_beta,LBP_gamma,Std_gamma,Var_gamma,Kur_gamma,SE_gamma
-17.34884472097101,0.00016953035798668032,2.8740542279091988e-08,3.366329704176794,-0.0007585613004659815,-21.96914045817124,1.695287888933827e-05,2.8740010263657114e-10,12.173360599826273,-9.26499992210062e-06,-23.37571736640223,8.3951307293035e-06,7.04782199620959e-11,15.513955399970767,-4.7990977220606e-06,-26.80859748583689,1.5086442604575423e-06,2.2760075046114845e-12,39.98658424552841,-3.5092345498602005e-07,-28.828477165078535,5.495098825440637e-07,3.019611110135907e-13,2219.539868689415,-8.1759402469237e-08
