LBP_delta,Std_delta,Var_delta,Kur_delta,SE_delta,LBP_theta,Std_theta,Var_theta,Kur_theta,SE_theta,LBP_alpha,Std_alpha,Var_alpha,Kur_alpha,SE_alpha,LBP_beta,Std_beta,Var_beta,Kur_beta,SE_beta,LBP_gamma,Std_gamma,Var_gamma,Kur_gamma,SE_gamma
-17.874552090314268,0.00013139341728878615,1.7264230106825088e-08,3.043465622458577,-0.00046372838583964577,-23.06888309058227,9.787034423951108e-06,9.578604281560399e-11,3.877139918967284,-3.342349298611839e-06,-25.119077946338766,3.511227660818257e-06,1.2328719686095248e-11,3.9003973737227837,-9.401371299850958e-07,-28.780755015298993,5.627794042854997e-07,3.167206578879419e-13,155.83936525796156,-5.369383810903164e-08,-30.04284165547244,2.994138190194874e-07,8.964863501983438e-14,9549.12212905429,-2.3723606119058628e-08
