LBP_delta,Std_delta,Var_delta,Kur_delta,SE_delta,LBP_theta,Std_theta,Var_theta,Kur_theta,SE_theta,LBP_alpha,Std_alpha,Var_alpha,Kur_alpha,SE_alpha,LBP_beta,Std_beta,Var_beta,Kur_beta,SE_beta,LBP_gamma,Std_gamma,Var_gamma,Kur_gamma,SE_gamma
-17.32312699878061,0.00017272409413374577,2.9833612694323074e-08,3.1611037697004454,-0.0007791075007352768,-21.409876898470355,2.2425198617696976e-05,5.028895330431583e-10,10.270914027244462,-1.5720537259048138e-05,-22.481753048239334,1.312651241494516e-05,1.7230532817970942e-10,11.985459447612751,-1.1185074411937096e-05,-26.12095978414682,2.1276767480870986e-06,4.52700834435049e-12,12.705069253509153,-6.892103086069166e-07,-30.910794619629193,1.9400016445135252e-07,3.7636063807151825e-14,2705.1676239991957,-1.2240095308144878e-08
