LBP_delta,Std_delta,Var_delta,Kur_delta,SE_delta,LBP_theta,Std_theta,Var_theta,Kur_theta,SE_theta,LBP_alpha,Std_alpha,Var_alpha,Kur_alpha,SE_alpha,LBP_beta,Std_beta,Var_beta,Kur_beta,SE_beta,LBP_gamma,Std_gamma,Var_gamma,Kur_gamma,SE_gamma
-17.477740698336262,0.00016020645333275784,2.5666107689461116e-08,3.477006210114864,-0.0006710383336436461,-21.237102840619286,2.4458009957280492e-05,5.981942510704317e-10,15.72644545317846,-1.8231339947330555e-05,-21.97604439382866,1.6902879381555857e-05,2.857073313874261e-10,21.610784557589366,-1.7681333453571205e-05,-25.628053096171676,2.722318447034278e-06,7.411017727063123e-12,29.378321845587106,-1.07893227563603e-06,-27.925343424800165,8.631529388697346e-07,7.450329958794599e-13,6321.022413462621,-1.8483526012888574e-07
