LBP_delta,Std_delta,Var_delta,Kur_delta,SE_delta,LBP_theta,Std_theta,Var_theta,Kur_theta,SE_theta,LBP_alpha,Std_alpha,Var_alpha,Kur_alpha,SE_alpha,LBP_beta,Std_beta,Var_beta,Kur_beta,SE_beta,LBP_gamma,Std_gamma,Var_gamma,Kur_gamma,SE_gamma
-17.9961648554709,0.00012361191005030067,1.5279904306283624e-08,3.0337220633045408,-0.00041420328070140215,-23.088214725901,9.692991863792083e-06,9.395409127153952e-11,5.130343636478369,-3.285287894363247e-06,-24.989653153391195,3.7459752578460895e-06,1.4032330632395076e-11,4.143030409027125,-1.062031528468578e-06,-28.35457976302317,6.964359038042929e-07,4.850229681077023e-13,642.5200096870186,-7.618543118822649e-08,-29.728962405453817,3.5029153307585974e-07,1.2270415814463614e-13,9674.452205329693,-3.192192391015083e-08
