LBP_delta,Std_delta,Var_delta,Kur_delta,SE_delta,LBP_theta,Std_theta,Var_theta,Kur_theta,SE_theta,LBP_alpha,Std_alpha,Var_alpha,Kur_alpha,SE_alpha,LBP_beta,Std_beta,Var_beta,Kur_beta,SE_beta,LBP_gamma,Std_gamma,Var_gamma,Kur_gamma,SE_gamma
-17.831405295699547,0.00013421775446624982,1.8014405613962523e-08,2.812023718961965,-0.00048435631689914123,-23.06763417400196,9.790140392400153e-06,9.584684890290504e-11,3.0624625331274795,-3.3608362878929524e-06,-24.939398535990748,3.841301675269163e-06,1.4755598560425678e-11,5.45981182191551,-1.1130649127935155e-06,-28.410220345207694,6.773272417804572e-07,4.58772192457922e-13,386.1674860564954,-7.4060470403482e-08,-30.009596313692846,3.044325445789997e-07,9.267917419884462e-14,9566.450395556547,-2.4497851517523983e-08
