LBP_delta,Std_delta,Var_delta,Kur_delta,SE_delta,LBP_theta,Std_theta,Var_theta,Kur_theta,SE_theta,LBP_alpha,Std_alpha,Var_alpha,Kur_alpha,SE_alpha,LBP_beta,Std_beta,Var_beta,Kur_beta,SE_beta,LBP_gamma,Std_gamma,Var_gamma,Kur_gamma,SE_gamma
-17.936182747897973,0.0001274102489481164,1.6233371537021e-08,2.715006279375426,-0.00043942460387281433,-23.170086062120163,9.303448529597773e-06,8.655415454287496e-11,3.280954420340095,-3.043820958167081e-06,-24.922289118328774,3.874303570335522e-06,1.501022815511457e-11,23.761870372238544,-1.1135435012106746e-06,-28.893192024312597,5.320139900835143e-07,2.8303888564458157e-13,10.97227978065078,-4.937493590614798e-08,-34.45768400368376,3.2931306650889006e-08,1.0844709577348864e-15,9.150071496761939,-4.538622354971777e-10
