LBP_delta,Std_delta,Var_delta,Kur_delta,SE_delta,LBP_theta,Std_theta,Var_theta,Kur_theta,SE_theta,LBP_alpha,Std_alpha,Var_alpha,Kur_alpha,SE_alpha,LBP_beta,Std_beta,Var_beta,Kur_beta,SE_beta,LBP_gamma,Std_gamma,Var_gamma,Kur_gamma,SE_gamma
-17.85006818579403,0.00013301631752002808,1.7693340726588926e-08,2.9810626395320248,-0.000474844788402218,-23.161631303885656,9.342326070326806e-06,8.727905640430791e-11,2.923244125696284,-3.073562378639244e-06,-25.135904999368968,3.4818269412618806e-06,1.2123118848897063e-11,2.9968745004790884,-9.265898280247951e-07,-29.002000145519283,5.038433208733628e-07,2.538580919886984e-13,3.1539914705443435,-4.4885612353456325e-08,-34.56579005221787,3.1198523449893626e-08,9.733478654535624e-16,3.175113163295224,-4.116949557948614e-10
