LBP_delta,Std_delta,Var_delta,Kur_delta,SE_delta,LBP_theta,Std_theta,Var_theta,Kur_theta,SE_theta,LBP_alpha,Std_alpha,Var_alpha,Kur_alpha,SE_alpha,LBP_beta,Std_beta,Var_beta,Kur_beta,SE_beta,LBP_gamma,Std_gamma,Var_gamma,Kur_gamma,SE_gamma
-18.09175475323323,0.00011787256149362675,1.389394075306882e-08,3.439353416776919,-0.00037739116937150004,-23.158379586994755,9.357630101580818e-06,8.756524111801142e-11,3.1044560038149487,-3.0777066261312354e-06,-25.054646469768613,3.6262073460919063e-06,1.3149379716850907e-11,3.026542816580211,-1.0016918130830943e-06,-28.936787790657903,5.205427074567363e-07,2.7096471028638934e-13,2.975898682316712,-4.781655448241698e-08,-34.49091913497932,3.2388550888984406e-08,1.0490182286883325e-15,2.9518957925521248,-4.4291499128965044e-10
