LBP_delta,Std_delta,Var_delta,Kur_delta,SE_delta,LBP_theta,Std_theta,Var_theta,Kur_theta,SE_theta,LBP_alpha,Std_alpha,Var_alpha,Kur_alpha,SE_alpha,LBP_beta,Std_beta,Var_beta,Kur_beta,SE_beta,LBP_gamma,Std_gamma,Var_gamma,Kur_gamma,SE_gamma
-17.800594271998715,0.00013634274440303681,1.858934395135183e-08,3.528312292790453,-0.0004954908443917136,-23.176335826956535,9.27482265987209e-06,8.60223353720768e-11,3.0089855327733828,-3.0297792150131526e-06,-25.05095971582983,3.6328942501716865e-06,1.3197920632930502e-11,3.06853723808135,-1.0056047938979058e-06,-28.946252402982974,5.180849665019936e-07,2.684120325153718e-13,3.5694483238047416,-4.7306485297875136e-08,-34.51459664918415,3.200740444948408e-08,1.0244739395928532e-15,3.5825518232968325,-4.321280489096609e-10
