LBP_delta,Std_delta,Var_delta,Kur_delta,SE_delta,LBP_theta,Std_theta,Var_theta,Kur_theta,SE_theta,LBP_alpha,Std_alpha,Var_alpha,Kur_alpha,SE_alpha,LBP_beta,Std_beta,Var_beta,Kur_beta,SE_beta,LBP_gamma,Std_gamma,Var_gamma,Kur_gamma,SE_gamma
-17.722872149099974,0.00014174673622902395,2.009213723158049e-08,2.548668977358876,-0.0005385424431199497,-23.199819536246647,9.165643129218395e-06,8.400901397218837e-11,2.97053827752034,-2.961121473549414e-06,-24.957541871840917,3.8066108702953574e-06,1.4490286317850778e-11,3.015883982198574,-1.0993344208179786e-06,-28.933838841820712,5.21310787231967e-07,2.7176493688441316e-13,3.1604206130518078,-4.791202989010368e-08,-34.491245420848124,3.2383305607136515e-08,1.0486784820451992e-15,3.1888797629437544,-4.4245651854454185e-10
