LBP_delta,Std_delta,Var_delta,Kur_delta,SE_delta,LBP_theta,Std_theta,Var_theta,Kur_theta,SE_theta,LBP_alpha,Std_alpha,Var_alpha,Kur_alpha,SE_alpha,LBP_beta,Std_beta,Var_beta,Kur_beta,SE_beta,LBP_gamma,Std_gamma,Var_gamma,Kur_gamma,SE_gamma
-18.069994158288743,0.00011916348399188362,1.4199935917083904e-08,3.6790783416950186,-0.00038328813978500613,-23.139964958311406,9.444522938301453e-06,8.919901353210233e-11,2.9885818670819586,-3.1361988695497428e-06,-25.12361338781645,3.503293600686879e-06,1.2273066052613636e-11,3.031135295772384,-9.369602757780311e-07,-29.038260222253555,4.947911209936097e-07,2.448182534141129e-13,3.0704636379687393,-4.333280965343938e-08,-34.60275073930584,3.0627252931167646e-08,9.380286221097172e-16,3.079048166496798,-3.971353604560788e-10
