LBP_delta,Std_delta,Var_delta,Kur_delta,SE_delta,LBP_theta,Std_theta,Var_theta,Kur_theta,SE_theta,LBP_alpha,Std_alpha,Var_alpha,Kur_alpha,SE_alpha,LBP_beta,Std_beta,Var_beta,Kur_beta,SE_beta,LBP_gamma,Std_gamma,Var_gamma,Kur_gamma,SE_gamma
-17.859955556878628,0.0001323497694360261,1.751646146976927e-08,2.782287827578983,-0.0004714706332892049,-23.13474653904861,9.469184852254242e-06,8.966546176616119e-11,3.2043449598224703,-3.1445538159354486e-06,-25.00993672727129,3.7081827561693033e-06,1.3750619353151372e-11,3.0016086834077402,-1.0454101364654479e-06,-28.942086431329816,5.191654418888387e-07,2.6953275605163315e-13,3.2260892903730456,-4.7509931236837686e-08,-34.510310612198175,3.2076071954511014e-08,1.028874392030968e-15,3.2433818435922777,-4.3415711894203684e-10
