LBP_delta,Std_delta,Var_delta,Kur_delta,SE_delta,LBP_theta,Std_theta,Var_theta,Kur_theta,SE_theta,LBP_alpha,Std_alpha,Var_alpha,Kur_alpha,SE_alpha,LBP_beta,Std_beta,Var_beta,Kur_beta,SE_beta,LBP_gamma,Std_gamma,Var_gamma,Kur_gamma,SE_gamma
-17.918341839891742,0.00012855146881918817,1.652548013557071e-08,2.565281483092336,-0.0004485204715653553,-23.08563177809747,9.699623599801425e-06,9.408269797782475e-11,3.2812062528174013,-3.2969953470865262e-06,-24.906824778305033,3.904375840144733e-06,1.5244150701105894e-11,3.2688409361668067,-1.1526734554966594e-06,-28.770671126263284,5.656244079504817e-07,3.1993097086933294e-13,3.1070367636720646,-5.609875474246018e-08,-34.31956288424243,3.528591979776655e-08,1.2450961359744136e-15,3.121472459305045,-5.228193009173082e-10
