LBP_delta,Std_delta,Var_delta,Kur_delta,SE_delta,LBP_theta,Std_theta,Var_theta,Kur_theta,SE_theta,LBP_alpha,Std_alpha,Var_alpha,Kur_alpha,SE_alpha,LBP_beta,Std_beta,Var_beta,Kur_beta,SE_beta,LBP_gamma,Std_gamma,Var_gamma,Kur_gamma,SE_gamma
-17.98905249293687,0.00012408644899330174,1.5397446823767277e-08,3.1110972550157276,-0.0004166628824525123,-22.85276523202818,1.0903979611395824e-05,1.1889677136573582e-10,3.407845408101771,-4.117597791658734e-06,-24.848168959541976,4.02057844289248e-06,1.6165051015451718e-11,2.946029069220951,-1.2213664730479811e-06,-28.759602493888167,5.68763421128806e-07,3.234918292141436e-13,3.0623462456453208,-5.6698874322592144e-08,-34.329523380649746,3.511063380974461e-08,1.2327566065219816e-15,3.08059882268843,-5.176954996610593e-10
