LBP_delta,Std_delta,Var_delta,Kur_delta,SE_delta,LBP_theta,Std_theta,Var_theta,Kur_theta,SE_theta,LBP_alpha,Std_alpha,Var_alpha,Kur_alpha,SE_alpha,LBP_beta,Std_beta,Var_beta,Kur_beta,SE_beta,LBP_gamma,Std_gamma,Var_gamma,Kur_gamma,SE_gamma
-17.98910183975252,0.0001240801991961923,1.5395895832566763e-08,3.381071761244104,-0.0004155888789750732,-22.755621512720932,1.1446113537846195e-05,1.3101351512126593e-10,3.019982878400219,-4.520747498764761e-06,-24.808135178000146,4.101869999128299e-06,1.6825337489748794e-11,2.983409471031196,-1.2688314263621838e-06,-28.692271359679832,5.882370461424879e-07,3.460228224544395e-13,3.0296366149591716,-6.05282906860297e-08,-34.2589767853825,3.637120587619152e-08,1.3228646168883083e-15,2.9532747650019213,-5.547614665559525e-10
