LBP_delta,Std_delta,Var_delta,Kur_delta,SE_delta,LBP_theta,Std_theta,Var_theta,Kur_theta,SE_theta,LBP_alpha,Std_alpha,Var_alpha,Kur_alpha,SE_alpha,LBP_beta,Std_beta,Var_beta,Kur_beta,SE_beta,LBP_gamma,Std_gamma,Var_gamma,Kur_gamma,SE_gamma
-18.19909114292266,0.00011170918540070467,1.2478942102889011e-08,3.03612922396919,-0.00034128105018727716,-22.838671613561704,1.0981033819957442e-05,1.2058310375504912e-10,3.257169045495035,-4.173248435482656e-06,-24.76275193224723,4.196010801930456e-06,1.7606506649917068e-11,3.0819952228991925,-1.323883974131098e-06,-28.706137929507737,5.8417277112718e-07,3.412578265264086e-13,3.1945558164981644,-5.965189399503693e-08,-34.27098638707795,3.615345707487975e-08,1.3070724584651724e-15,3.2199087225469576,-5.475742745912073e-10
