LBP_delta,Std_delta,Var_delta,Kur_delta,SE_delta,LBP_theta,Std_theta,Var_theta,Kur_theta,SE_theta,LBP_alpha,Std_alpha,Var_alpha,Kur_alpha,SE_alpha,LBP_beta,Std_beta,Var_beta,Kur_beta,SE_beta,LBP_gamma,Std_gamma,Var_gamma,Kur_gamma,SE_gamma
-18.058480614060205,0.00011985071562381235,1.4364194035539937e-08,2.9188622195770737,-0.0003909921259678116,-22.812034167008726,1.1119425604302372e-05,1.2364162576961518e-10,2.9228133881035827,-4.2924849125719195e-06,-24.826266141607125,4.0648526116377235e-06,1.6523026754338022e-11,3.0134163145230586,-1.2460624055432934e-06,-28.714317634761194,5.817884887177787e-07,3.3847784560451693e-13,3.2773916916101093,-5.9172079959666224e-08,-34.28148558495572,3.596416118444079e-08,1.2934208897004374e-15,3.250881506037824,-5.420056400063831e-10
