LBP_delta,Std_delta,Var_delta,Kur_delta,SE_delta,LBP_theta,Std_theta,Var_theta,Kur_theta,SE_theta,LBP_alpha,Std_alpha,Var_alpha,Kur_alpha,SE_alpha,LBP_beta,Std_beta,Var_beta,Kur_beta,SE_beta,LBP_gamma,Std_gamma,Var_gamma,Kur_gamma,SE_gamma
-18.044251149540084,0.00012068360725789933,1.456453306077889e-08,3.530627549471795,-0.0003943679555915028,-22.79339504662014,1.1231064619593462e-05,1.2613681248948404e-10,2.9840231858223825,-4.369820807616093e-06,-24.850885321035364,4.0151210821081084e-06,1.612119730398899e-11,2.965278595045113,-1.2177616024467144e-06,-28.786623571616442,5.611307898099922e-07,3.148677632727857e-13,3.178972174201913,-5.520789540399369e-08,-34.35993511561345,3.4580785643127366e-08,1.1958307356959236e-15,3.152793508776383,-5.024672358261998e-10
