LBP_delta,Std_delta,Var_delta,Kur_delta,SE_delta,LBP_theta,Std_theta,Var_theta,Kur_theta,SE_theta,LBP_alpha,Std_alpha,Var_alpha,Kur_alpha,SE_alpha,LBP_beta,Std_beta,Var_beta,Kur_beta,SE_beta,LBP_gamma,Std_gamma,Var_gamma,Kur_gamma,SE_gamma
-18.105093025149955,0.00011709193146898302,1.3710520415137015e-08,3.2007939347846746,-0.00037294322936192326,-22.88385762407772,1.0735744533480083e-05,1.152562106881475e-10,3.0198271232407774,-4.006270232768578e-06,-24.77821531411717,4.16369364109339e-06,1.7336344736881536e-11,3.248962060689286,-1.303694166215457e-06,-28.702674727159863,5.851851394162139e-07,3.4244164739357373e-13,4.556317749038068,-5.971601673649344e-08,-34.278972524447916,3.600937925889776e-08,1.296675394611136e-15,3.5978845441030005,-5.430758032988828e-10
