LBP_delta,Std_delta,Var_delta,Kur_delta,SE_delta,LBP_theta,Std_theta,Var_theta,Kur_theta,SE_theta,LBP_alpha,Std_alpha,Var_alpha,Kur_alpha,SE_alpha,LBP_beta,Std_beta,Var_beta,Kur_beta,SE_beta,LBP_gamma,Std_gamma,Var_gamma,Kur_gamma,SE_gamma
-18.225441069327616,0.00011025430636662913,1.2156012072386516e-08,2.834602006791486,-0.00033404032986986143,-22.931173208998494,1.0484630407710918e-05,1.0992747478629641e-10,3.214353610854891,-3.827422173852279e-06,-24.84385002833342,4.029271064424216e-06,1.6235025310606253e-11,3.0343778287620746,-1.225360208512882e-06,-28.716523572859163,5.81147090915883e-07,3.377319412799936e-13,3.11323263943984,-5.9095902860115825e-08,-34.269462274118496,3.618101989599902e-08,1.3090662007146771e-15,3.020720381632707,-5.489013713195025e-10
