LBP_delta,Std_delta,Var_delta,Kur_delta,SE_delta,LBP_theta,Std_theta,Var_theta,Kur_theta,SE_theta,LBP_alpha,Std_alpha,Var_alpha,Kur_alpha,SE_alpha,LBP_beta,Std_beta,Var_beta,Kur_beta,SE_beta,LBP_gamma,Std_gamma,Var_gamma,Kur_gamma,SE_gamma
-18.06001277215004,0.00011974154741609794,1.4338038177601631e-08,2.8368313213119847,-0.0003907742796615717,-22.854920357371952,1.0892122680146468e-05,1.1863833647936105e-10,3.1886367835398257,-4.112332880655021e-06,-24.759817653144285,4.2021728053533446e-06,1.76582562860512e-11,3.847722434492842,-1.3238865073381046e-06,-28.582683016813988,6.213685093643722e-07,3.8609882442970195e-13,4.631988136602462,-6.702556023075038e-08,-34.12958018094306,3.88021457239629e-08,1.5056065127836524e-15,4.716437096131137,-6.268730039398752e-10
