LBP_delta,Std_delta,Var_delta,Kur_delta,SE_delta,LBP_theta,Std_theta,Var_theta,Kur_theta,SE_theta,LBP_alpha,Std_alpha,Var_alpha,Kur_alpha,SE_alpha,LBP_beta,Std_beta,Var_beta,Kur_beta,SE_beta,LBP_gamma,Std_gamma,Var_gamma,Kur_gamma,SE_gamma
-17.983388237119428,0.00012443786633951727,1.5484782579131566e-08,3.077478406509796,-0.00041844018932412535,-23.111024197093432,9.57965658314423e-06,9.17698202509786e-11,3.2327903700530713,-3.218688475843865e-06,-25.035025486397515,3.661952709649415e-06,1.3409897647708695e-11,3.0656181431773812,-1.01966554271199e-06,-28.908671103624577,5.279123594010292e-07,2.786914592083614e-13,3.0691203730990257,-4.908158400924952e-08,-34.45727929766925,3.2937969430827903e-08,1.0849098302261535e-15,3.0875744285192055,-4.572178777276474e-10
