LBP_delta,Std_delta,Var_delta,Kur_delta,SE_delta,LBP_theta,Std_theta,Var_theta,Kur_theta,SE_theta,LBP_alpha,Std_alpha,Var_alpha,Kur_alpha,SE_alpha,LBP_beta,Std_beta,Var_beta,Kur_beta,SE_beta,LBP_gamma,Std_gamma,Var_gamma,Kur_gamma,SE_gamma
-18.061933443399866,0.00011964543819735467,1.4315030881437018e-08,3.0196034616946634,-0.0003893110436830965,-22.841000705016537,1.0966433933264046e-05,1.2026267321264515e-10,3.094909424545709,-4.1723248001209114e-06,-24.65500058508342,4.428274230637475e-06,1.960961266172792e-11,3.2507277308692766,-1.4675657998413338e-06,-28.510013543378665,6.44360906849586e-07,4.152009782760208e-13,5.124899951631639,-7.181396217851846e-08,-34.054894265187194,4.0278535049663646e-08,1.6223603857469826e-15,5.466276941897852,-6.730780584610209e-10
