LBP_delta,Std_delta,Var_delta,Kur_delta,SE_delta,LBP_theta,Std_theta,Var_theta,Kur_theta,SE_theta,LBP_alpha,Std_alpha,Var_alpha,Kur_alpha,SE_alpha,LBP_beta,Std_beta,Var_beta,Kur_beta,SE_beta,LBP_gamma,Std_gamma,Var_gamma,Kur_gamma,SE_gamma
-18.23603865456124,0.00010955349143688482,1.2001967486011597e-08,2.988773159316952,-0.000330449949189578,-22.845363508534202,1.0944303987972355e-05,1.1977778978114758e-10,3.5777539803372704,-4.151654529314674e-06,-24.73402124607647,4.256722227048324e-06,1.811968411824724e-11,3.1103305111326978,-1.3611442529996977e-06,-28.549355832390642,6.31809041786732e-07,3.9918266528346846e-13,10.69505249016193,-6.906499518035029e-08,-30.873566109580945,1.9764329557484984e-07,3.906287228568746e-14,9127.391419064576,-1.0896604591637793e-08
