LBP_delta,Std_delta,Var_delta,Kur_delta,SE_delta,LBP_theta,Std_theta,Var_theta,Kur_theta,SE_theta,LBP_alpha,Std_alpha,Var_alpha,Kur_alpha,SE_alpha,LBP_beta,Std_beta,Var_beta,Kur_beta,SE_beta,LBP_gamma,Std_gamma,Var_gamma,Kur_gamma,SE_gamma
-18.220824660714705,0.00011050326031075754,1.2210970539307042e-08,3.170795655301018,-0.00033425440260015957,-22.722971175268565,1.1634803790529818e-05,1.3536865924412703e-10,3.0977362604362164,-4.665761518804235e-06,-24.713441025167945,4.300751667150967e-06,1.8496464902501823e-11,3.0447364154526113,-1.3885694657530032e-06,-28.629436940761153,6.070112577787275e-07,3.684626670701128e-13,3.0647483983698756,-6.428131803630944e-08,-34.178685452123275,3.78610352144991e-08,1.4334579875135408e-15,3.0569240502611903,-5.992402124560591e-10
