LBP_delta,Std_delta,Var_delta,Kur_delta,SE_delta,LBP_theta,Std_theta,Var_theta,Kur_theta,SE_theta,LBP_alpha,Std_alpha,Var_alpha,Kur_alpha,SE_alpha,LBP_beta,Std_beta,Var_beta,Kur_beta,SE_beta,LBP_gamma,Std_gamma,Var_gamma,Kur_gamma,SE_gamma
-18.212768096829834,0.00011095439879228623,1.2310878611357687e-08,3.0313234816701655,-0.00033763284451373627,-22.843126665723897,1.0954528490777522e-05,1.2000169445525646e-10,3.4707788489557974,-4.151755660826597e-06,-24.562151168073957,4.63870296901806e-06,2.151756523477696e-11,3.66622262039192,-1.6007981600676234e-06,-28.323240084623635,7.074349686139332e-07,5.004642348177967e-13,4.202997819297927,-8.60231937175279e-08,-33.8687956495653,4.42063302385983e-08,1.9541996331640104e-15,4.149292461226516,-8.069964230944095e-10
