LBP_delta,Std_delta,Var_delta,Kur_delta,SE_delta,LBP_theta,Std_theta,Var_theta,Kur_theta,SE_theta,LBP_alpha,Std_alpha,Var_alpha,Kur_alpha,SE_alpha,LBP_beta,Std_beta,Var_beta,Kur_beta,SE_beta,LBP_gamma,Std_gamma,Var_gamma,Kur_gamma,SE_gamma
-18.303367463912807,0.00010599103103271218,1.1234098659377355e-08,3.128846682412731,-0.0003097341174223726,-22.95598043849433,1.0355512148568372e-05,1.0723663185914715e-10,4.175773656707412,-3.7180600469866254e-06,-24.456387834580806,4.890607686963773e-06,2.3918043547789143e-11,15.692407085853436,-1.7212847558657805e-06,-28.279746636431565,7.229879228161464e-07,5.227115365380062e-13,19.80225609562729,-8.72066087001276e-08,-33.82480714417887,4.518938639619519e-08,2.0420806428646306e-15,20.573886473616046,-8.220216838611102e-10
