LBP_delta,Std_delta,Var_delta,Kur_delta,SE_delta,LBP_theta,Std_theta,Var_theta,Kur_theta,SE_theta,LBP_alpha,Std_alpha,Var_alpha,Kur_alpha,SE_alpha,LBP_beta,Std_beta,Var_beta,Kur_beta,SE_beta,LBP_gamma,Std_gamma,Var_gamma,Kur_gamma,SE_gamma
-17.942391345534446,0.00012701621984389757,1.613312010343332e-08,2.983246396671222,-0.0004354496112803361,-22.955730519229867,1.0355133070401408e-05,1.0722878090572089e-10,2.868380020856144,-3.74428539281022e-06,-24.67157172361986,4.391736404223898e-06,1.9287348644185452e-11,3.2727208424669865,-1.4431052556426307e-06,-28.585663610049483,6.204431765193221e-07,3.849497352893867e-13,3.2543872823803404,-6.699075536822294e-08,-34.1445631555591,3.851255351221777e-08,1.4832167780314375e-15,3.27914704198538,-6.189788388896749e-10
