LBP_delta,Std_delta,Var_delta,Kur_delta,SE_delta,LBP_theta,Std_theta,Var_theta,Kur_theta,SE_theta,LBP_alpha,Std_alpha,Var_alpha,Kur_alpha,SE_alpha,LBP_beta,Std_beta,Var_beta,Kur_beta,SE_beta,LBP_gamma,Std_gamma,Var_gamma,Kur_gamma,SE_gamma
-18.08867124775643,0.00011805785763200789,1.3937657748659444e-08,2.7483652631311997,-0.00038112401161012187,-22.923874364857145,1.052274641149509e-05,1.1072819204063278e-10,2.996339886306949,-3.856819859095725e-06,-24.629626752792504,4.484814677454097e-06,2.01135626911077e-11,2.921049538587754,-1.5059276912663993e-06,-28.505407172862302,6.458467512667675e-07,4.171180261218379e-13,2.949267420257709,-7.24949754169842e-08,-34.05978536351997,4.0180152143573006e-08,1.6144446262806747e-15,2.943755486713775,-6.729529108441003e-10
