LBP_delta,Std_delta,Var_delta,Kur_delta,SE_delta,LBP_theta,Std_theta,Var_theta,Kur_theta,SE_theta,LBP_alpha,Std_alpha,Var_alpha,Kur_alpha,SE_alpha,LBP_beta,Std_beta,Var_beta,Kur_beta,SE_beta,LBP_gamma,Std_gamma,Var_gamma,Kur_gamma,SE_gamma
-17.76038106920617,0.00013911753875727465,1.9353689589881814e-08,2.8089487190827698,-0.0005180972520903437,-22.91968793526111,1.0534574342773019e-05,1.1097725658341159e-10,3.2736771037135073,-3.865906379569605e-06,-24.421856240421793,4.97578143504257e-06,2.4758400889314295e-11,4.389542685579923,-1.8250021409656606e-06,-28.213247229945377,7.474310936876286e-07,5.586532398110847e-13,4.487292639342691,-9.544231878036626e-08,-33.75011560303248,4.6908925279353206e-08,2.200447270863942e-15,4.557867488359558,-9.034983816281465e-10
