LBP_delta,Std_delta,Var_delta,Kur_delta,SE_delta,LBP_theta,Std_theta,Var_theta,Kur_theta,SE_theta,LBP_alpha,Std_alpha,Var_alpha,Kur_alpha,SE_alpha,LBP_beta,Std_beta,Var_beta,Kur_beta,SE_beta,LBP_gamma,Std_gamma,Var_gamma,Kur_gamma,SE_gamma
-18.017045792032018,0.00012236242617867521,1.497256334033174e-08,2.56307630689123,-0.00040841709378555517,-22.97193537927786,1.0267093568155877e-05,1.0541321033726779e-10,3.399779116661739,-3.671852698871775e-06,-24.67493871895407,4.384349018327662e-06,1.9222516314510736e-11,3.1846098653473462,-1.4389639612220543e-06,-28.511636863924256,6.438381485121653e-07,4.1452756147957306e-13,3.176519830088212,-7.19601033503049e-08,-34.05919744823369,4.019196439286793e-08,1.6153940017575638e-15,3.1867288494196226,-6.725156399771028e-10
