LBP_delta,Std_delta,Var_delta,Kur_delta,SE_delta,LBP_theta,Std_theta,Var_theta,Kur_theta,SE_theta,LBP_alpha,Std_alpha,Var_alpha,Kur_alpha,SE_alpha,LBP_beta,Std_beta,Var_beta,Kur_beta,SE_beta,LBP_gamma,Std_gamma,Var_gamma,Kur_gamma,SE_gamma
-18.158091959595115,0.00011402445891801189,1.300157723154538e-08,2.8335709532804754,-0.00035618157684246096,-22.729227388262654,1.1598743904891802e-05,1.3453086017126473e-10,2.9279863738280736,-4.644102948897244e-06,-24.546459578402484,4.675241150353858e-06,2.1857879813962066e-11,3.003187268043523,-1.6294409845970668e-06,-28.357180395270404,6.955310373982491e-07,4.837634239842847e-13,3.156019407164941,-8.355899055487331e-08,-33.90280758941776,4.3460904863539684e-08,1.888850251557647e-15,3.1240656291686615,-7.830794734839168e-10
