LBP_delta,Std_delta,Var_delta,Kur_delta,SE_delta,LBP_theta,Std_theta,Var_theta,Kur_theta,SE_theta,LBP_alpha,Std_alpha,Var_alpha,Kur_alpha,SE_alpha,LBP_beta,Std_beta,Var_beta,Kur_beta,SE_beta,LBP_gamma,Std_gamma,Var_gamma,Kur_gamma,SE_gamma
-18.02904664603618,0.0001216195597541451,1.4791317314792069e-08,2.8733023700798115,-0.0004021866689337747,-22.767608631317135,1.1376403569931685e-05,1.294225581859544e-10,3.778181398551187,-4.4650802712335345e-06,-24.312089281998638,5.256502017409792e-06,2.7630813459033215e-11,3.110760603419251,-2.038200181464189e-06,-28.160734042106295,7.673160598439789e-07,5.887739356944887e-13,3.475901503275864,-1.0079826776184687e-07,-33.701904468932554,4.8053401933159435e-08,2.3091294373497707e-15,3.3941978932387427,-9.503759997381193e-10
