LBP_delta,Std_delta,Var_delta,Kur_delta,SE_delta,LBP_theta,Std_theta,Var_theta,Kur_theta,SE_theta,LBP_alpha,Std_alpha,Var_alpha,Kur_alpha,SE_alpha,LBP_beta,Std_beta,Var_beta,Kur_beta,SE_beta,LBP_gamma,Std_gamma,Var_gamma,Kur_gamma,SE_gamma
-17.936328517178595,0.00012740154947890226,1.6231154809625184e-08,3.071453242019528,-0.00043788851444082955,-23.006175323912245,1.0097531812527159e-05,1.0196014870499802e-10,3.0069771166285637,-3.5632737959281903e-06,-24.67115638723961,4.392648524329912e-06,1.9295361058297755e-11,3.0111859243802224,-1.4466419386428162e-06,-28.49512557111176,6.4917546102448e-07,4.2142877919634607e-13,3.0696199917272518,-7.320190525812744e-08,-34.04070429510591,4.0565324929077535e-08,1.6455455866016392e-15,2.9830699155394984,-6.855886190437267e-10
