LBP_delta,Std_delta,Var_delta,Kur_delta,SE_delta,LBP_theta,Std_theta,Var_theta,Kur_theta,SE_theta,LBP_alpha,Std_alpha,Var_alpha,Kur_alpha,SE_alpha,LBP_beta,Std_beta,Var_beta,Kur_beta,SE_beta,LBP_gamma,Std_gamma,Var_gamma,Kur_gamma,SE_gamma
-18.00656832299416,0.00012300388778297704,1.512995640972721e-08,3.4523654464299787,-0.0004076401722335374,-22.53249663695302,1.2796667410751579e-05,1.6375469682139154e-10,2.945224720800634,-5.605278678434524e-06,-23.94917944940066,6.302338992986899e-06,3.971947678252312e-11,3.093975375386848,-2.884788382480671e-06,-27.647685717387677,9.917022635725405e-07,9.834733795749005e-13,2.984171879884211,-1.6559863879722027e-07,-33.167414567139765,6.277510101387423e-08,3.940713307302113e-15,2.961895763827916,-1.5985299255111673e-09
