LBP_delta,Std_delta,Var_delta,Kur_delta,SE_delta,LBP_theta,Std_theta,Var_theta,Kur_theta,SE_theta,LBP_alpha,Std_alpha,Var_alpha,Kur_alpha,SE_alpha,LBP_beta,Std_beta,Var_beta,Kur_beta,SE_beta,LBP_gamma,Std_gamma,Var_gamma,Kur_gamma,SE_gamma
-18.135454342049087,0.00011532737471456351,1.3300403358553344e-08,3.4144275305914675,-0.0003623404499617538,-22.56662456503139,1.2581127434942715e-05,1.5828476753426827e-10,3.2531535478295805,-5.4154347790486755e-06,-24.001505854936397,6.139587796815804e-06,3.7694538314809545e-11,3.017015859462749,-2.744535712233184e-06,-27.697140378213557,9.67480860637803e-07,9.36019215700464e-13,3.2067980758529644,-1.5762307213089092e-07,-33.22805633873388,6.090027354017761e-08,3.708843317268458e-15,3.215698268106777,-1.5049851115392226e-09
