LBP_delta,Std_delta,Var_delta,Kur_delta,SE_delta,LBP_theta,Std_theta,Var_theta,Kur_theta,SE_theta,LBP_alpha,Std_alpha,Var_alpha,Kur_alpha,SE_alpha,LBP_beta,Std_beta,Var_beta,Kur_beta,SE_beta,LBP_gamma,Std_gamma,Var_gamma,Kur_gamma,SE_gamma
-18.20681844602192,0.00011128510404081684,1.2384374381375428e-08,3.0023809174785665,-0.00033951096870527453,-23.089444256292566,9.68575607126148e-06,9.381387067197862e-11,3.459211730507967,-3.285748026773622e-06,-24.924076961146607,3.870842046070984e-06,1.4983418145631e-11,4.224826628520071,-1.1310044899112896e-06,-28.744614066693977,5.730417891789202e-07,3.28376892145378e-13,7.701534751148952,-5.6996209564390136e-08,-34.28425927317572,3.591432328821781e-08,1.2898386172506242e-15,8.169655466069234,-5.364825406405406e-10
