LBP_delta,Std_delta,Var_delta,Kur_delta,SE_delta,LBP_theta,Std_theta,Var_theta,Kur_theta,SE_theta,LBP_alpha,Std_alpha,Var_alpha,Kur_alpha,SE_alpha,LBP_beta,Std_beta,Var_beta,Kur_beta,SE_beta,LBP_gamma,Std_gamma,Var_gamma,Kur_gamma,SE_gamma
-18.073071270216936,0.00011897992243944572,1.4156221943696521e-08,3.0755819526307904,-0.0003854558014257318,-22.975698993937016,1.025180638553168e-05,1.0509953416642814e-10,3.2543176731241044,-3.6645810737298763e-06,-24.629889918245976,4.484224622060134e-06,2.010827046109035e-11,30.47236852694383,-1.4576564745157468e-06,-28.455405733812412,6.621968951804178e-07,4.385047279865852e-13,27.22001086821687,-7.402220635022619e-08,-33.99232644669801,4.155852058312458e-08,1.7271106330579894e-15,26.153586224328546,-7.020160447685071e-10
