LBP_delta,Std_delta,Var_delta,Kur_delta,SE_delta,LBP_theta,Std_theta,Var_theta,Kur_theta,SE_theta,LBP_alpha,Std_alpha,Var_alpha,Kur_alpha,SE_alpha,LBP_beta,Std_beta,Var_beta,Kur_beta,SE_beta,LBP_gamma,Std_gamma,Var_gamma,Kur_gamma,SE_gamma
-17.96685090180975,0.00012540170313942822,1.572558715026928e-08,3.1778628440075627,-0.00042471391656318403,-23.048783773465367,9.885782974428954e-06,9.772870501750939e-11,3.266519719169804,-3.4211201354701584e-06,-24.97652184076449,3.7706562525417884e-06,1.4217848574832485e-11,4.243576685666506,-1.0760522463872092e-06,-28.43326470074713,6.695682462104342e-07,4.4832163633331666e-13,387.2434437723156,-7.253177123337793e-08,-30.13173668683807,2.8639712683290245e-07,8.20233142581416e-14,9584.292307779306,-2.182208629365211e-08
