LBP_delta,Std_delta,Var_delta,Kur_delta,SE_delta,LBP_theta,Std_theta,Var_theta,Kur_theta,SE_theta,LBP_alpha,Std_alpha,Var_alpha,Kur_alpha,SE_alpha,LBP_beta,Std_beta,Var_beta,Kur_beta,SE_beta,LBP_gamma,Std_gamma,Var_gamma,Kur_gamma,SE_gamma
-17.86142553051619,0.00013226043152534634,1.749282174727083e-08,2.76783605026167,-0.0004714489527359808,-23.06490213200935,9.805638578689547e-06,9.615054793588476e-11,3.0313446798720673,-3.370891767890827e-06,-24.769711883375546,4.181434831465941e-06,1.7484397249796605e-11,8.140054866853426,-1.2984604028467986e-06,-28.51185867046676,6.437665595806102e-07,4.1443538323425534e-13,10.896012583786229,-7.086061643682699e-08,-34.040730924464484,4.05647836511337e-08,1.645501672663284e-15,11.669041199585585,-6.75196333383999e-10
