LBP_delta,Std_delta,Var_delta,Kur_delta,SE_delta,LBP_theta,Std_theta,Var_theta,Kur_theta,SE_theta,LBP_alpha,Std_alpha,Var_alpha,Kur_alpha,SE_alpha,LBP_beta,Std_beta,Var_beta,Kur_beta,SE_beta,LBP_gamma,Std_gamma,Var_gamma,Kur_gamma,SE_gamma
-17.905379570135025,0.00012938752919046918,1.6741132710014515e-08,2.8840398709154447,-0.0004510405816326487,-23.121287701158764,9.530966549402918e-06,9.083932336583735e-11,2.9098611865339774,-3.1959128051618108e-06,-25.086843486792482,3.5682982950455243e-06,1.2732752722424794e-11,3.170768322771933,-9.700932253527917e-07,-29.01899804048642,4.995795207773856e-07,2.495796975801623e-13,2.9537654957841912,-4.417178717930153e-08,-34.57446913087889,3.106342841549177e-08,9.649365849243815e-16,2.9507236783234347,-4.083818508359378e-10
