LBP_delta,Std_delta,Var_delta,Kur_delta,SE_delta,LBP_theta,Std_theta,Var_theta,Kur_theta,SE_theta,LBP_alpha,Std_alpha,Var_alpha,Kur_alpha,SE_alpha,LBP_beta,Std_beta,Var_beta,Kur_beta,SE_beta,LBP_gamma,Std_gamma,Var_gamma,Kur_gamma,SE_gamma
-17.91362644514666,0.00012885573746921657,1.660380107873566e-08,2.9857015990673847,-0.0004478526096233069,-23.083513921416753,9.714198565163929e-06,9.436565376343293e-11,2.977447767271543,-3.3109148123615135e-06,-24.94183539537542,3.8366241375852104e-06,1.471968477310146e-11,4.405614048415531,-1.1100974737752287e-06,-28.882638219489,5.348288129565831e-07,2.860418591685477e-13,4.0856965355347485,-5.016020598229324e-08,-34.45091073410812,3.304302284186048e-08,1.0918413585277137e-15,3.9547091943507606,-4.5881063375367893e-10
