LBP_delta,Std_delta,Var_delta,Kur_delta,SE_delta,LBP_theta,Std_theta,Var_theta,Kur_theta,SE_theta,LBP_alpha,Std_alpha,Var_alpha,Kur_alpha,SE_alpha,LBP_beta,Std_beta,Var_beta,Kur_beta,SE_beta,LBP_gamma,Std_gamma,Var_gamma,Kur_gamma,SE_gamma
-17.836804736910928,0.00013390147057847548,1.7929603823078338e-08,2.8085387633544685,-0.00048241900044695193,-22.97380014051651,1.0261775862724755e-05,1.0530404385680038e-10,3.1385536315651086,-3.6769514222781473e-06,-24.992090761468432,3.7414197946787003e-06,1.3998222080013608e-11,3.6536997946315797,-1.0608589329495421e-06,-28.781273111123543,5.626339276922597e-07,3.165569365904188e-13,3.5054830091477007,-5.544339338992505e-08,-34.34032622910885,3.492149782176115e-08,1.219511010115269e-15,3.4660215081481356,-5.119911573593568e-10
