LBP_delta,Std_delta,Var_delta,Kur_delta,SE_delta,LBP_theta,Std_theta,Var_theta,Kur_theta,SE_theta,LBP_alpha,Std_alpha,Var_alpha,Kur_alpha,SE_alpha,LBP_beta,Std_beta,Var_beta,Kur_beta,SE_beta,LBP_gamma,Std_gamma,Var_gamma,Kur_gamma,SE_gamma
-17.992119998068656,0.0001238960811884052,1.535023893384389e-08,2.8568045564699815,-0.0004164483328726196,-22.88718166548469,1.0713912693285853e-05,1.1478792519935173e-10,7.183408509079407,-3.939653060708458e-06,-24.618869815922427,4.508999194716784e-06,2.0331073737956606e-11,13.742614972221665,-1.4817411763191015e-06,-28.344597510991104,6.999207046882178e-07,4.898889928512514e-13,22.950209125765234,-8.179214000972509e-08,-33.91483900742889,4.320024901983557e-08,1.8662615153758045e-15,20.594734450413423,-7.540297411916726e-10
