LBP_delta,Std_delta,Var_delta,Kur_delta,SE_delta,LBP_theta,Std_theta,Var_theta,Kur_theta,SE_theta,LBP_alpha,Std_alpha,Var_alpha,Kur_alpha,SE_alpha,LBP_beta,Std_beta,Var_beta,Kur_beta,SE_beta,LBP_gamma,Std_gamma,Var_gamma,Kur_gamma,SE_gamma
-18.00396931556765,0.0001231423557787331,1.5164039786736085e-08,2.753239108356687,-0.00041213197963105633,-23.0069236506143,1.0094677727831287e-05,1.0190251842877304e-10,4.860357077744437,-3.545522476238575e-06,-24.73268779400671,4.259561244320313e-06,1.814386199411562e-11,3.6290010519583853,-1.3621208632474908e-06,-28.532620578543877,6.371182214884256e-07,4.059196281525745e-13,22.27067145882425,-6.998697780397563e-08,-30.361244665490638,2.553474587637859e-07,6.520232469712335e-14,9434.686437582941,-1.7621114570967128e-08
