LBP_delta,Std_delta,Var_delta,Kur_delta,SE_delta,LBP_theta,Std_theta,Var_theta,Kur_theta,SE_theta,LBP_alpha,Std_alpha,Var_alpha,Kur_alpha,SE_alpha,LBP_beta,Std_beta,Var_beta,Kur_beta,SE_beta,LBP_gamma,Std_gamma,Var_gamma,Kur_gamma,SE_gamma
-18.091222876780428,0.00011789169494076298,1.389845173600592e-08,3.001799020601534,-0.00037801706063658367,-23.14129641669859,9.43905695155449e-06,8.909579613468917e-11,2.8947487057491736,-3.1353464079591494e-06,-24.758212948288442,4.205528637256006e-06,1.7686471118780355e-11,2.9341522618749205,-1.3310217642755328e-06,-28.597664269962298,6.167311738129302e-07,3.8035734075267474e-13,2.9541191254342025,-6.631198908599725e-08,-34.14648798628705,3.8475501139211575e-08,1.480364187913471e-15,2.9370876500307443,-6.186916007494854e-10
