LBP_delta,Std_delta,Var_delta,Kur_delta,SE_delta,LBP_theta,Std_theta,Var_theta,Kur_theta,SE_theta,LBP_alpha,Std_alpha,Var_alpha,Kur_alpha,SE_alpha,LBP_beta,Std_beta,Var_beta,Kur_beta,SE_beta,LBP_gamma,Std_gamma,Var_gamma,Kur_gamma,SE_gamma
-18.22875047633877,0.0001100617272062674,1.2113583795626822e-08,2.642674883532356,-0.00033385398582898014,-23.028953448145206,9.984498904906667e-06,9.969021838208242e-11,3.100038089782613,-3.4847829141296267e-06,-24.724734951824416,4.276525943921751e-06,1.8288674149035822e-11,3.146705873703173,-1.3724409405998345e-06,-28.573047070452127,6.243689865018918e-07,3.8983663130539965e-13,3.0578057378876773,-6.786276665298315e-08,-34.119588477553066,3.899648828748535e-08,1.5207260987559822e-15,3.062007166715294,-6.347165905467409e-10
