LBP_delta,Std_delta,Var_delta,Kur_delta,SE_delta,LBP_theta,Std_theta,Var_theta,Kur_theta,SE_theta,LBP_alpha,Std_alpha,Var_alpha,Kur_alpha,SE_alpha,LBP_beta,Std_beta,Var_beta,Kur_beta,SE_beta,LBP_gamma,Std_gamma,Var_gamma,Kur_gamma,SE_gamma
-17.852042126613423,0.00013288297049732483,1.7657883848192903e-08,3.0094347658400973,-0.00047457044777255016,-23.130957957980986,9.488004171664722e-06,9.002222316152716e-11,3.36479637478689,-3.156687593956164e-06,-24.894086570109547,3.929310197346581e-06,1.5439478626971826e-11,3.1273271504111775,-1.1667534952008937e-06,-28.744998564870354,5.729311932229607e-07,3.2825015216788547e-13,2.9921204504362513,-5.7518927268904784e-08,-34.29344892476224,3.574968131819232e-08,1.278039714352309e-15,2.9595269107619453,-5.364129367751117e-10
