LBP_delta,Std_delta,Var_delta,Kur_delta,SE_delta,LBP_theta,Std_theta,Var_theta,Kur_theta,SE_theta,LBP_alpha,Std_alpha,Var_alpha,Kur_alpha,SE_alpha,LBP_beta,Std_beta,Var_beta,Kur_beta,SE_beta,LBP_gamma,Std_gamma,Var_gamma,Kur_gamma,SE_gamma
-18.122666723346033,0.00011606684216703122,1.3471511850626537e-08,2.8653303752384196,-0.00036807642324390016,-23.07251829010539,9.767926597462814e-06,9.541239001342145e-11,3.0078735059210047,-3.3431339933407133e-06,-24.831264356827948,4.054700646908554e-06,1.644059733604065e-11,3.1621940366028647,-1.2391358176131379e-06,-28.698155796150594,5.865080725323752e-07,3.4399171914564185e-13,3.1385875094559292,-6.013419210719671e-08,-34.253778707863454,3.646585970900585e-08,1.3297589243168965e-15,3.1125762365230942,-5.571172935387682e-10
