LBP_delta,Std_delta,Var_delta,Kur_delta,SE_delta,LBP_theta,Std_theta,Var_theta,Kur_theta,SE_theta,LBP_alpha,Std_alpha,Var_alpha,Kur_alpha,SE_alpha,LBP_beta,Std_beta,Var_beta,Kur_beta,SE_beta,LBP_gamma,Std_gamma,Var_gamma,Kur_gamma,SE_gamma
-17.765650233960294,0.00013874946406691347,1.9251413778855716e-08,3.1655330023594144,-0.0005137938713052724,-23.13992142887053,9.445496925947704e-06,8.921741217808754e-11,3.183057544259323,-3.130196015996684e-06,-24.923210416678636,3.872509245466867e-06,1.499632785622636e-11,3.3590115165391996,-1.1327573883928357e-06,-28.773112722085767,5.649333758674127e-07,3.1914971916895143e-13,3.5206296594103508,-5.5840740202398344e-08,-34.32055958311449,3.526835278717156e-08,1.2438567083203921e-15,3.588826440172113,-5.212222067959776e-10
