LBP_delta,Std_delta,Var_delta,Kur_delta,SE_delta,LBP_theta,Std_theta,Var_theta,Kur_theta,SE_theta,LBP_alpha,Std_alpha,Var_alpha,Kur_alpha,SE_alpha,LBP_beta,Std_beta,Var_beta,Kur_beta,SE_beta,LBP_gamma,Std_gamma,Var_gamma,Kur_gamma,SE_gamma
-17.8905757533235,0.00013034506512303432,1.6989836001928058e-08,3.094365203039049,-0.0004562835133624369,-23.07232972476218,9.769529965030127e-06,9.544371573762155e-11,4.349567534232197,-3.334788884924409e-06,-24.900731590999996,3.916279368267645e-06,1.5337244090318824e-11,44.27477181235642,-1.1288329073725411e-06,-27.385408187121445,1.1306655185543834e-06,1.2784045148478527e-12,1931.141855336515,-1.7242265349458208e-07,-28.21646539467604,7.462155857186095e-07,5.568377003693673e-13,9771.177944715913,-1.3374115376577756e-07
