LBP_delta,Std_delta,Var_delta,Kur_delta,SE_delta,LBP_theta,Std_theta,Var_theta,Kur_theta,SE_theta,LBP_alpha,Std_alpha,Var_alpha,Kur_alpha,SE_alpha,LBP_beta,Std_beta,Var_beta,Kur_beta,SE_beta,LBP_gamma,Std_gamma,Var_gamma,Kur_gamma,SE_gamma
-18.10078328214617,0.00011734444140318411,1.3769717928225308e-08,2.7827204097370037,-0.0003763287028831022,-23.024308145949345,1.0006787952020187e-05,1.0013580511669637e-10,3.0206659651326015,-3.5026930765774273e-06,-24.9218215684269,3.875193849961466e-06,1.501712737477917e-11,3.2532733057192194,-1.1352407847341835e-06,-28.807980357820636,5.551700573300733e-07,3.082137925558769e-13,3.10018629056866,-5.412056090157548e-08,-34.35659055138175,3.463866203614939e-08,1.199836907654577e-15,3.1300840306380784,-5.042853499000897e-10
