LBP_delta,Std_delta,Var_delta,Kur_delta,SE_delta,LBP_theta,Std_theta,Var_theta,Kur_theta,SE_theta,LBP_alpha,Std_alpha,Var_alpha,Kur_alpha,SE_alpha,LBP_beta,Std_beta,Var_beta,Kur_beta,SE_beta,LBP_gamma,Std_gamma,Var_gamma,Kur_gamma,SE_gamma
-18.032462403607564,0.00012142056134405976,1.4742952717106581e-08,2.8634166172745115,-0.0004006693503520615,-23.057399505064392,9.84290634048104e-06,9.688280522748183e-11,3.276836318507415,-3.3873667103689867e-06,-24.909785959428618,3.898600084309688e-06,1.5199082617379508e-11,3.112840151295032,-1.149947280457652e-06,-28.806071931716453,5.557007007416903e-07,3.0880326880480564e-13,3.0562859806811518,-5.420608985396507e-08,-34.36461670668818,3.449993581576598e-08,1.190245571291972e-15,3.0312075090862787,-5.004648763172796e-10
