LBP_delta,Std_delta,Var_delta,Kur_delta,SE_delta,LBP_theta,Std_theta,Var_theta,Kur_theta,SE_theta,LBP_alpha,Std_alpha,Var_alpha,Kur_alpha,SE_alpha,LBP_beta,Std_beta,Var_beta,Kur_beta,SE_beta,LBP_gamma,Std_gamma,Var_gamma,Kur_gamma,SE_gamma
-17.81474091426966,0.00013538481198066194,1.8329047315039184e-08,3.300522076147988,-0.000489737984501687,-22.993075150770842,1.0164821624111879e-05,1.0332359865001247e-10,2.9940043051643785,-3.6096405387062023e-06,-24.810024061323194,4.097997667336015e-06,1.6793584881491423e-11,3.255475118577747,-1.2638359292903943e-06,-28.704920557282268,5.845285109964921e-07,3.416735801677762e-13,3.1256705802761817,-5.976115516758934e-08,-34.26436871076714,3.627328360866428e-08,1.3157511037545929e-15,3.1479576397269287,-5.514650837043259e-10
