LBP_delta,Std_delta,Var_delta,Kur_delta,SE_delta,LBP_theta,Std_theta,Var_theta,Kur_theta,SE_theta,LBP_alpha,Std_alpha,Var_alpha,Kur_alpha,SE_alpha,LBP_beta,Std_beta,Var_beta,Kur_beta,SE_beta,LBP_gamma,Std_gamma,Var_gamma,Kur_gamma,SE_gamma
-17.970357574729093,0.0001252506144446141,1.5687716418753372e-08,4.062267822628056,-0.0004212099804596337,-23.016377670239084,1.0046339270818001e-05,1.0092893274437997e-10,3.1174503646092924,-3.524285276295639e-06,-24.857888037976124,4.00108830070329e-06,1.6008707590024737e-11,3.1454765134310008,-1.208240717934571e-06,-28.630608105914586,6.066558885894937e-07,3.680313671603081e-13,3.033592850963053,-6.421902438563119e-08,-33.82777145308372,4.5122272231841884e-08,2.0360194513644493e-15,815.0337004623127,-7.966403837266117e-10
