LBP_delta,Std_delta,Var_delta,Kur_delta,SE_delta,LBP_theta,Std_theta,Var_theta,Kur_theta,SE_theta,LBP_alpha,Std_alpha,Var_alpha,Kur_alpha,SE_alpha,LBP_beta,Std_beta,Var_beta,Kur_beta,SE_beta,LBP_gamma,Std_gamma,Var_gamma,Kur_gamma,SE_gamma
-17.90072516747755,0.00012968936573584634,1.681933158496611e-08,3.1551868805183547,-0.0004522356689859843,-22.956282757055643,1.0346321044403051e-05,1.0704635915385744e-10,2.9885697811450056,-3.738100840866969e-06,-24.862250425879424,3.992369003833343e-06,1.5939010262769236e-11,2.8439244745205152,-1.20576007663917e-06,-28.809888973907988,5.546410621953812e-07,3.0762670787322067e-13,3.247553452265862,-5.401680870480192e-08,-34.37865058097324,3.425869790310202e-08,1.1736583820160067e-15,3.044796367822488,-4.937549897393949e-10
