LBP_delta,Std_delta,Var_delta,Kur_delta,SE_delta,LBP_theta,Std_theta,Var_theta,Kur_theta,SE_theta,LBP_alpha,Std_alpha,Var_alpha,Kur_alpha,SE_alpha,LBP_beta,Std_beta,Var_beta,Kur_beta,SE_beta,LBP_gamma,Std_gamma,Var_gamma,Kur_gamma,SE_gamma
-18.066131314143405,0.00011938848259170162,1.4253609775549039e-08,3.4594650920073287,-0.0003851058268532619,-22.82168228749728,1.1074756160603604e-05,1.2265022401682748e-10,53.14531372135784,-4.076224603873782e-06,-24.07444834992401,5.919703590075608e-06,3.504289059435404e-11,71.41041529668115,-2.3565024242943026e-06,-27.317569916812094,1.169674609699627e-06,1.3681386925759748e-12,104.56076180111849,-2.0455268277134566e-07,-32.706312427836544,7.905229705564884e-08,6.249265669774546e-15,114.37063473270308,-2.2752788234900274e-09
