LBP_delta,Std_delta,Var_delta,Kur_delta,SE_delta,LBP_theta,Std_theta,Var_theta,Kur_theta,SE_theta,LBP_alpha,Std_alpha,Var_alpha,Kur_alpha,SE_alpha,LBP_beta,Std_beta,Var_beta,Kur_beta,SE_beta,LBP_gamma,Std_gamma,Var_gamma,Kur_gamma,SE_gamma
-17.86515176008494,0.00013200917147565612,1.742642135368918e-08,2.9489744604372783,-0.0004688936698416708,-22.94366578564951,1.041908672507222e-05,1.0855736818457615e-10,3.0601262663013684,-3.7787049813746623e-06,-24.877050248458982,3.962937006106539e-06,1.5704869714368662e-11,3.0748589821545496,-1.1865904830022714e-06,-28.803150483218992,5.565129860512309e-07,3.0970670364365746e-13,3.0513843318917946,-5.435666585873319e-08,-34.37265388323996,3.4361573413147606e-08,1.1807177274271325e-15,3.0593600790161273,-4.964667598893275e-10
