LBP_delta,Std_delta,Var_delta,Kur_delta,SE_delta,LBP_theta,Std_theta,Var_theta,Kur_theta,SE_theta,LBP_alpha,Std_alpha,Var_alpha,Kur_alpha,SE_alpha,LBP_beta,Std_beta,Var_beta,Kur_beta,SE_beta,LBP_gamma,Std_gamma,Var_gamma,Kur_gamma,SE_gamma
-17.901366657826323,0.00012964818527850898,1.680865194601059e-08,2.93447419564371,-0.00045303473580250595,-23.087989240447236,9.694077411053593e-06,9.397513685149952e-11,2.895243728675477,-3.2999600254784227e-06,-24.765440895585552,4.190372790606073e-06,1.7559224124251724e-11,3.2396990734449904,-1.3194413676549935e-06,-28.561356621824217,6.280297359287532e-07,3.9442134921073956e-13,3.239120596652911,-6.85660119448842e-08,-34.103079731899584,3.9319695233926376e-08,1.5460384332888527e-15,3.202420881689844,-6.44446216796189e-10
