LBP_delta,Std_delta,Var_delta,Kur_delta,SE_delta,LBP_theta,Std_theta,Var_theta,Kur_theta,SE_theta,LBP_alpha,Std_alpha,Var_alpha,Kur_alpha,SE_alpha,LBP_beta,Std_beta,Var_beta,Kur_beta,SE_beta,LBP_gamma,Std_gamma,Var_gamma,Kur_gamma,SE_gamma
-18.038027149533995,0.00012108362492072267,1.4661244223942251e-08,2.9740848771857995,-0.0003981890000744939,-22.944425284643017,1.0413000089277918e-05,1.0843057085930195e-10,2.981856774406722,-3.780598167231682e-06,-24.647497006819442,4.44492001103435e-06,1.975731390449361e-11,3.1647300022279192,-1.478130297423101e-06,-28.46575386951794,6.587794926265999e-07,4.3399041990536047e-13,3.05658920753185,-7.528109272921531e-08,-34.01296006375684,4.1131975226144307e-08,1.6918393860041491e-15,3.0742657330821417,-7.039144916301516e-10
