LBP_delta,Std_delta,Var_delta,Kur_delta,SE_delta,LBP_theta,Std_theta,Var_theta,Kur_theta,SE_theta,LBP_alpha,Std_alpha,Var_alpha,Kur_alpha,SE_alpha,LBP_beta,Std_beta,Var_beta,Kur_beta,SE_beta,LBP_gamma,Std_gamma,Var_gamma,Kur_gamma,SE_gamma
-17.93488572814078,0.0001274916019531567,1.625410856858215e-08,3.054515013634528,-0.0004381003558364667,-22.92110898128098,1.0537003797132597e-05,1.1102844902078678e-10,3.0350445382240574,-3.864312935740913e-06,-24.98309814054722,3.758280219884666e-06,1.4124670211176336e-11,3.156928045075342,-1.0717963912011405e-06,-28.915909225382716,5.260052593029879e-07,2.7668153281440353e-13,3.0720455882332374,-4.875995810178946e-08,-34.485425036482646,3.2477686539822886e-08,1.0548001229789927e-15,3.0593557726263576,-4.4503782375512407e-10
