LBP_delta,Std_delta,Var_delta,Kur_delta,SE_delta,LBP_theta,Std_theta,Var_theta,Kur_theta,SE_theta,LBP_alpha,Std_alpha,Var_alpha,Kur_alpha,SE_alpha,LBP_beta,Std_beta,Var_beta,Kur_beta,SE_beta,LBP_gamma,Std_gamma,Var_gamma,Kur_gamma,SE_gamma
-18.15039012031339,0.00011446597787693959,1.3102460091324023e-08,2.921561374684327,-0.00035859688508678813,-22.960483301623697,1.0329788906385836e-05,1.0670453885049188e-10,2.918848208382905,-3.7251864457210777e-06,-24.93587712466054,3.848070805568887e-06,1.4807648924671584e-11,2.9779815394021045,-1.1223013446348963e-06,-28.910280419658108,5.274877064351317e-07,2.782432804401957e-13,2.940435573132904,-4.9060350133192526e-08,-34.478142762464714,3.259615861389999e-08,1.0625095563825265e-15,2.9266004696584216,-4.4846161423614283e-10
