LBP_delta,Std_delta,Var_delta,Kur_delta,SE_delta,LBP_theta,Std_theta,Var_theta,Kur_theta,SE_theta,LBP_alpha,Std_alpha,Var_alpha,Kur_alpha,SE_alpha,LBP_beta,Std_beta,Var_beta,Kur_beta,SE_beta,LBP_gamma,Std_gamma,Var_gamma,Kur_gamma,SE_gamma
-18.079305574694683,0.00011860389077113231,1.4066882906050684e-08,3.0332866600260453,-0.00038254674815780523,-22.938851219789345,1.044447725069088e-05,1.0908710504019932e-10,3.0825740039027654,-3.798440929260346e-06,-24.961668139146127,3.7987664957494713e-06,1.4430626889228718e-11,2.979964078093692,-1.0945319693394744e-06,-28.894240182304795,5.317352300514644e-07,2.8274235487788373e-13,3.0497027405464046,-4.978695515906901e-08,-34.45999840564375,3.289322251833813e-08,1.081964087640907e-15,3.0146561560331935,-4.5622442902556877e-10
