LBP_delta,Std_delta,Var_delta,Kur_delta,SE_delta,LBP_theta,Std_theta,Var_theta,Kur_theta,SE_theta,LBP_alpha,Std_alpha,Var_alpha,Kur_alpha,SE_alpha,LBP_beta,Std_beta,Var_beta,Kur_beta,SE_beta,LBP_gamma,Std_gamma,Var_gamma,Kur_gamma,SE_gamma
-17.946326503058906,0.00012676478908318027,1.606931175130318e-08,3.5268595808356897,-0.00043180160117586456,-23.02855599231074,9.98645465304547e-06,9.972927653733351e-11,3.2465204779285526,-3.4820564544354705e-06,-24.935819683262615,3.848181564479702e-06,1.4808501353201445e-11,3.1611812076031263,-1.121228077602902e-06,-28.843564937537494,5.45380205792921e-07,2.974395688707288e-13,3.1120834621403812,-5.227301108863876e-08,-34.41053728666097,3.371683247584342e-08,1.1368247922040893e-15,3.129430972028259,-4.784196171781954e-10
