LBP_delta,Std_delta,Var_delta,Kur_delta,SE_delta,LBP_theta,Std_theta,Var_theta,Kur_theta,SE_theta,LBP_alpha,Std_alpha,Var_alpha,Kur_alpha,SE_alpha,LBP_beta,Std_beta,Var_beta,Kur_beta,SE_beta,LBP_gamma,Std_gamma,Var_gamma,Kur_gamma,SE_gamma
-18.078406704271554,0.00011866477845415445,1.4081329645573559e-08,2.6374978334343586,-0.00038520688428741946,-23.04998982247639,9.87825278554535e-06,9.757987809513446e-11,3.3883237214215054,-3.409797395017598e-06,-25.031331618339255,3.66872625527053e-06,1.3459552336111325e-11,3.126212302738327,-1.023353420223448e-06,-28.897942366886554,5.307518844028483e-07,2.8169756279717434e-13,2.9906777067212533,-4.9646485915340635e-08,-34.464262779821176,3.2823160869558465e-08,1.0773598894689142e-15,2.9758618419008305,-4.545084328442226e-10
