LBP_delta,Std_delta,Var_delta,Kur_delta,SE_delta,LBP_theta,Std_theta,Var_theta,Kur_theta,SE_theta,LBP_alpha,Std_alpha,Var_alpha,Kur_alpha,SE_alpha,LBP_beta,Std_beta,Var_beta,Kur_beta,SE_beta,LBP_gamma,Std_gamma,Var_gamma,Kur_gamma,SE_gamma
-17.7487311828798,0.0001399222446323649,1.957823454295937e-08,2.8755037398236705,-0.0005227039696386434,-23.028173449133675,9.987817220506245e-06,9.97564928302411e-11,3.0659550900837313,-3.4867029629832904e-06,-24.930003504603473,3.859388706997593e-06,1.4894881191700558e-11,3.362980377518181,-1.1268761041110768e-06,-28.918007633079114,5.254535911566179e-07,2.7610147645938616e-13,3.143875215059111,-4.8648027798766606e-08,-34.483819561420354,3.250376906474377e-08,1.056495003414194e-15,3.0906794238738766,-4.456490919475857e-10
