LBP_delta,Std_delta,Var_delta,Kur_delta,SE_delta,LBP_theta,Std_theta,Var_theta,Kur_theta,SE_theta,LBP_alpha,Std_alpha,Var_alpha,Kur_alpha,SE_alpha,LBP_beta,Std_beta,Var_beta,Kur_beta,SE_beta,LBP_gamma,Std_gamma,Var_gamma,Kur_gamma,SE_gamma
-17.89797021555004,0.00012986887866849527,1.6865925646612345e-08,2.7888543015856775,-0.0004557460072985049,-23.11867676068972,9.544640926044072e-06,9.110017040711543e-11,3.0065955228881243,-3.2036254214344656e-06,-25.029733964827976,3.6716575103065253e-06,1.3481068872990312e-11,2.9132308712451827,-1.0261655247009171e-06,-28.896705661269348,5.310801755755188e-07,2.8204615288932385e-13,2.9918635545411387,-4.969754391583431e-08,-34.45960774655124,3.2899647479553785e-08,1.0823868042789097e-15,3.0041592213943136,-4.564260468818183e-10
