LBP_delta,Std_delta,Var_delta,Kur_delta,SE_delta,LBP_theta,Std_theta,Var_theta,Kur_theta,SE_theta,LBP_alpha,Std_alpha,Var_alpha,Kur_alpha,SE_alpha,LBP_beta,Std_beta,Var_beta,Kur_beta,SE_beta,LBP_gamma,Std_gamma,Var_gamma,Kur_gamma,SE_gamma
-17.78871845849761,0.0001371587235829486,1.8812515454903702e-08,3.376506255155525,-0.000501150748253161,-22.955714500192165,1.035577281207968e-05,1.072420305354087e-10,2.938707386183052,-3.740489103537883e-06,-24.892308064396858,3.9328178082060375e-06,1.5467055912542542e-11,2.944174136520944,-1.1706700809818187e-06,-28.830036723635768,5.490817868577803e-07,3.0149080865893283e-13,3.0535772475091,-5.297165874563876e-08,-34.395789934199236,3.39663674207386e-08,1.1537141157606124e-15,3.0445170016024927,-4.854705051210815e-10
