LBP_delta,Std_delta,Var_delta,Kur_delta,SE_delta,LBP_theta,Std_theta,Var_theta,Kur_theta,SE_theta,LBP_alpha,Std_alpha,Var_alpha,Kur_alpha,SE_alpha,LBP_beta,Std_beta,Var_beta,Kur_beta,SE_beta,LBP_gamma,Std_gamma,Var_gamma,Kur_gamma,SE_gamma
-18.0996137296955,0.00011741329256187223,1.3785881270219801e-08,3.5875463384754984,-0.00037383721800249433,-23.144060770705032,9.426070632719282e-06,8.885080757301288e-11,3.4148977125898985,-3.1168081404857614e-06,-24.99308957827225,3.7395489810918053e-06,1.3984226581984758e-11,3.477979319997638,-1.0610508389976429e-06,-28.91892192156082,5.252132628106123e-07,2.758489714321694e-13,3.618296960453729,-4.8560792161236514e-08,-34.48573117913768,3.2472715228053014e-08,1.054477234282226e-15,3.5262683294063355,-4.445066049270482e-10
