LBP_delta,Std_delta,Var_delta,Kur_delta,SE_delta,LBP_theta,Std_theta,Var_theta,Kur_theta,SE_theta,LBP_alpha,Std_alpha,Var_alpha,Kur_alpha,SE_alpha,LBP_beta,Std_beta,Var_beta,Kur_beta,SE_beta,LBP_gamma,Std_gamma,Var_gamma,Kur_gamma,SE_gamma
-17.898721815679085,0.00012980829436364061,1.685019328559757e-08,2.753680196626495,-0.0004550827468365434,-23.042493548361133,9.916827569752187e-06,9.834346904819709e-11,3.1979240399688873,-3.439659871743369e-06,-24.900206700254156,3.9173178790235195e-06,1.5345379365317327e-11,3.142726517423777,-1.16001873755982e-06,-28.854221421635607,5.424819992927251e-07,2.942867195566322e-13,3.086538862199055,-5.17480486435258e-08,-34.42210888254892,3.352231640107795e-08,1.1237456968939797e-15,3.0867274584869384,-4.732313326413236e-10
