LBP_delta,Std_delta,Var_delta,Kur_delta,SE_delta,LBP_theta,Std_theta,Var_theta,Kur_theta,SE_theta,LBP_alpha,Std_alpha,Var_alpha,Kur_alpha,SE_alpha,LBP_beta,Std_beta,Var_beta,Kur_beta,SE_beta,LBP_gamma,Std_gamma,Var_gamma,Kur_gamma,SE_gamma
-17.716352589575543,0.00014221389136963566,2.022479089849453e-08,2.9390099540136787,-0.0005397986159967948,-23.04874592675095,9.883990321111115e-06,9.769326466781822e-11,3.0041412866606385,-3.4225366083670974e-06,-24.968211167820744,3.7863590184431664e-06,1.4336514616545898e-11,2.944121731061385,-1.088408062670737e-06,-28.850760059103546,5.434211787793024e-07,2.953065775458865e-13,3.437856693228119,-5.190371090838694e-08,-34.40666763648011,3.378213183082937e-08,1.141232431035535e-15,4.102888749620614,-4.801890716854278e-10
