LBP_delta,Std_delta,Var_delta,Kur_delta,SE_delta,LBP_theta,Std_theta,Var_theta,Kur_theta,SE_theta,LBP_alpha,Std_alpha,Var_alpha,Kur_alpha,SE_alpha,LBP_beta,Std_beta,Var_beta,Kur_beta,SE_beta,LBP_gamma,Std_gamma,Var_gamma,Kur_gamma,SE_gamma
-18.026569756278477,0.00012177572600513092,1.4829327444076721e-08,2.755326065802211,-0.0004034566325856539,-22.89178248267993,1.0692557396796027e-05,1.1433078368377742e-10,3.0101457727585395,-3.972434916863911e-06,-25.031780566560126,3.667903445833679e-06,1.3453515687958573e-11,3.1518035860751015,-1.022796532379103e-06,-28.950175845539025,5.170698141880883e-07,2.673611927445041e-13,3.0815299431944734,-4.7173986472093256e-08,-34.516680254509865,3.1974084196330365e-08,1.0223420601940233e-15,3.031599937290024,-4.318233159357924e-10
