LBP_delta,Std_delta,Var_delta,Kur_delta,SE_delta,LBP_theta,Std_theta,Var_theta,Kur_theta,SE_theta,LBP_alpha,Std_alpha,Var_alpha,Kur_alpha,SE_alpha,LBP_beta,Std_beta,Var_beta,Kur_beta,SE_beta,LBP_gamma,Std_gamma,Var_gamma,Kur_gamma,SE_gamma
-17.929065402477065,0.00012785750669471903,1.634754201819012e-08,3.3101383480006086,-0.0004397947903771598,-22.938812321119062,1.0444800118637485e-05,1.0909384951828961e-10,2.9500397246268935,-3.801816875661454e-06,-24.93026658152155,3.858880867999147e-06,1.489096155340985e-11,2.928636301547237,-1.1292401494153295e-06,-28.855940785028192,5.420159383029784e-07,2.9378127737445806e-13,3.119475951218472,-5.166078654796931e-08,-34.42941073829241,3.34001522541547e-08,1.1155701706007153e-15,3.093466849507027,-4.69901544078484e-10
