LBP_delta,Std_delta,Var_delta,Kur_delta,SE_delta,LBP_theta,Std_theta,Var_theta,Kur_theta,SE_theta,LBP_alpha,Std_alpha,Var_alpha,Kur_alpha,SE_alpha,LBP_beta,Std_beta,Var_beta,Kur_beta,SE_beta,LBP_gamma,Std_gamma,Var_gamma,Kur_gamma,SE_gamma
-17.79582051987689,0.00013667416703791455,1.867982793550777e-08,2.870324215374089,-0.0005010232369678556,-23.003559503283224,1.011120170457743e-05,1.0223639991064952e-10,3.0653283024399927,-3.5716793676322947e-06,-24.887491907568293,3.942300375143622e-06,1.5541732247857543e-11,3.025421785524118,-1.1756506189880153e-06,-28.84095088852923,5.460935791101599e-07,2.982181971453444e-13,3.039297979791559,-5.241572837987259e-08,-34.404693998066996,3.381548018101827e-08,1.1434866998728391e-15,3.0221677935447855,-4.81318810975031e-10
