LBP_delta,Std_delta,Var_delta,Kur_delta,SE_delta,LBP_theta,Std_theta,Var_theta,Kur_theta,SE_theta,LBP_alpha,Std_alpha,Var_alpha,Kur_alpha,SE_alpha,LBP_beta,Std_beta,Var_beta,Kur_beta,SE_beta,LBP_gamma,Std_gamma,Var_gamma,Kur_gamma,SE_gamma
-17.84900965584268,0.00013308272844237773,1.7711012609667656e-08,2.983490880767933,-0.00047595534979055933,-22.920748529067826,1.0538732191748207e-05,1.1106487620938998e-10,3.286427079102144,-3.858960574047666e-06,-24.951199289267667,3.818703023044414e-06,1.4582492778208548e-11,3.3319989306112485,-1.1034683612264515e-06,-28.84188499463597,5.458384946098378e-07,2.979396621979339e-13,3.6007010069637793,-5.22656191469098e-08,-34.40798401788209,3.3759903589722104e-08,1.1397310903873314e-15,3.5872470794456537,-4.790375386661773e-10
