LBP_delta,Std_delta,Var_delta,Kur_delta,SE_delta,LBP_theta,Std_theta,Var_theta,Kur_theta,SE_theta,LBP_alpha,Std_alpha,Var_alpha,Kur_alpha,SE_alpha,LBP_beta,Std_beta,Var_beta,Kur_beta,SE_beta,LBP_gamma,Std_gamma,Var_gamma,Kur_gamma,SE_gamma
-17.9314710093505,0.00012770423625807056,1.63083719582571e-08,2.674265696872439,-0.00044115468257309003,-22.92367151509877,1.0524122859661773e-05,1.1075716196525548e-10,2.890967874585447,-3.860228333680221e-06,-24.949077723853183,3.822755157946355e-06,1.4613456997605464e-11,3.2401576772745186,-1.1064614380549832e-06,-28.921153627838702,5.246277628839972e-07,2.7523428958866763e-13,3.3483136923337686,-4.8472807929962795e-08,-34.48758695704446,3.244259915899822e-08,1.0525222401914317e-15,3.300384702071996,-4.438738067794495e-10
