LBP_delta,Std_delta,Var_delta,Kur_delta,SE_delta,LBP_theta,Std_theta,Var_theta,Kur_theta,SE_theta,LBP_alpha,Std_alpha,Var_alpha,Kur_alpha,SE_alpha,LBP_beta,Std_beta,Var_beta,Kur_beta,SE_beta,LBP_gamma,Std_gamma,Var_gamma,Kur_gamma,SE_gamma
-17.81563881872833,0.00013531981581843295,1.8311452553134613e-08,3.03290427542663,-0.0004907270054937082,-22.90724716933007,1.0609842731509577e-05,1.125687627873666e-10,3.0107648720697058,-3.917807166029124e-06,-25.012297171625256,3.7038091639368116e-06,1.3718202322862303e-11,3.031669596983041,-1.0425330110335776e-06,-28.898797467722797,5.305248658495806e-07,2.814566332847155e-13,3.0114407632471725,-4.959005758673341e-08,-34.461865810860324,3.2862523909455654e-08,1.0799454776995443e-15,2.978978409116577,-4.555570569290239e-10
