LBP_delta,Std_delta,Var_delta,Kur_delta,SE_delta,LBP_theta,Std_theta,Var_theta,Kur_theta,SE_theta,LBP_alpha,Std_alpha,Var_alpha,Kur_alpha,SE_alpha,LBP_beta,Std_beta,Var_beta,Kur_beta,SE_beta,LBP_gamma,Std_gamma,Var_gamma,Kur_gamma,SE_gamma
-17.8313122795354,0.00013425787806622036,1.8025177822844096e-08,2.805878434722981,-0.00048436992219858357,-22.937191469937595,1.0452060476383335e-05,1.0924556820197465e-10,3.0530906776996205,-3.8059165789615358e-06,-24.933487498937335,3.852670079452118e-06,1.4843066741105594e-11,2.766726561761037,-1.1265337936914508e-06,-28.836760914129957,5.472386223584915e-07,2.9947010980081964e-13,2.9841675117917332,-5.2655142473942915e-08,-34.38916390025165,3.4079085933163434e-08,1.1613840980399376e-15,3.004222610138567,-4.887754219975218e-10
