LBP_delta,Std_delta,Var_delta,Kur_delta,SE_delta,LBP_theta,Std_theta,Var_theta,Kur_theta,SE_theta,LBP_alpha,Std_alpha,Var_alpha,Kur_alpha,SE_alpha,LBP_beta,Std_beta,Var_beta,Kur_beta,SE_beta,LBP_gamma,Std_gamma,Var_gamma,Kur_gamma,SE_gamma
-17.96752797302484,0.00012542313917766155,1.573096384117906e-08,3.026543706183617,-0.00042537455825087273,-22.95224400526361,1.0373806029202796e-05,1.0761585153152427e-10,2.842373415539376,-3.7582332627056433e-06,-24.915108766426805,3.888238156622708e-06,1.5118395962616758e-11,3.051619890047118,-1.144248934420181e-06,-28.843053954610205,5.455196524520237e-07,2.975916912113768e-13,3.0661046434281265,-5.230468910277501e-08,-34.4029847771942,3.384439643502477e-08,1.1454431700511172e-15,3.03302866690021,-4.820864803867597e-10
