LBP_delta,Std_delta,Var_delta,Kur_delta,SE_delta,LBP_theta,Std_theta,Var_theta,Kur_theta,SE_theta,LBP_alpha,Std_alpha,Var_alpha,Kur_alpha,SE_alpha,LBP_beta,Std_beta,Var_beta,Kur_beta,SE_beta,LBP_gamma,Std_gamma,Var_gamma,Kur_gamma,SE_gamma
-17.792446202120303,0.00013690330767975105,1.8742515653656585e-08,3.9746635039424048,-0.000497164845362748,-22.782308277143933,1.1291756281504951e-05,1.2750375992090651e-10,2.945209059949875,-4.4142872768896246e-06,-24.986360413441968,3.7521549709075447e-06,1.4078666925706197e-11,2.9975761494184625,-1.06893090845403e-06,-28.865970525165228,5.393046186633185e-07,2.9084947171158737e-13,3.2203732533778195,-5.114632348900524e-08,-34.43812460637394,3.3254946820609654e-08,1.1058914880415761e-15,3.1831833897766466,-4.658115283185662e-10
