LBP_delta,Std_delta,Var_delta,Kur_delta,SE_delta,LBP_theta,Std_theta,Var_theta,Kur_theta,SE_theta,LBP_alpha,Std_alpha,Var_alpha,Kur_alpha,SE_alpha,LBP_beta,Std_beta,Var_beta,Kur_beta,SE_beta,LBP_gamma,Std_gamma,Var_gamma,Kur_gamma,SE_gamma
-18.058297847350538,0.00011977401670513998,1.4345815077683152e-08,3.0233640687200056,-0.00039039412197484593,-22.98044233764294,1.0229040680364394e-05,1.0463327324054968e-10,5.207931303936982,-3.6240843906635564e-06,-24.712127058309232,4.3035771056732184e-06,1.852077590447468e-11,11.487739353961862,-1.3693219604429082e-06,-28.15134323850616,7.709270588421998e-07,5.943285300550846e-13,597.5514490969673,-9.260428066554117e-08,-29.533127464137365,3.8632675258960917e-07,1.492483597664331e-13,9637.573153884723,-3.8475356951767724e-08
