LBP_delta,Std_delta,Var_delta,Kur_delta,SE_delta,LBP_theta,Std_theta,Var_theta,Kur_theta,SE_theta,LBP_alpha,Std_alpha,Var_alpha,Kur_alpha,SE_alpha,LBP_beta,Std_beta,Var_beta,Kur_beta,SE_beta,LBP_gamma,Std_gamma,Var_gamma,Kur_gamma,SE_gamma
-17.990456578039403,0.0001239990916462705,1.5375774729100188e-08,3.662478736398503,-0.00041334770141250495,-23.072452846347048,9.76940730492092e-06,9.544131908944223e-11,3.1916596434773328,-3.3394693316561598e-06,-24.960673132636906,3.8006563256395397e-06,1.4444988505623847e-11,3.0177386704262754,-1.0961891307501785e-06,-28.89052352662934,5.327242343229002e-07,2.837951098349203e-13,3.1255567081734075,-4.9988877400930885e-08,-34.45565725275471,3.296469684548117e-08,1.086671238114476e-15,3.121513459305383,-4.581261945553519e-10
