LBP_delta,Std_delta,Var_delta,Kur_delta,SE_delta,LBP_theta,Std_theta,Var_theta,Kur_theta,SE_theta,LBP_alpha,Std_alpha,Var_alpha,Kur_alpha,SE_alpha,LBP_beta,Std_beta,Var_beta,Kur_beta,SE_beta,LBP_gamma,Std_gamma,Var_gamma,Kur_gamma,SE_gamma
-17.741789130188284,0.00014041618541793204,1.9716705127323073e-08,2.726335473421202,-0.0005280711647101342,-22.95663161805303,1.0351046330275045e-05,1.0714416013150046e-10,2.914413479646143,-3.737476309536498e-06,-24.98110457179143,3.7620273427612306e-06,1.4152849727683126e-11,2.9358093657203366,-1.0752105434829654e-06,-28.885168579398552,5.341525898703148e-07,2.8531898926516477e-13,3.013781627615982,-5.024177056452601e-08,-34.45194161454695,3.302599663512606e-08,1.090716453743358e-15,3.0022196102500915,-4.5987667611908794e-10
