LBP_delta,Std_delta,Var_delta,Kur_delta,SE_delta,LBP_theta,Std_theta,Var_theta,Kur_theta,SE_theta,LBP_alpha,Std_alpha,Var_alpha,Kur_alpha,SE_alpha,LBP_beta,Std_beta,Var_beta,Kur_beta,SE_beta,LBP_gamma,Std_gamma,Var_gamma,Kur_gamma,SE_gamma
-18.071066216746885,0.00011894686932917983,1.4148357723212983e-08,3.0738727162539656,-0.00038512935351636354,-22.962964006367304,1.0318116282823089e-05,1.0646352362585896e-10,3.2232014431971723,-3.7084459394408847e-06,-24.842411168882546,4.032169792322583e-06,1.6258393234118742e-11,3.5237696445084357,-1.224275222411484e-06,-28.757664463414386,5.693148243381187e-07,3.2411936921114297e-13,5.105235116459548,-5.650492473441688e-08,-32.518251576934134,8.684497490452215e-08,7.542049666167081e-15,6882.146017945389,-2.3816060884708307e-09
