LBP_delta,Std_delta,Var_delta,Kur_delta,SE_delta,LBP_theta,Std_theta,Var_theta,Kur_theta,SE_theta,LBP_alpha,Std_alpha,Var_alpha,Kur_alpha,SE_alpha,LBP_beta,Std_beta,Var_beta,Kur_beta,SE_beta,LBP_gamma,Std_gamma,Var_gamma,Kur_gamma,SE_gamma
-17.905852674215314,0.00012921945346854537,1.669766715470956e-08,2.5859612531886897,-0.00045302675477009043,-22.929932691281884,1.0490181513271425e-05,1.1004390818138158e-10,5.653598440598519,-3.8136978250420294e-06,-24.93875111443309,3.842473793788184e-06,1.476460485594896e-11,6.77575106505414,-1.113972947424181e-06,-28.541782031702596,6.342063222232592e-07,4.022176591479525e-13,455.46902821477664,-6.552094864681387e-08,-29.10618585364097,4.782598850997086e-07,2.2873251769558647e-13,9720.141792990762,-5.758956085224314e-08
