LBP_delta,Std_delta,Var_delta,Kur_delta,SE_delta,LBP_theta,Std_theta,Var_theta,Kur_theta,SE_theta,LBP_alpha,Std_alpha,Var_alpha,Kur_alpha,SE_alpha,LBP_beta,Std_beta,Var_beta,Kur_beta,SE_beta,LBP_gamma,Std_gamma,Var_gamma,Kur_gamma,SE_gamma
-17.93560408493204,0.00012744506840714923,1.6242245461302947e-08,3.343756854172005,-0.0004361976084911593,-22.752314153132396,1.1463433257138567e-05,1.3141030204087052e-10,8.058748494193097,-4.48414842058666e-06,-24.196061677061017,5.570471515925012e-06,3.10301529097319e-11,13.948846693379274,-2.2104271762087114e-06,-27.5572024557633,1.0375989317365511e-06,1.076611543140832e-12,21.761349232710792,-1.73122965242611e-07,-31.47109923956204,1.4659904821769937e-07,2.1491280938335344e-14,6068.026324713999,-6.578834746305171e-09
