LBP_delta,Std_delta,Var_delta,Kur_delta,SE_delta,LBP_theta,Std_theta,Var_theta,Kur_theta,SE_theta,LBP_alpha,Std_alpha,Var_alpha,Kur_alpha,SE_alpha,LBP_beta,Std_beta,Var_beta,Kur_beta,SE_beta,LBP_gamma,Std_gamma,Var_gamma,Kur_gamma,SE_gamma
-18.01870796936063,0.0001222069818970954,1.4934546424397003e-08,2.9729619438509234,-0.0004057559095527128,-22.854410536744073,1.0894910913232911e-05,1.1869908380728158e-10,8.085001602549786,-4.079887693145822e-06,-24.503427996381898,4.7769087406899624e-06,2.2818857116880166e-11,20.077484355300527,-1.6640350229325668e-06,-27.444234787143518,1.0978927127967121e-06,1.205368408812124e-12,1289.0398170800927,-1.713151775078095e-07,-28.430912547256625,6.703438956084753e-07,4.493609383795464e-13,9735.381144484581,-1.0928061873921015e-07
