LBP_delta,Std_delta,Var_delta,Kur_delta,SE_delta,LBP_theta,Std_theta,Var_theta,Kur_theta,SE_theta,LBP_alpha,Std_alpha,Var_alpha,Kur_alpha,SE_alpha,LBP_beta,Std_beta,Var_beta,Kur_beta,SE_beta,LBP_gamma,Std_gamma,Var_gamma,Kur_gamma,SE_gamma
-17.85749910695036,0.00013251149196277508,1.7559295502200603e-08,3.1170442785047485,-0.0004718512622602877,-22.860275800374772,1.0857623885971367e-05,1.1788799644921597e-10,7.409693820173013,-4.0417807361711875e-06,-24.738822449678242,4.246517072415709e-06,1.8032907246318084e-11,15.268399897898876,-1.3316305583588199e-06,-28.44749806905405,6.648202550605882e-07,4.419859715388256e-13,17.685857855962176,-7.488824498723462e-08,-33.959464222752906,4.224701589384864e-08,1.7848103519350993e-15,18.070828530754124,-7.266653469684456e-10
