LBP_delta,Std_delta,Var_delta,Kur_delta,SE_delta,LBP_theta,Std_theta,Var_theta,Kur_theta,SE_theta,LBP_alpha,Std_alpha,Var_alpha,Kur_alpha,SE_alpha,LBP_beta,Std_beta,Var_beta,Kur_beta,SE_beta,LBP_gamma,Std_gamma,Var_gamma,Kur_gamma,SE_gamma
-18.04174439696387,0.00012071461063323144,1.457201722033267e-08,2.8553388750060096,-0.00039692506931294076,-23.049284168263505,9.882918068247885e-06,9.76720695437005e-11,3.4674730643312253,-3.407732270229858e-06,-24.88594364066846,3.9453539473652375e-06,1.556581776999046e-11,3.679855397611362,-1.1739641592921072e-06,-28.607742042375033,6.136316332240399e-07,3.765437812932027e-13,115.32825257091007,-6.349472240240885e-08,-30.852824956431963,1.997047751834905e-07,3.988199723108849e-14,8945.116859443875,-1.1105736869113886e-08
