LBP_delta,Std_delta,Var_delta,Kur_delta,SE_delta,LBP_theta,Std_theta,Var_theta,Kur_theta,SE_theta,LBP_alpha,Std_alpha,Var_alpha,Kur_alpha,SE_alpha,LBP_beta,Std_beta,Var_beta,Kur_beta,SE_beta,LBP_gamma,Std_gamma,Var_gamma,Kur_gamma,SE_gamma
-17.894377490106756,0.00013010155869422674,1.6926415574667328e-08,2.9767513770945873,-0.00045587283194967025,-23.026351436405825,9.996594425267007e-06,9.99319001032794e-11,2.7882087814693235,-3.5036283983502944e-06,-24.822454347546294,4.072606154770938e-06,1.658612089187812e-11,3.06049613454378,-1.2503477272955085e-06,-28.799078079603184,5.576472623657426e-07,3.1097046922400736e-13,3.053839835452647,-5.458683135179594e-08,-34.38307703208394,3.418296038159406e-08,1.1684747804496294e-15,3.0364170617100013,-4.916029944818022e-10
