LBP_delta,Std_delta,Var_delta,Kur_delta,SE_delta,LBP_theta,Std_theta,Var_theta,Kur_theta,SE_theta,LBP_alpha,Std_alpha,Var_alpha,Kur_alpha,SE_alpha,LBP_beta,Std_beta,Var_beta,Kur_beta,SE_beta,LBP_gamma,Std_gamma,Var_gamma,Kur_gamma,SE_gamma
-18.154908407331042,0.00011420537261321294,1.3042867133722809e-08,2.9944667696347462,-0.00035680312479038066,-22.753568504559876,1.14584212764345e-05,1.3129541814824685e-10,3.0265423281402652,-4.535304435360923e-06,-24.75558529198167,4.211074287374164e-06,1.7733146653783823e-11,3.0772998987085267,-1.3329029463990754e-06,-28.71305594702705,5.821555843317449e-07,3.3890512436863544e-13,3.0386206599465786,-5.932644029436009e-08,-34.28108467988672,3.597137544793617e-08,1.293939851616385e-15,3.0709914972508514,-5.427145235745342e-10
