LBP_delta,Std_delta,Var_delta,Kur_delta,SE_delta,LBP_theta,Std_theta,Var_theta,Kur_theta,SE_theta,LBP_alpha,Std_alpha,Var_alpha,Kur_alpha,SE_alpha,LBP_beta,Std_beta,Var_beta,Kur_beta,SE_beta,LBP_gamma,Std_gamma,Var_gamma,Kur_gamma,SE_gamma
-17.887618836436797,0.00013054257414809057,1.7041363665209725e-08,2.8808642232710326,-0.00045977820222688594,-22.94481920670015,1.0412613014805446e-05,1.0842250979609575e-10,6.452696019301646,-3.758624513124666e-06,-24.709461029207162,4.309319134996862e-06,1.85702314072501e-11,12.024870521092307,-1.3777912336721478e-06,-28.646637556715852,6.01813105479102e-07,3.621790139264007e-13,5.6726987994320615,-6.301646443128651e-08,-34.20800356221994,3.7310099562401676e-08,1.3920435293563256e-15,4.906700540040334,-5.812077364161433e-10
