LBP_delta,Std_delta,Var_delta,Kur_delta,SE_delta,LBP_theta,Std_theta,Var_theta,Kur_theta,SE_theta,LBP_alpha,Std_alpha,Var_alpha,Kur_alpha,SE_alpha,LBP_beta,Std_beta,Var_beta,Kur_beta,SE_beta,LBP_gamma,Std_gamma,Var_gamma,Kur_gamma,SE_gamma
-18.078853185349967,0.00011862811932348003,1.4072630694225817e-08,3.0431699483075088,-0.00038306185087656866,-22.63058069640516,1.2184700869696507e-05,1.4846693528398281e-10,3.6200000058205646,-5.084281978652399e-06,-24.357620385074256,5.138185319231021e-06,2.6400948374761187e-11,11.441648339142969,-1.9238957747745837e-06,-28.14212607643404,7.74488423697126e-07,5.998323184408589e-13,14.946870820630242,-1.0085217533194325e-07,-33.67668388091972,4.866323886250873e-08,2.36811081658958e-15,15.694677965124178,-9.586064916155228e-10
