LBP_delta,Std_delta,Var_delta,Kur_delta,SE_delta,LBP_theta,Std_theta,Var_theta,Kur_theta,SE_theta,LBP_alpha,Std_alpha,Var_alpha,Kur_alpha,SE_alpha,LBP_beta,Std_beta,Var_beta,Kur_beta,SE_beta,LBP_gamma,Std_gamma,Var_gamma,Kur_gamma,SE_gamma
-17.925186194823148,0.00012811274404999644,1.6412875188019896e-08,2.886492346576181,-0.00044321364302557276,-22.739731469859315,1.1537947795725965e-05,1.3312423933689763e-10,3.244801206429537,-4.5880843912663215e-06,-24.68743626556659,4.35703397895359e-06,1.8983745093756152e-11,3.049044795839823,-1.4235386747991107e-06,-28.690858222791988,5.886526629799824e-07,3.4651195763342466e-13,3.0157033223325,-6.060654451495158e-08,-34.26268669954393,3.630380204026857e-08,1.3179660425790083e-15,2.9843630772317766,-5.526363009153077e-10
