LBP_delta,Std_delta,Var_delta,Kur_delta,SE_delta,LBP_theta,Std_theta,Var_theta,Kur_theta,SE_theta,LBP_alpha,Std_alpha,Var_alpha,Kur_alpha,SE_alpha,LBP_beta,Std_beta,Var_beta,Kur_beta,SE_beta,LBP_gamma,Std_gamma,Var_gamma,Kur_gamma,SE_gamma
-17.82144570466174,0.00013493410295952954,1.8207212141492917e-08,3.3088211645186525,-0.00048764877881707537,-22.81035771177657,1.1137651625187112e-05,1.2404728372403312e-10,3.066448440917685,-4.2954692156158425e-06,-24.74679254500824,4.2296238369209906e-06,1.7889717801850242e-11,3.192865831075862,-1.344293840143682e-06,-28.73327602947376,5.762995632762557e-07,3.3212118663240303e-13,3.092587279823604,-5.811767211528871e-08,-34.29959215226902,3.56400409008831e-08,1.27021251541662e-15,3.047054546804109,-5.327894597918419e-10
