LBP_delta,Std_delta,Var_delta,Kur_delta,SE_delta,LBP_theta,Std_theta,Var_theta,Kur_theta,SE_theta,LBP_alpha,Std_alpha,Var_alpha,Kur_alpha,SE_alpha,LBP_beta,Std_beta,Var_beta,Kur_beta,SE_beta,LBP_gamma,Std_gamma,Var_gamma,Kur_gamma,SE_gamma
-17.77494187962117,0.00013808379001646417,1.9067133065310966e-08,3.224930676618581,-0.0005090446195134289,-22.716761251857818,1.1665567384747664e-05,1.3608546240808844e-10,3.077698483866828,-4.6944100971324175e-06,-24.607419105389038,4.5348906795689446e-06,2.056523347564128e-11,4.263435898083273,-1.5287424055078643e-06,-28.505077225183438,6.45953308756697e-07,4.172556770937247e-13,4.903998762396674,-7.206654471330187e-08,-34.060841923807516,4.0158930126143574e-08,1.6127396688764821e-15,5.057770290048867,-6.685504907073179e-10
