LBP_delta,Std_delta,Var_delta,Kur_delta,SE_delta,LBP_theta,Std_theta,Var_theta,Kur_theta,SE_theta,LBP_alpha,Std_alpha,Var_alpha,Kur_alpha,SE_alpha,LBP_beta,Std_beta,Var_beta,Kur_beta,SE_beta,LBP_gamma,Std_gamma,Var_gamma,Kur_gamma,SE_gamma
-17.839484725092415,0.00013371883801540675,1.7880727640190587e-08,2.908551351549615,-0.0004800893902894089,-22.653751764981784,1.2044230395474434e-05,1.4506348581927026e-10,3.069163061299367,-4.984914791675609e-06,-24.707563047715237,4.3134111030048325e-06,1.8605515343525368e-11,3.020296643017715,-1.3957859099181552e-06,-28.71167494190651,5.825577740262585e-07,3.3937356007842925e-13,3.248939112056132,-5.9355586154407084e-08,-34.296585935237204,3.569365149722294e-08,1.2740367572052051e-15,3.1979904195558047,-5.344241604922751e-10
