LBP_delta,Std_delta,Var_delta,Kur_delta,SE_delta,LBP_theta,Std_theta,Var_theta,Kur_theta,SE_theta,LBP_alpha,Std_alpha,Var_alpha,Kur_alpha,SE_alpha,LBP_beta,Std_beta,Var_beta,Kur_beta,SE_beta,LBP_gamma,Std_gamma,Var_gamma,Kur_gamma,SE_gamma
-17.863066573100408,0.0001321503982681305,1.746372776242551e-08,2.6113688572063496,-0.00047156936529387005,-22.647495284494205,1.2078895367955714e-05,1.45899713310022e-10,3.303460315217064,-5.012315806400688e-06,-24.689126169877834,4.353357621212412e-06,1.8951722578168195e-11,3.1331188270538064,-1.4203217422035476e-06,-28.70325396194033,5.850157881295478e-07,3.422434723608359e-13,3.25449691997998,-5.980270827596948e-08,-34.28186325877341,3.595737485385263e-08,1.2929328063804734e-15,3.2435897896752977,-5.417561998586915e-10
