LBP_delta,Std_delta,Var_delta,Kur_delta,SE_delta,LBP_theta,Std_theta,Var_theta,Kur_theta,SE_theta,LBP_alpha,Std_alpha,Var_alpha,Kur_alpha,SE_alpha,LBP_beta,Std_beta,Var_beta,Kur_beta,SE_beta,LBP_gamma,Std_gamma,Var_gamma,Kur_gamma,SE_gamma
-18.03614466982744,0.00012101863118538834,1.4645509093985047e-08,3.0254292415630597,-0.00039946719156803317,-22.557985870989754,1.2632820772219077e-05,1.595881606630098e-10,3.0499611729165683,-5.465465310162064e-06,-24.715671753233643,4.2959523559276486e-06,1.8455206644400314e-11,3.0822378698001422,-1.3852975750199177e-06,-28.66802526627061,5.954114560395048e-07,3.545148019830831e-13,3.2992035762871357,-6.190312065239137e-08,-32.24587665923141,9.951528717047714e-08,9.903292380622532e-15,7398.554017332048,-3.0608863982734564e-09
