LBP_delta,Std_delta,Var_delta,Kur_delta,SE_delta,LBP_theta,Std_theta,Var_theta,Kur_theta,SE_theta,LBP_alpha,Std_alpha,Var_alpha,Kur_alpha,SE_alpha,LBP_beta,Std_beta,Var_beta,Kur_beta,SE_beta,LBP_gamma,Std_gamma,Var_gamma,Kur_gamma,SE_gamma
-18.0407024198395,0.0001209236470267484,1.462252841024964e-08,2.9861598232684052,-0.0003971315999095976,-22.64480508583098,1.2098511833816924e-05,1.4637398859300814e-10,6.885642120329545,-4.9713903515648894e-06,-23.84546106877791,6.6377962787614806e-06,4.4060339438339753e-11,36.140082291130625,-2.9813173115513235e-06,-27.51232724167271,1.0611433245257692e-06,1.1260251551856017e-12,38.909633906982684,-1.7608468303105587e-07,-33.02069250798023,6.755348010686214e-08,4.56347267454822e-15,38.548614097024156,-1.7402147950942263e-09
