LBP_delta,Std_delta,Var_delta,Kur_delta,SE_delta,LBP_theta,Std_theta,Var_theta,Kur_theta,SE_theta,LBP_alpha,Std_alpha,Var_alpha,Kur_alpha,SE_alpha,LBP_beta,Std_beta,Var_beta,Kur_beta,SE_beta,LBP_gamma,Std_gamma,Var_gamma,Kur_gamma,SE_gamma
-18.008821199992454,0.0001228666688937257,1.5096218325040425e-08,3.1694459936205126,-0.0004091320872003969,-22.86411320949392,1.0842251128900817e-05,1.1755440954215103e-10,3.656433579555487,-4.064215088955518e-06,-24.772903116440588,4.174767102626285e-06,1.7428680361170668e-11,4.497079306269657,-1.3038581494612836e-06,-28.76216871596123,5.680341152059445e-07,3.226627560378002e-13,5.337746849542887,-5.621420340300315e-08,-34.33391031069307,3.5033707823476435e-08,1.2273606838607138e-15,5.421814964050029,-5.130242263725519e-10
