LBP_delta,Std_delta,Var_delta,Kur_delta,SE_delta,LBP_theta,Std_theta,Var_theta,Kur_theta,SE_theta,LBP_alpha,Std_alpha,Var_alpha,Kur_alpha,SE_alpha,LBP_beta,Std_beta,Var_beta,Kur_beta,SE_beta,LBP_gamma,Std_gamma,Var_gamma,Kur_gamma,SE_gamma
-17.965776466306206,0.00012551959765819893,1.5755169396276138e-08,2.649817247126947,-0.00042772001675502497,-22.935281697312288,1.0461351971473926e-05,1.094398850710614e-10,2.9372804661198546,-3.816589799606375e-06,-24.84021423709826,4.036602497145972e-06,1.6294159719965096e-11,3.2507641149964828,-1.2278059326935148e-06,-28.740708191885794,5.741620203219719e-07,3.2966202558020837e-13,3.1213492801949982,-5.77263591174977e-08,-34.301475280316104,3.5606499613179695e-08,1.2678228147033659e-15,3.1313601720764352,-5.318441948137244e-10
