LBP_delta,Std_delta,Var_delta,Kur_delta,SE_delta,LBP_theta,Std_theta,Var_theta,Kur_theta,SE_theta,LBP_alpha,Std_alpha,Var_alpha,Kur_alpha,SE_alpha,LBP_beta,Std_beta,Var_beta,Kur_beta,SE_beta,LBP_gamma,Std_gamma,Var_gamma,Kur_gamma,SE_gamma
-17.852267831647435,0.00013286463638796525,1.7653011602506218e-08,2.7223460883073316,-0.000475349023484702,-22.86979357785144,1.0811090375398698e-05,1.1687967510503838e-10,2.9865332040407844,-4.062409846030178e-06,-24.817520300078247,4.082666485314438e-06,1.666816563030975e-11,3.2148449579491643,-1.255049576450421e-06,-28.698856870003823,5.86303345885593e-07,3.437516133966413e-13,3.2685786794818186,-6.004962661604135e-08,-34.25459355600827,3.6451005587809424e-08,1.328675808362514e-15,3.322078803549291,-5.561350236650103e-10
