LBP_delta,Std_delta,Var_delta,Kur_delta,SE_delta,LBP_theta,Std_theta,Var_theta,Kur_theta,SE_theta,LBP_alpha,Std_alpha,Var_alpha,Kur_alpha,SE_alpha,LBP_beta,Std_beta,Var_beta,Kur_beta,SE_beta,LBP_gamma,Std_gamma,Var_gamma,Kur_gamma,SE_gamma
-17.97492005483291,0.000124949552179789,1.5612390589929814e-08,3.0970713539853993,-0.0004222635363998414,-22.80729023909717,1.1154493779741423e-05,1.244227314822901e-10,3.068108353143936,-4.307116454887051e-06,-24.8075652754013,4.1030389397676146e-06,1.683492854124935e-11,3.061360583297264,-1.2686361999555338e-06,-28.70208385908526,5.853580943946492e-07,3.426440986733351e-13,2.958497060215112,-5.996453126657045e-08,-34.263024788258676,3.6297666007877226e-08,1.3175205576194056e-15,2.9905173771338607,-5.523386888398347e-10
