LBP_delta,Std_delta,Var_delta,Kur_delta,SE_delta,LBP_theta,Std_theta,Var_theta,Kur_theta,SE_theta,LBP_alpha,Std_alpha,Var_alpha,Kur_alpha,SE_alpha,LBP_beta,Std_beta,Var_beta,Kur_beta,SE_beta,LBP_gamma,Std_gamma,Var_gamma,Kur_gamma,SE_gamma
-17.77121824054394,0.00013833620443478575,1.9136905457422833e-08,3.119379685688556,-0.0005102687585867323,-22.86408083258017,1.0841639199040569e-05,1.1754114052217304e-10,2.8435603915254597,-4.085255186229058e-06,-24.8306368372467,4.055979002982309e-06,1.6450965672633363e-11,3.0150343583175623,-1.2407635617173335e-06,-28.738847117871074,5.746966161459421e-07,3.302762006095962e-13,2.903559859667796,-5.7897216420838415e-08,-34.29097731011247,3.579388903641136e-08,1.2812024923509297e-15,2.9113582275587966,-5.378694208984038e-10
