LBP_delta,Std_delta,Var_delta,Kur_delta,SE_delta,LBP_theta,Std_theta,Var_theta,Kur_theta,SE_theta,LBP_alpha,Std_alpha,Var_alpha,Kur_alpha,SE_alpha,LBP_beta,Std_beta,Var_beta,Kur_beta,SE_beta,LBP_gamma,Std_gamma,Var_gamma,Kur_gamma,SE_gamma
-17.764024818044238,0.0001387532883577146,1.9252475030079098e-08,2.833759091036098,-0.000515821016553664,-22.8174000051128,1.109848344480444e-05,1.2317633477459824e-10,3.1607746504359375,-4.264378791233118e-06,-24.605093953026355,4.540166026548442e-06,2.0613107548624673e-11,3.262238890255104,-1.5382223263713683e-06,-28.41930234681864,6.742591688936617e-07,4.546254268371714e-13,3.3634202976410523,-7.85966287669742e-08,-33.08638738739891,6.536984507051216e-08,4.273216644542763e-15,3328.0401644942094,-1.5047537580024601e-09
