LBP_delta,Std_delta,Var_delta,Kur_delta,SE_delta,LBP_theta,Std_theta,Var_theta,Kur_theta,SE_theta,LBP_alpha,Std_alpha,Var_alpha,Kur_alpha,SE_alpha,LBP_beta,Std_beta,Var_beta,Kur_beta,SE_beta,LBP_gamma,Std_gamma,Var_gamma,Kur_gamma,SE_gamma
-17.94649864046937,0.00012674393712183512,1.606402559714369e-08,2.772766408410686,-0.0004354768494644242,-22.62483907561666,1.2219275059698398e-05,1.4931068298456728e-10,6.5113792796762135,-5.0616954178739635e-06,-23.995274293585485,6.158747186386121e-06,3.793016690581896e-11,17.169167816847164,-2.6656657904244765e-06,-27.648468792178484,9.913140912527092e-07,9.827036275161848e-13,28.993391274413575,-1.582716202118226e-07,-33.161778795819465,6.295224594229048e-08,3.962985269178628e-15,31.197609053148344,-1.5456452585275735e-09
