LBP_delta,Std_delta,Var_delta,Kur_delta,SE_delta,LBP_theta,Std_theta,Var_theta,Kur_theta,SE_theta,LBP_alpha,Std_alpha,Var_alpha,Kur_alpha,SE_alpha,LBP_beta,Std_beta,Var_beta,Kur_beta,SE_beta,LBP_gamma,Std_gamma,Var_gamma,Kur_gamma,SE_gamma
-18.334380629218757,0.00010440703764277344,1.0900829509339509e-08,2.7978212012549286,-0.0003014313767110554,-22.946249406152578,1.0405733004031312e-05,1.0827927935118653e-10,3.2608956144049266,-3.7684429159871412e-06,-24.931330234752693,3.856829144172669e-06,1.4875131047339684e-11,3.1225979977738256,-1.126515395080149e-06,-28.94847137785743,5.175106413262543e-07,2.678172638859111e-13,3.241348760248915,-4.7206362206032435e-08,-34.528953618940825,3.177847030705998e-08,1.0098711750566926e-15,3.238436201108691,-4.263009011648683e-10
