LBP_delta,Std_delta,Var_delta,Kur_delta,SE_delta,LBP_theta,Std_theta,Var_theta,Kur_theta,SE_theta,LBP_alpha,Std_alpha,Var_alpha,Kur_alpha,SE_alpha,LBP_beta,Std_beta,Var_beta,Kur_beta,SE_beta,LBP_gamma,Std_gamma,Var_gamma,Kur_gamma,SE_gamma
-17.714413574824487,0.00014234541188105505,2.0262216283587212e-08,2.536093315742202,-0.0005429578789127084,-22.835968779812045,1.099461057206726e-05,1.2088146163141318e-10,4.706537763864168,-4.165423673250012e-06,-24.25347024903987,5.412847037583085e-06,2.9298913052271983e-11,20.311435302877424,-2.0712785901543553e-06,-27.974375695240845,8.422509323076258e-07,7.093866329730648e-13,22.75609029965424,-1.1618475731708487e-07,-33.50444087905055,5.3039949493852075e-08,2.813236242310379e-15,23.03940900976182,-1.115343818829877e-09
