LBP_delta,Std_delta,Var_delta,Kur_delta,SE_delta,LBP_theta,Std_theta,Var_theta,Kur_theta,SE_theta,LBP_alpha,Std_alpha,Var_alpha,Kur_alpha,SE_alpha,LBP_beta,Std_beta,Var_beta,Kur_beta,SE_beta,LBP_gamma,Std_gamma,Var_gamma,Kur_gamma,SE_gamma
-17.74783824701115,0.0001399828278616847,1.959519209615405e-08,3.045046394212998,-0.000522869357098665,-22.589809756564296,1.2433299490640198e-05,1.5458693622395382e-10,6.291046607792192,-5.236402073186179e-06,-23.86654168655356,6.5681982297119425e-06,4.314122798479109e-11,17.053001128032665,-2.9904119416396016e-06,-27.45407073860631,1.0925071122268503e-06,1.1935717902662519e-12,19.23527270559539,-1.9026895139151163e-07,-32.96093825249756,6.96022370067838e-08,4.8444713963485034e-15,19.028530453159572,-1.8754568603282643e-09
