LBP_delta,Std_delta,Var_delta,Kur_delta,SE_delta,LBP_theta,Std_theta,Var_theta,Kur_theta,SE_theta,LBP_alpha,Std_alpha,Var_alpha,Kur_alpha,SE_alpha,LBP_beta,Std_beta,Var_beta,Kur_beta,SE_beta,LBP_gamma,Std_gamma,Var_gamma,Kur_gamma,SE_gamma
-17.883348186500335,0.00013082084711329295,1.711409403943957e-08,2.7944677690112285,-0.0004618917680666271,-22.387549534599707,1.3759574389884322e-05,1.893258873907605e-10,7.9995465488630915,-6.31046998013726e-06,-23.606257368176628,7.481115055189995e-06,5.5967082468990396e-11,19.20139611410025,-3.816637211293576e-06,-27.180729622736916,1.2525052501098342e-06,1.5687694015526982e-12,23.741114339238234,-2.4639452018967483e-07,-32.69050334543658,7.967964548303312e-08,6.34884590430184e-15,24.184010683560384,-2.4284969471906472e-09
