LBP_delta,Std_delta,Var_delta,Kur_delta,SE_delta,LBP_theta,Std_theta,Var_theta,Kur_theta,SE_theta,LBP_alpha,Std_alpha,Var_alpha,Kur_alpha,SE_alpha,LBP_beta,Std_beta,Var_beta,Kur_beta,SE_beta,LBP_gamma,Std_gamma,Var_gamma,Kur_gamma,SE_gamma
-17.973255352276887,0.00012507031657133205,1.5642584087253218e-08,2.8050059895344903,-0.000423504661648908,-22.977335083847564,1.0245006085126173e-05,1.0496014968427231e-10,3.2411670139934907,-3.659057603529768e-06,-24.804886793348068,4.108537255566948e-06,1.6880078380381587e-11,2.9948399909425705,-1.2726725874913876e-06,-28.70571275723944,5.842969342144286e-07,3.4140290733238027e-13,3.018485417855689,-5.976097637042884e-08,-34.263889832937764,3.628196976012151e-08,1.3163813296743719e-15,3.0198583295565333,-5.521026436765569e-10
