LBP_delta,Std_delta,Var_delta,Kur_delta,SE_delta,LBP_theta,Std_theta,Var_theta,Kur_theta,SE_theta,LBP_alpha,Std_alpha,Var_alpha,Kur_alpha,SE_alpha,LBP_beta,Std_beta,Var_beta,Kur_beta,SE_beta,LBP_gamma,Std_gamma,Var_gamma,Kur_gamma,SE_gamma
-17.913305767786873,0.000128270726252586,1.6453379213365853e-08,3.457237412434119,-0.0004462031424675108,-22.811629897427657,1.1130301196261363e-05,1.2388360471949713e-10,22.68750855347198,-4.174754524638946e-06,-24.751276699343656,4.2201249461876094e-06,1.7809454561434975e-11,17.711377204791514,-1.313954485212593e-06,-28.401216218757355,6.803836914426208e-07,4.629219675810874e-13,192.4806229479044,-7.547222886854473e-08,-29.367293533490855,4.197284959382343e-07,1.7617201030257236e-13,8882.71792791629,-4.540067506108356e-08
