LBP_delta,Std_delta,Var_delta,Kur_delta,SE_delta,LBP_theta,Std_theta,Var_theta,Kur_theta,SE_theta,LBP_alpha,Std_alpha,Var_alpha,Kur_alpha,SE_alpha,LBP_beta,Std_beta,Var_beta,Kur_beta,SE_beta,LBP_gamma,Std_gamma,Var_gamma,Kur_gamma,SE_gamma
-17.92009605766673,0.00012799425296247945,1.638252879142318e-08,4.074156580904251,-0.0004388595008964013,-22.916831733919263,1.0559328111238762e-05,1.1149941016079716e-10,4.388564155600498,-3.85598222740852e-06,-24.749218348501294,4.224487080930502e-06,1.7846291096948715e-11,10.403931962981394,-1.317778030338551e-06,-28.094728740112924,7.930620493824143e-07,6.289474141706348e-13,228.89623305797912,-9.984061333142534e-08,-29.1574650783658,4.661610360985522e-07,2.1730611157647568e-13,2978.0324227189417,-5.8566811530570096e-08
