LBP_delta,Std_delta,Var_delta,Kur_delta,SE_delta,LBP_theta,Std_theta,Var_theta,Kur_theta,SE_theta,LBP_alpha,Std_alpha,Var_alpha,Kur_alpha,SE_alpha,LBP_beta,Std_beta,Var_beta,Kur_beta,SE_beta,LBP_gamma,Std_gamma,Var_gamma,Kur_gamma,SE_gamma
-17.793042668701325,0.00013682272210585567,1.8720457284456208e-08,2.7353171503870013,-0.0005027852746958424,-22.9567209605579,1.0350741820611363e-05,1.0713785623695303e-10,3.2433697114422295,-3.7285456276667958e-06,-24.804679782785474,4.108961844512014e-06,1.6883567439655567e-11,4.861675001385127,-1.2648470418790453e-06,-28.67215591586812,5.941833051461566e-07,3.5305380011441065e-13,3.562181887440536,-6.158090771728612e-08,-34.22483014451135,3.699751559150309e-08,1.3688161599435143e-15,3.432841687074441,-5.724201495240339e-10
