LBP_delta,Std_delta,Var_delta,Kur_delta,SE_delta,LBP_theta,Std_theta,Var_theta,Kur_theta,SE_theta,LBP_alpha,Std_alpha,Var_alpha,Kur_alpha,SE_alpha,LBP_beta,Std_beta,Var_beta,Kur_beta,SE_beta,LBP_gamma,Std_gamma,Var_gamma,Kur_gamma,SE_gamma
-17.77561244099512,0.00013806205274437183,1.906113040798971e-08,3.5259554464517673,-0.0005067544465120394,-22.804848346464194,1.116711541871e-05,1.2470446677479064e-10,10.799644556877999,-4.272603558989442e-06,-24.61123804518313,4.52622489338279e-06,2.048671178547805e-11,44.72685857445117,-1.4881045689951e-06,-27.29050689381786,1.1856088176535815e-06,1.4056682684979236e-12,1828.2013778529627,-1.9097850478233848e-07,-28.147561722970668,7.723719925357076e-07,5.965584948535793e-13,9789.003761570119,-1.427860665599205e-07
