LBP_delta,Std_delta,Var_delta,Kur_delta,SE_delta,LBP_theta,Std_theta,Var_theta,Kur_theta,SE_theta,LBP_alpha,Std_alpha,Var_alpha,Kur_alpha,SE_alpha,LBP_beta,Std_beta,Var_beta,Kur_beta,SE_beta,LBP_gamma,Std_gamma,Var_gamma,Kur_gamma,SE_gamma
-18.13587116867121,0.00011530327167409894,1.3294844458751066e-08,2.879523987887203,-0.000363305132490357,-22.9144872727435,1.057120869479393e-05,1.1175045326888678e-10,2.7643738037124908,-3.898630579700122e-06,-24.96216506134808,3.7978219837461823e-06,1.4423451820225787e-11,3.220301198218933,-1.092890722977004e-06,-28.90373132831627,5.292178508758282e-07,2.8007153368563025e-13,3.001410181215229,-4.935060862541235e-08,-34.46970330269189,3.273399616823747e-08,1.0715145051421854e-15,2.993637457203742,-4.51992202973757e-10
