LBP_delta,Std_delta,Var_delta,Kur_delta,SE_delta,LBP_theta,Std_theta,Var_theta,Kur_theta,SE_theta,LBP_alpha,Std_alpha,Var_alpha,Kur_alpha,SE_alpha,LBP_beta,Std_beta,Var_beta,Kur_beta,SE_beta,LBP_gamma,Std_gamma,Var_gamma,Kur_gamma,SE_gamma
-17.945539504142513,0.00012676435427608516,1.6069201515032833e-08,2.6169627833102713,-0.0004368016847264583,-22.69428357351824,1.180108231894494e-05,1.3926554389851488e-10,3.0351071457705587,-4.798745063744344e-06,-24.30833438442371,5.266380337006536e-06,2.7734761854009075e-11,2.9488531040478803,-2.0491529912197797e-06,-28.20171144949888,7.517547139824052e-07,5.651351499947678e-13,3.045811997704295,-9.710398970459174e-08,-33.764605753904036,4.6570298108938094e-08,2.1687926659553632e-15,3.047515713790739,-8.957080267069025e-10
