LBP_delta,Std_delta,Var_delta,Kur_delta,SE_delta,LBP_theta,Std_theta,Var_theta,Kur_theta,SE_theta,LBP_alpha,Std_alpha,Var_alpha,Kur_alpha,SE_alpha,LBP_beta,Std_beta,Var_beta,Kur_beta,SE_beta,LBP_gamma,Std_gamma,Var_gamma,Kur_gamma,SE_gamma
-17.86953477578773,0.00013171209193380757,1.734807516157978e-08,2.8193192046765643,-0.00046709488556323265,-22.724019172649232,1.1626895148169009e-05,1.3518469078651605e-10,2.910263143339131,-4.672146468736007e-06,-24.519505640097705,4.73867583667377e-06,2.2455048685075853e-11,3.25399131347978,-1.671224305642066e-06,-28.38704642234018,6.852217595148779e-07,4.695288597126653e-13,2.8520613604173555,-8.133271018901327e-08,-33.9512794419588,4.2420261493387506e-08,1.7994785851673747e-15,2.8395147380611143,-7.482514704222621e-10
