LBP_delta,Std_delta,Var_delta,Kur_delta,SE_delta,LBP_theta,Std_theta,Var_theta,Kur_theta,SE_theta,LBP_alpha,Std_alpha,Var_alpha,Kur_alpha,SE_alpha,LBP_beta,Std_beta,Var_beta,Kur_beta,SE_beta,LBP_gamma,Std_gamma,Var_gamma,Kur_gamma,SE_gamma
-17.880863965462847,0.00013098302689354757,1.715655333419581e-08,3.126970831892269,-0.00046123778162338394,-22.749483084221605,1.1481654305678976e-05,1.3182838559511656e-10,3.0959389071795247,-4.55055065115314e-06,-24.54077681688962,4.688544259826865e-06,2.1982447276355448e-11,3.0583232781186225,-1.6391856830918996e-06,-28.403395366737648,6.796433352290205e-07,4.619150631212268e-13,2.989314458786477,-7.996876505703547e-08,-33.9484127450123,4.248110820885039e-08,1.804644554652056e-15,2.9915395789239363,-7.495091203977154e-10
