LBP_delta,Std_delta,Var_delta,Kur_delta,SE_delta,LBP_theta,Std_theta,Var_theta,Kur_theta,SE_theta,LBP_alpha,Std_alpha,Var_alpha,Kur_alpha,SE_alpha,LBP_beta,Std_beta,Var_beta,Kur_beta,SE_beta,LBP_gamma,Std_gamma,Var_gamma,Kur_gamma,SE_gamma
-17.883881046005378,0.00013078699577742593,1.710523826448443e-08,2.632669173078119,-0.0004625819675110679,-22.597582801002087,1.2387732995093938e-05,1.5345592875773904e-10,3.0646232589391653,-5.258500917596976e-06,-23.942740392298337,6.322661572545623e-06,3.997604936094509e-11,3.078657492776085,-2.903990623959275e-06,-27.78445685036406,9.261511108770405e-07,8.577558801787761e-13,2.9630328658938234,-1.451946583475321e-07,-33.33124310012745,5.7837900845067804e-08,3.3452227741638952e-15,2.946071277159313,-1.3639012061722997e-09
