LBP_delta,Std_delta,Var_delta,Kur_delta,SE_delta,LBP_theta,Std_theta,Var_theta,Kur_theta,SE_theta,LBP_alpha,Std_alpha,Var_alpha,Kur_alpha,SE_alpha,LBP_beta,Std_beta,Var_beta,Kur_beta,SE_beta,LBP_gamma,Std_gamma,Var_gamma,Kur_gamma,SE_gamma
-17.851098169909395,0.00013294639350847987,1.7674743546911577e-08,2.773863584490397,-0.0004760272751526692,-23.104390174091773,9.614210201529634e-06,9.243303779919648e-11,3.113439008829183,-3.242011444456273e-06,-25.03028605370433,3.6706453681995727e-06,1.3473637419084977e-11,3.0249892614589444,-1.0252064348369022e-06,-28.906727797446475,5.28425556872578e-07,2.7923356915609424e-13,3.1046401306602114,-4.919812273737639e-08,-34.45754331237529,3.293362406541211e-08,1.0846235940818915e-15,3.1289808479187786,-4.5720986086118437e-10
