LBP_delta,Std_delta,Var_delta,Kur_delta,SE_delta,LBP_theta,Std_theta,Var_theta,Kur_theta,SE_theta,LBP_alpha,Std_alpha,Var_alpha,Kur_alpha,SE_alpha,LBP_beta,Std_beta,Var_beta,Kur_beta,SE_beta,LBP_gamma,Std_gamma,Var_gamma,Kur_gamma,SE_gamma
-17.976573314031878,0.0001248627932229177,1.55907171314291e-08,3.3835531955392093,-0.00042079518946895036,-23.02086226138527,1.0024970066286314e-05,1.0050002482993663e-10,3.361623477697136,-3.50788835606319e-06,-24.72934934054266,4.2666794052756405e-06,1.8204553147403295e-11,13.39000524778027,-1.3409708498565587e-06,-28.56824458903943,6.258705075464167e-07,3.917138922164092e-13,15.572504500821655,-6.686398858887726e-08,-34.098509076600905,3.94096731908901e-08,1.5531223410127624e-15,17.413683896606102,-6.361277053437948e-10
