LBP_delta,Std_delta,Var_delta,Kur_delta,SE_delta,LBP_theta,Std_theta,Var_theta,Kur_theta,SE_theta,LBP_alpha,Std_alpha,Var_alpha,Kur_alpha,SE_alpha,LBP_beta,Std_beta,Var_beta,Kur_beta,SE_beta,LBP_gamma,Std_gamma,Var_gamma,Kur_gamma,SE_gamma
-17.815031368831573,0.00013536286072760438,1.832310406436082e-08,3.1536523208618847,-0.0004895661078816951,-22.956458899302884,1.0352711925348983e-05,1.0717864420926305e-10,12.671534751656761,-3.6891234769245682e-06,-24.84887674340499,4.01915637816526e-06,1.6153617992146487e-11,13.293857569009505,-1.202284427607997e-06,-28.660443473421374,5.976729451104279e-07,3.5721294931697256e-13,26.58868976633208,-6.111397537421078e-08,-34.207438632050824,3.7320639323527756e-08,1.3928301195168461e-15,26.110620169344646,-5.728719140733629e-10
