LBP_delta,Std_delta,Var_delta,Kur_delta,SE_delta,LBP_theta,Std_theta,Var_theta,Kur_theta,SE_theta,LBP_alpha,Std_alpha,Var_alpha,Kur_alpha,SE_alpha,LBP_beta,Std_beta,Var_beta,Kur_beta,SE_beta,LBP_gamma,Std_gamma,Var_gamma,Kur_gamma,SE_gamma
-17.844580367160287,0.0001331989892204768,1.7741970729356696e-08,3.057866136540069,-0.0004782787474057536,-22.821712930955176,1.1074345571744407e-05,1.2264112984241495e-10,5.287621707050281,-4.224568559964117e-06,-24.56671154764145,4.628128779122939e-06,2.1419575996145987e-11,4.633818849019027,-1.5909363421912912e-06,-28.159945831148494,7.676184339342704e-07,5.892380601157018e-13,97.07835026232276,-9.785669730673873e-08,-29.173540745148255,4.6242730072217705e-07,2.1383900845319875e-13,4860.5375016937,-5.6372655771104706e-08
