LBP_delta,Std_delta,Var_delta,Kur_delta,SE_delta,LBP_theta,Std_theta,Var_theta,Kur_theta,SE_theta,LBP_alpha,Std_alpha,Var_alpha,Kur_alpha,SE_alpha,LBP_beta,Std_beta,Var_beta,Kur_beta,SE_beta,LBP_gamma,Std_gamma,Var_gamma,Kur_gamma,SE_gamma
-17.830136223377828,0.00013433372158867,1.8045548755862304e-08,2.736851466851038,-0.0004855396942738792,-23.089366265386,9.680027388983014e-06,9.370293025146131e-11,3.4232444800415602,-3.287922008044034e-06,-24.94959440286434,3.821768797030115e-06,1.4605916737953014e-11,4.0555222428384194,-1.1028277765558614e-06,-28.82080671616385,5.516216861746534e-07,3.0428648465816774e-13,5.558074046504716,-5.311295260684066e-08,-34.38104441073013,3.421771973366138e-08,1.1708523437713995e-15,6.019667416618784,-4.898307605649172e-10
