LBP_delta,Std_delta,Var_delta,Kur_delta,SE_delta,LBP_theta,Std_theta,Var_theta,Kur_theta,SE_theta,LBP_alpha,Std_alpha,Var_alpha,Kur_alpha,SE_alpha,LBP_beta,Std_beta,Var_beta,Kur_beta,SE_beta,LBP_gamma,Std_gamma,Var_gamma,Kur_gamma,SE_gamma
-18.17812606771811,0.00011289194391699395,1.2744591001357709e-08,3.052156031744728,-0.00034827223160449974,-22.852398071259802,1.0904027041908788e-05,1.188978057306781e-10,3.129289711002986,-4.122336710866349e-06,-24.32125830997667,5.232458383738982e-06,2.7378620737560357e-11,4.503381949909289,-2.0096976906125974e-06,-28.03200316418877,8.183288268454384e-07,6.696620688462316e-13,5.736028669213303,-1.1341365860035569e-07,-33.56012788709148,5.158350203401648e-08,2.660857682093382e-15,5.752512569610719,-1.0846019221199535e-09
