LBP_delta,Std_delta,Var_delta,Kur_delta,SE_delta,LBP_theta,Std_theta,Var_theta,Kur_theta,SE_theta,LBP_alpha,Std_alpha,Var_alpha,Kur_alpha,SE_alpha,LBP_beta,Std_beta,Var_beta,Kur_beta,SE_beta,LBP_gamma,Std_gamma,Var_gamma,Kur_gamma,SE_gamma
-17.851515788636895,0.0001327538244837753,1.762357791506902e-08,3.1701222741189823,-0.00047386791352980963,-22.977834653701695,1.0242868478427559e-05,1.0491635466636489e-10,3.0278583608032568,-3.6612803281336214e-06,-24.79133910408408,4.136454359149483e-06,1.711025466532676e-11,4.246601251369497,-1.2837771749293329e-06,-28.52323205624004,6.40115909584099e-07,4.0974837770267847e-13,32.19248309942906,-7.027789976765841e-08,-30.181140126542946,2.7940746683919107e-07,7.806853252549365e-14,8886.85403556434,-2.1013640096649053e-08
