LBP_delta,Std_delta,Var_delta,Kur_delta,SE_delta,LBP_theta,Std_theta,Var_theta,Kur_theta,SE_theta,LBP_alpha,Std_alpha,Var_alpha,Kur_alpha,SE_alpha,LBP_beta,Std_beta,Var_beta,Kur_beta,SE_beta,LBP_gamma,Std_gamma,Var_gamma,Kur_gamma,SE_gamma
-17.805666896402993,0.000136003003288917,1.849681690360517e-08,3.332477026955595,-0.0004925349859222256,-22.407150271944047,1.3625288579341415e-05,1.856484888703316e-10,3.1908589439640944,-6.30657327139322e-06,-23.402655739592973,8.282812216482815e-06,6.860497821351697e-11,4.878006312940147,-4.838492804880994e-06,-27.061914490609116,1.3291681707923179e-06,1.7666880262473965e-12,3.9056311941149575,-2.8990442295177087e-07,-32.584598463857375,8.40125825392936e-08,7.0581140249216195e-15,3.854848884645596,-2.8031642850442137e-09
