LBP_delta,Std_delta,Var_delta,Kur_delta,SE_delta,LBP_theta,Std_theta,Var_theta,Kur_theta,SE_theta,LBP_alpha,Std_alpha,Var_alpha,Kur_alpha,SE_alpha,LBP_beta,Std_beta,Var_beta,Kur_beta,SE_beta,LBP_gamma,Std_gamma,Var_gamma,Kur_gamma,SE_gamma
-18.021418984281176,0.00012208441447023461,1.490460425654003e-08,3.2416367058944644,-0.0004034410449345262,-22.80853990256081,1.1146486009892682e-05,1.242441503687333e-10,3.2034247269052245,-4.297869766951279e-06,-24.30837595948662,5.266271216248722e-06,2.7733612523089802e-11,3.662398098575957,-2.041161523043274e-06,-28.11790835488996,7.839236717872014e-07,6.145363231883279e-13,3.6547313153402117,-1.0496860715708683e-07,-33.65328513417218,4.923591096431392e-08,2.4241749284858478e-15,3.7733537829392514,-9.951832396903028e-10
