LBP_delta,Std_delta,Var_delta,Kur_delta,SE_delta,LBP_theta,Std_theta,Var_theta,Kur_theta,SE_theta,LBP_alpha,Std_alpha,Var_alpha,Kur_alpha,SE_alpha,LBP_beta,Std_beta,Var_beta,Kur_beta,SE_beta,LBP_gamma,Std_gamma,Var_gamma,Kur_gamma,SE_gamma
-17.824987125682377,0.00013468492219217528,1.8140028265912307e-08,2.913028884059649,-0.00048747543177237975,-22.65685662029734,1.2026122204348686e-05,1.446276152739285e-10,4.064615030725709,-4.95437277947014e-06,-23.851752224653175,6.616947750678463e-06,4.3783997535208775e-11,4.697497494899613,-3.1566843198468747e-06,-27.486408832478073,1.0749843625373678e-06,1.155591379699871e-12,7.8295837089520655,-1.923789329709406e-07,-30.68351842375113,2.1734566207227908e-07,4.723913682163734e-14,7861.051577392639,-1.3449095884805886e-08
