LBP_delta,Std_delta,Var_delta,Kur_delta,SE_delta,LBP_theta,Std_theta,Var_theta,Kur_theta,SE_theta,LBP_alpha,Std_alpha,Var_alpha,Kur_alpha,SE_alpha,LBP_beta,Std_beta,Var_beta,Kur_beta,SE_beta,LBP_gamma,Std_gamma,Var_gamma,Kur_gamma,SE_gamma
-17.836652211074473,0.000133902762171452,1.792994971714443e-08,3.162850070610379,-0.00048021863209926434,-22.95300489096711,1.036341941207028e-05,1.074004619104751e-10,2.9755198417437096,-3.749538605720374e-06,-24.34374548103497,5.173956695327191e-06,2.676982788512107e-11,2.9323637608508286,-1.980560436108323e-06,-28.081494026405725,7.983274235008743e-07,6.373266751135442e-13,3.0716692176025004,-1.0896490097082695e-07,-33.60484021461488,5.0443087302091126e-08,2.544505056566387e-15,3.091536346058484,-1.0451019272778242e-09
