LBP_delta,Std_delta,Var_delta,Kur_delta,SE_delta,LBP_theta,Std_theta,Var_theta,Kur_theta,SE_theta,LBP_alpha,Std_alpha,Var_alpha,Kur_alpha,SE_alpha,LBP_beta,Std_beta,Var_beta,Kur_beta,SE_beta,LBP_gamma,Std_gamma,Var_gamma,Kur_gamma,SE_gamma
-17.686399776095637,0.00014301221944153683,2.0452494909594287e-08,3.138084879298943,-0.0005519301508596108,-23.006032178671244,1.0099341874847872e-05,1.0199670630505571e-10,3.486000837571819,-3.5545048350544815e-06,-24.751432383326627,4.2198193540191975e-06,1.7806875380554997e-11,23.820115537145718,-1.307211709739973e-06,-28.49357927435194,6.496775547755602e-07,4.2208092517915103e-13,36.53804464673809,-7.087698814671375e-08,-30.978495894819265,1.8754455435077797e-07,3.517295986663191e-14,5170.716671972635,-1.0135482870569621e-08
