LBP_delta,Std_delta,Var_delta,Kur_delta,SE_delta,LBP_theta,Std_theta,Var_theta,Kur_theta,SE_theta,LBP_alpha,Std_alpha,Var_alpha,Kur_alpha,SE_alpha,LBP_beta,Std_beta,Var_beta,Kur_beta,SE_beta,LBP_gamma,Std_gamma,Var_gamma,Kur_gamma,SE_gamma
-17.86585426449554,0.00013120126393794843,1.721377165891521e-08,2.796659634420334,-0.0004684971904274464,-22.905628708255254,1.0612864616899618e-05,1.1263289537663985e-10,6.916697503646311,-3.886458784304377e-06,-24.494101870309045,4.799141168051003e-06,2.3031755950881943e-11,40.38829204228163,-1.6643925827667415e-06,-27.413362105439127,1.1149705746798296e-06,1.2431593824018696e-12,399.9782540491843,-1.8214811321369176e-07,-28.13197434139554,7.784293503252348e-07,6.059522534477672e-13,2533.2850510168364,-1.5636661088532286e-07
