LBP_delta,Std_delta,Var_delta,Kur_delta,SE_delta,LBP_theta,Std_theta,Var_theta,Kur_theta,SE_theta,LBP_alpha,Std_alpha,Var_alpha,Kur_alpha,SE_alpha,LBP_beta,Std_beta,Var_beta,Kur_beta,SE_beta,LBP_gamma,Std_gamma,Var_gamma,Kur_gamma,SE_gamma
-17.649936229854056,0.00014694030187735813,2.1591452315809134e-08,2.833529645123495,-0.0005742815880513695,-22.683821101990393,1.1864975830341715e-05,1.4077765145459305e-10,33.36705220403655,-4.7194525901363414e-06,-24.263635422695565,5.385405932857296e-06,2.9002597061654563e-11,6.695223832300104,-2.1211917160214326e-06,-27.88823803801647,8.793180726121302e-07,7.732002728223114e-13,7.534229610702955,-1.304761864385058e-07,-33.39962068300137,5.589391340275754e-08,3.124129555474959e-15,7.366313175397185,-1.2695114139147588e-09
