LBP_delta,Std_delta,Var_delta,Kur_delta,SE_delta,LBP_theta,Std_theta,Var_theta,Kur_theta,SE_theta,LBP_alpha,Std_alpha,Var_alpha,Kur_alpha,SE_alpha,LBP_beta,Std_beta,Var_beta,Kur_beta,SE_beta,LBP_gamma,Std_gamma,Var_gamma,Kur_gamma,SE_gamma
-18.091452797406014,0.0001178203705652961,1.3881639720143693e-08,2.9571173726471787,-0.00037832294124115224,-22.693161645716227,1.180719254709746e-05,1.3940979584423382e-10,3.1284234146749568,-4.7991475330063696e-06,-24.82674643473237,4.063874167321131e-06,1.651507324782001e-11,3.17155723169523,-1.2447482722527734e-06,-28.84575716864211,5.447828029829269e-07,2.967883024259346e-13,3.102015906181241,-5.217815110286625e-08,-34.42200442071336,3.352406715985641e-08,1.1238630789385633e-15,3.076464425277627,-4.733701135331941e-10
