LBP_delta,Std_delta,Var_delta,Kur_delta,SE_delta,LBP_theta,Std_theta,Var_theta,Kur_theta,SE_theta,LBP_alpha,Std_alpha,Var_alpha,Kur_alpha,SE_alpha,LBP_beta,Std_beta,Var_beta,Kur_beta,SE_beta,LBP_gamma,Std_gamma,Var_gamma,Kur_gamma,SE_gamma
-17.718786626518373,0.00014202978107220312,2.017245871141795e-08,2.5381517882075304,-0.0005409425328258325,-23.005076487326534,1.0104379539187537e-05,1.0209848587195175e-10,2.8716867712474556,-3.571838711838743e-06,-24.696052181415364,4.338306526479727e-06,1.8820903517696593e-11,3.2296748161051063,-1.4095481108642538e-06,-28.55823657533615,6.290102384565913e-07,3.9565388008321783e-13,3.234843569012916,-6.880781775929507e-08,-34.11198653032096,3.914499462502695e-08,1.5323306041933886e-15,3.239979454528219,-6.390488327776642e-10
