LBP_delta,Std_delta,Var_delta,Kur_delta,SE_delta,LBP_theta,Std_theta,Var_theta,Kur_theta,SE_theta,LBP_alpha,Std_alpha,Var_alpha,Kur_alpha,SE_alpha,LBP_beta,Std_beta,Var_beta,Kur_beta,SE_beta,LBP_gamma,Std_gamma,Var_gamma,Kur_gamma,SE_gamma
-17.869450881546054,0.00013168145499439543,1.734000558944099e-08,3.013411894813405,-0.00046608909206036426,-22.91508268603115,1.0569441274675273e-05,1.1171308885880925e-10,5.1554166219776585,-3.864761707451193e-06,-24.75650369881465,4.209138748098473e-06,1.7716849000743983e-11,3.2423623464340516,-1.3315243773709154e-06,-28.19028177728988,7.560628818942551e-07,5.716310813782464e-13,324.74891315646175,-9.226535054621109e-08,-29.910337049706833,3.199225391716811e-07,1.0235043107005583e-13,9552.794101593867,-2.6963784924039204e-08
