LBP_delta,Std_delta,Var_delta,Kur_delta,SE_delta,LBP_theta,Std_theta,Var_theta,Kur_theta,SE_theta,LBP_alpha,Std_alpha,Var_alpha,Kur_alpha,SE_alpha,LBP_beta,Std_beta,Var_beta,Kur_beta,SE_beta,LBP_gamma,Std_gamma,Var_gamma,Kur_gamma,SE_gamma
-17.639428719662245,0.00014759235538448556,2.1783503367940285e-08,2.629471573821154,-0.0005820229612152757,-23.00958434652696,1.0080228137581499e-05,1.0161099930568977e-10,3.094713705109733,-3.555360525190123e-06,-24.954954672246583,3.8115370902041272e-06,1.4527814990001746e-11,3.303611391671734,-1.0999590050892911e-06,-28.63169451214855,6.063264036136665e-07,3.6763170771908276e-13,150.09348230740133,-6.175502912399854e-08,-30.65720375818242,2.2022402218629375e-07,4.849861994790921e-14,9375.131127490438,-1.3291022806510569e-08
