LBP_delta,Std_delta,Var_delta,Kur_delta,SE_delta,LBP_theta,Std_theta,Var_theta,Kur_theta,SE_theta,LBP_alpha,Std_alpha,Var_alpha,Kur_alpha,SE_alpha,LBP_beta,Std_beta,Var_beta,Kur_beta,SE_beta,LBP_gamma,Std_gamma,Var_gamma,Kur_gamma,SE_gamma
-17.930878788652798,0.00012758862435526544,1.6278857064869033e-08,3.2211291798744397,-0.0004393569898387917,-22.982229565528513,1.0219317718694442e-05,1.044344546356222e-10,3.251451796806613,-3.6437125896626175e-06,-24.878278993634606,3.960502638302397e-06,1.5685581148000245e-11,4.13646475507265,-1.1818657222959972e-06,-28.692136682434477,5.882766990765513e-07,3.460694746764032e-13,15.229848438035077,-5.996452273062363e-08,-30.462726307670533,2.4270979397100254e-07,5.89080440894465e-14,4722.177380915766,-1.648105305134072e-08
