LBP_delta,Std_delta,Var_delta,Kur_delta,SE_delta,LBP_theta,Std_theta,Var_theta,Kur_theta,SE_theta,LBP_alpha,Std_alpha,Var_alpha,Kur_alpha,SE_alpha,LBP_beta,Std_beta,Var_beta,Kur_beta,SE_beta,LBP_gamma,Std_gamma,Var_gamma,Kur_gamma,SE_gamma
-18.081998921328424,0.00011843306785859523,1.4026391562398623e-08,3.0279141681626456,-0.0003822711635144722,-22.80438378422996,1.1170972324120959e-05,1.2479062266627643e-10,2.8832020543303374,-4.325345697784463e-06,-24.779774603611937,4.160449225653521e-06,1.7309337759240978e-11,3.003601733440502,-1.3034655196728345e-06,-28.699026832556505,5.862535719089991e-07,3.436932505760599e-13,3.031636703493774,-6.01220872509836e-08,-34.26202370608046,3.631583852039423e-08,1.3188401274393497e-15,2.9975479635912543,-5.529688082447046e-10
