LBP_delta,Std_delta,Var_delta,Kur_delta,SE_delta,LBP_theta,Std_theta,Var_theta,Kur_theta,SE_theta,LBP_alpha,Std_alpha,Var_alpha,Kur_alpha,SE_alpha,LBP_beta,Std_beta,Var_beta,Kur_beta,SE_beta,LBP_gamma,Std_gamma,Var_gamma,Kur_gamma,SE_gamma
-17.911264817728867,0.00012900304945493641,1.6641786768672774e-08,3.0348352212521466,-0.00044796481725030847,-22.622417841519304,1.2233272494173e-05,1.4965295591668967e-10,2.9267998755359597,-5.140995017276809e-06,-24.32129797410857,5.232355222445455e-06,2.7377541173852232e-11,3.124730213522374,-2.020259696536185e-06,-28.080028753954114,7.989125113595373e-07,6.382612008068027e-13,2.9531408166951545,-1.0920876268416534e-07,-33.619015498117896,5.00868294280116e-08,2.5086904821507283e-15,2.95029646327639,-1.0315809061528851e-09
