LBP_delta,Std_delta,Var_delta,Kur_delta,SE_delta,LBP_theta,Std_theta,Var_theta,Kur_theta,SE_theta,LBP_alpha,Std_alpha,Var_alpha,Kur_alpha,SE_alpha,LBP_beta,Std_beta,Var_beta,Kur_beta,SE_beta,LBP_gamma,Std_gamma,Var_gamma,Kur_gamma,SE_gamma
-17.986203040862677,0.00012423696075005634,1.5434822416411037e-08,2.6471769117957025,-0.0004196487815676642,-22.453822926591283,1.3309860031262255e-05,1.7715237405179246e-10,5.825976391537061,-6.000642460671466e-06,-24.03596117824334,6.034722299318578e-06,3.641787322989291e-11,3.6825418092275197,-2.6497099856548364e-06,-27.472760048824586,1.0823449567843703e-06,1.1714706054765603e-12,231.82138308656522,-1.8603609346025682e-07,-29.414025551921586,4.1003176361311645e-07,1.681260471716826e-13,9515.221687981097,-4.3371174554182953e-08
