LBP_delta,Std_delta,Var_delta,Kur_delta,SE_delta,LBP_theta,Std_theta,Var_theta,Kur_theta,SE_theta,LBP_alpha,Std_alpha,Var_alpha,Kur_alpha,SE_alpha,LBP_beta,Std_beta,Var_beta,Kur_beta,SE_beta,LBP_gamma,Std_gamma,Var_gamma,Kur_gamma,SE_gamma
-18.004236000183724,0.00012312614651831865,1.516004795645047e-08,2.9796876372889205,-0.0004109581361830473,-22.93902685082133,1.0443655266049894e-05,1.0906993531609169e-10,2.9437485663194947,-3.801262794692244e-06,-24.820349659663346,4.076894024049126e-06,1.6621064883327474e-11,3.042692774854856,-1.253742401092735e-06,-28.812205376477724,5.539991139289224e-07,3.0691501823403107e-13,3.172402640850252,-5.389200379800136e-08,-34.385128860097566,3.414791013941237e-08,1.166079766889382e-15,3.248997841642919,-4.903945354561316e-10
