LBP_delta,Std_delta,Var_delta,Kur_delta,SE_delta,LBP_theta,Std_theta,Var_theta,Kur_theta,SE_theta,LBP_alpha,Std_alpha,Var_alpha,Kur_alpha,SE_alpha,LBP_beta,Std_beta,Var_beta,Kur_beta,SE_beta,LBP_gamma,Std_gamma,Var_gamma,Kur_gamma,SE_gamma
-17.85092182461552,0.00013292290528703931,1.7668498749947222e-08,2.8062823151467517,-0.000475542704565775,-22.75697553297037,1.1438486190625262e-05,1.308389663331248e-10,3.0065729879908143,-4.521068930821222e-06,-24.71650610351907,4.294162528292193e-06,1.84398318193888e-11,3.141789488388727,-1.3844860292081775e-06,-28.62392533023348,6.086862960909631e-07,3.7049900704893567e-13,3.162869834399272,-6.459098770145279e-08,-34.18809039310215,3.7683436169217483e-08,1.4200413615194883e-15,3.202175821531053,-5.935063736981811e-10
