LBP_delta,Std_delta,Var_delta,Kur_delta,SE_delta,LBP_theta,Std_theta,Var_theta,Kur_theta,SE_theta,LBP_alpha,Std_alpha,Var_alpha,Kur_alpha,SE_alpha,LBP_beta,Std_beta,Var_beta,Kur_beta,SE_beta,LBP_gamma,Std_gamma,Var_gamma,Kur_gamma,SE_gamma
-17.82466488990538,0.00013471353241799355,1.8147735816533795e-08,2.7884840699219473,-0.0004879646150827311,-22.922861855122374,1.0522145455609526e-05,1.107155449890042e-10,3.8151422155966666,-3.841933408736989e-06,-24.811022569429,4.095951483435163e-06,1.677681855465471e-11,3.7455013624673885,-1.2601917275794283e-06,-28.631984308249535,6.062386178532584e-07,3.675252617766291e-13,5.233812321846228,-6.381745482217887e-08,-34.192188425696756,3.7606301065305723e-08,1.4142338798144146e-15,4.814765958869736,-5.894676439683081e-10
