LBP_delta,Std_delta,Var_delta,Kur_delta,SE_delta,LBP_theta,Std_theta,Var_theta,Kur_theta,SE_theta,LBP_alpha,Std_alpha,Var_alpha,Kur_alpha,SE_alpha,LBP_beta,Std_beta,Var_beta,Kur_beta,SE_beta,LBP_gamma,Std_gamma,Var_gamma,Kur_gamma,SE_gamma
-17.982355553024636,0.00012450249989945117,1.550087248121284e-08,2.6523735698744573,-0.0004210434044818444,-23.02521221395049,1.0002417845020506e-05,1.0004836274638468e-10,3.081722276507056,-3.4982711972182936e-06,-24.802009135118997,4.114451726582396e-06,1.6928713010376858e-11,2.992544301569472,-1.2758363971588828e-06,-28.662562567006756,5.970402629776215e-07,3.564570756163874e-13,2.9806851381961734,-6.227542654789744e-08,-34.21694881006956,3.71435959853644e-08,1.379646722723978e-15,2.9715365698506027,-5.776060499531315e-10
