LBP_delta,Std_delta,Var_delta,Kur_delta,SE_delta,LBP_theta,Std_theta,Var_theta,Kur_theta,SE_theta,LBP_alpha,Std_alpha,Var_alpha,Kur_alpha,SE_alpha,LBP_beta,Std_beta,Var_beta,Kur_beta,SE_beta,LBP_gamma,Std_gamma,Var_gamma,Kur_gamma,SE_gamma
-17.95779439727628,0.00012603770218875987,1.588550237302252e-08,3.2114028147286287,-0.0004287006037023529,-22.934831164770408,1.0464822330159252e-05,1.0951250640179973e-10,2.976650687526488,-3.816861000041038e-06,-24.849339581576626,4.018226153666076e-06,1.6146141422006067e-11,3.4997259189632124,-1.2163670344111142e-06,-28.74955892091753,5.716268058081294e-07,3.267572051184048e-13,3.259336789666413,-5.719147765382342e-08,-34.305596476488596,3.553320135376059e-08,1.2626083984468935e-15,3.2446531266631515,-5.295170841070206e-10
