LBP_delta,Std_delta,Var_delta,Kur_delta,SE_delta,LBP_theta,Std_theta,Var_theta,Kur_theta,SE_theta,LBP_alpha,Std_alpha,Var_alpha,Kur_alpha,SE_alpha,LBP_beta,Std_beta,Var_beta,Kur_beta,SE_beta,LBP_gamma,Std_gamma,Var_gamma,Kur_gamma,SE_gamma
-17.804799472168988,0.0001360586992899804,1.8511969652481315e-08,3.074173930392288,-0.0004948241653805686,-23.052106083336156,9.869485720692244e-06,9.740674839094808e-11,3.2898788210886627,-3.4035809856743575e-06,-24.896152686563983,3.9252635694506925e-06,1.540769408965679e-11,3.2390309044482057,-1.1636700501439678e-06,-28.70305852023276,5.850724693595405e-07,3.423097944024705e-13,6.994354810391215,-5.9514471556158856e-08,-34.26482686126365,3.626497476580644e-08,1.3151483947645777e-15,6.661805371039375,-5.489826585700104e-10
