LBP_delta,Std_delta,Var_delta,Kur_delta,SE_delta,LBP_theta,Std_theta,Var_theta,Kur_theta,SE_theta,LBP_alpha,Std_alpha,Var_alpha,Kur_alpha,SE_alpha,LBP_beta,Std_beta,Var_beta,Kur_beta,SE_beta,LBP_gamma,Std_gamma,Var_gamma,Kur_gamma,SE_gamma
-17.78255390152681,0.00013757367877344527,1.89265170912591e-08,3.3430133254404892,-0.000504473694823167,-22.940311601381765,1.0435758645271559e-05,1.0890505850236008e-10,3.0920510450570178,-3.7925504653324313e-06,-24.71989012322526,4.286904099011288e-06,1.8377546754119782e-11,3.0442181848267786,-1.3804405295636482e-06,-28.6034918239494,6.149370313076254e-07,3.7814755247343554e-13,3.2183442308574453,-6.584765982640956e-08,-34.14991395387533,3.840965368010126e-08,1.4753014958253164e-15,3.255680467553605,-6.156708336716825e-10
