LBP_delta,Std_delta,Var_delta,Kur_delta,SE_delta,LBP_theta,Std_theta,Var_theta,Kur_theta,SE_theta,LBP_alpha,Std_alpha,Var_alpha,Kur_alpha,SE_alpha,LBP_beta,Std_beta,Var_beta,Kur_beta,SE_beta,LBP_gamma,Std_gamma,Var_gamma,Kur_gamma,SE_gamma
-17.906225177587125,0.0001293339655380327,1.6727274641793032e-08,2.9976617880645784,-0.0004506313807341022,-22.9550317959736,1.0360137469782742e-05,1.0733244839279634e-10,3.061766588535731,-3.742991090299702e-06,-24.746567700975806,4.23010449701817e-06,1.789378405569334e-11,3.0632235535911185,-1.345145908740284e-06,-28.622864704098713,6.090092630414149e-07,3.708922824702472e-13,3.1078369278606406,-6.467574509538474e-08,-34.16571880988307,3.81073187268664e-08,1.4521677405509828e-15,3.0852395013608436,-6.068997737501242e-10
