LBP_delta,Std_delta,Var_delta,Kur_delta,SE_delta,LBP_theta,Std_theta,Var_theta,Kur_theta,SE_theta,LBP_alpha,Std_alpha,Var_alpha,Kur_alpha,SE_alpha,LBP_beta,Std_beta,Var_beta,Kur_beta,SE_beta,LBP_gamma,Std_gamma,Var_gamma,Kur_gamma,SE_gamma
-17.6646651290754,0.00014593151735495138,2.129600775751848e-08,2.776386854125905,-0.0005672490307038335,-22.968581345306678,1.0289958094692337e-05,1.0588323759052434e-10,3.115939308120298,-3.6904478042594373e-06,-24.810876224146426,4.096250884666932e-06,1.6779271310134622e-11,2.9237775956957646,-1.2659671933226329e-06,-28.696001067165106,5.871411801509974e-07,3.447347654291061e-13,2.990781367389765,-6.031207607492352e-08,-34.248109981673394,3.656936409226801e-08,1.3373183901128612e-15,2.943404779067784,-5.605496633743994e-10
