LBP_delta,Std_delta,Var_delta,Kur_delta,SE_delta,LBP_theta,Std_theta,Var_theta,Kur_theta,SE_theta,LBP_alpha,Std_alpha,Var_alpha,Kur_alpha,SE_alpha,LBP_beta,Std_beta,Var_beta,Kur_beta,SE_beta,LBP_gamma,Std_gamma,Var_gamma,Kur_gamma,SE_gamma
-17.706255193103694,0.0001428558361828239,2.0407789931493824e-08,3.133805260851119,-0.0005424244750015679,-23.008698484091145,1.0085264006379493e-05,1.0171255007837372e-10,3.3930139151548344,-3.5457860563403216e-06,-24.815292246495808,4.087215265757159e-06,1.670532862863836e-11,5.415352041744874,-1.2521398848440754e-06,-28.68174317402022,5.913417823768566e-07,3.4968510358463767e-13,4.322161080828986,-6.093349655321591e-08,-31.97065215767329,1.1419666843515485e-07,1.3040879081688694e-14,7973.990442638565,-3.93128123514217e-09
