LBP_delta,Std_delta,Var_delta,Kur_delta,SE_delta,LBP_theta,Std_theta,Var_theta,Kur_theta,SE_theta,LBP_alpha,Std_alpha,Var_alpha,Kur_alpha,SE_alpha,LBP_beta,Std_beta,Var_beta,Kur_beta,SE_beta,LBP_gamma,Std_gamma,Var_gamma,Kur_gamma,SE_gamma
-17.772062916352432,0.00013830706178220956,1.9128843338827934e-08,2.956961832982425,-0.000511078160332978,-22.949980926946377,1.0386359014016595e-05,1.0787645356804379e-10,2.983336091608545,-3.7604971740997766e-06,-24.837565933404676,4.041951280626774e-06,1.6337370154960416e-11,3.048615914725696,-1.2322480176477132e-06,-28.690964778784277,5.886214918168023e-07,3.4647526062863785e-13,3.1104360690909494,-6.057327794639118e-08,-34.243157287194656,3.666003371781742e-08,1.34395807219151e-15,3.1473290653087678,-5.628212025816042e-10
