LBP_delta,Std_delta,Var_delta,Kur_delta,SE_delta,LBP_theta,Std_theta,Var_theta,Kur_theta,SE_theta,LBP_alpha,Std_alpha,Var_alpha,Kur_alpha,SE_alpha,LBP_beta,Std_beta,Var_beta,Kur_beta,SE_beta,LBP_gamma,Std_gamma,Var_gamma,Kur_gamma,SE_gamma
-17.907901992372068,0.0001292253934128435,1.6699202302704172e-08,2.962614018581166,-0.0004499955872806153,-23.006591571533455,1.009511786870333e-05,1.0191140478301329e-10,2.967651151587744,-3.564359694710411e-06,-24.784775396942422,4.150060255662792e-06,1.7223000125631916e-11,3.849834857279187,-1.2937666733049303e-06,-28.66158862377028,5.973310600077339e-07,3.56804395249963e-13,3.4114376670071653,-6.224909395840453e-08,-34.210849007019206,3.7257053937734805e-08,1.3880880681192805e-15,3.4134469438252166,-5.804049177010155e-10
