LBP_delta,Std_delta,Var_delta,Kur_delta,SE_delta,LBP_theta,Std_theta,Var_theta,Kur_theta,SE_theta,LBP_alpha,Std_alpha,Var_alpha,Kur_alpha,SE_alpha,LBP_beta,Std_beta,Var_beta,Kur_beta,SE_beta,LBP_gamma,Std_gamma,Var_gamma,Kur_gamma,SE_gamma
-17.89246346053431,0.00013022695678061234,1.6959060272339475e-08,3.119991493271098,-0.00045542589969367153,-23.01571101160875,1.0047537718414175e-05,1.0095301420295553e-10,2.9875775275092664,-3.531254743561212e-06,-24.837254247166005,4.042581303946625e-06,1.6342463599018795e-11,3.1622776939239388,-1.231541007526874e-06,-28.5806847404022,6.219896479063547e-07,3.86871122102671e-13,3.0021016088623385,-6.738586789980898e-08,-34.116132099468395,3.9063939856154965e-08,1.5259913970852926e-15,2.9621855812727578,-6.370066843366741e-10
