LBP_delta,Std_delta,Var_delta,Kur_delta,SE_delta,LBP_theta,Std_theta,Var_theta,Kur_theta,SE_theta,LBP_alpha,Std_alpha,Var_alpha,Kur_alpha,SE_alpha,LBP_beta,Std_beta,Var_beta,Kur_beta,SE_beta,LBP_gamma,Std_gamma,Var_gamma,Kur_gamma,SE_gamma
-17.97445893855352,0.00012499420168903425,1.5623550455878976e-08,2.9036592713948925,-0.0004232260424685668,-22.744835308746435,1.1507932216027432e-05,1.3243250388868204e-10,3.346003488239183,-4.562444335154796e-06,-24.59964608446219,4.552548821955458e-06,2.0725700776288033e-11,11.25544987699393,-1.5229789432833715e-06,-28.401057264000237,6.804383256774604e-07,4.629963150507457e-13,28.657413798106344,-7.760656722594922e-08,-33.94589809848964,4.2534554227194685e-08,1.809188303306165e-15,30.87161042929236,-7.300475432056404e-10
