LBP_delta,Std_delta,Var_delta,Kur_delta,SE_delta,LBP_theta,Std_theta,Var_theta,Kur_theta,SE_theta,LBP_alpha,Std_alpha,Var_alpha,Kur_alpha,SE_alpha,LBP_beta,Std_beta,Var_beta,Kur_beta,SE_beta,LBP_gamma,Std_gamma,Var_gamma,Kur_gamma,SE_gamma
-17.628079312336908,0.00014836449697848436,2.2012023963678698e-08,2.660522863303057,-0.0005870369749823886,-22.909315881210237,1.059033294680033e-05,1.1215515192408455e-10,2.9960955922974377,-3.9084296484752335e-06,-24.792207345738536,4.1346643240268604e-06,1.7095449072380495e-11,4.560949876377527,-1.2840827359878332e-06,-28.462245640053418,6.599360274493778e-07,4.3551556032566595e-13,76.04921783235304,-7.311157926921494e-08,-30.248662225975433,2.7012555607520257e-07,7.296781604493741e-14,3196.758836908129,-2.057781193093677e-08
