LBP_delta,Std_delta,Var_delta,Kur_delta,SE_delta,LBP_theta,Std_theta,Var_theta,Kur_theta,SE_theta,LBP_alpha,Std_alpha,Var_alpha,Kur_alpha,SE_alpha,LBP_beta,Std_beta,Var_beta,Kur_beta,SE_beta,LBP_gamma,Std_gamma,Var_gamma,Kur_gamma,SE_gamma
-17.95272620455477,0.0001263614967880102,1.5967227870506308e-08,2.8049872296963305,-0.0004321133715660959,-22.92237459273038,1.053065801884822e-05,1.1089475830993233e-10,3.3445512248022107,-3.852220282207102e-06,-24.96877447093702,3.785292322613832e-06,1.432843796763922e-11,3.0465579102623424,-1.0864709739354824e-06,-28.90515579429222,5.288410496716272e-07,2.796728558177885e-13,2.9790078164249607,-4.929031486898775e-08,-34.47326167011086,3.267580806166888e-08,1.067708432483025e-15,2.9569850558073876,-4.506108369012782e-10
