LBP_delta,Std_delta,Var_delta,Kur_delta,SE_delta,LBP_theta,Std_theta,Var_theta,Kur_theta,SE_theta,LBP_alpha,Std_alpha,Var_alpha,Kur_alpha,SE_alpha,LBP_beta,Std_beta,Var_beta,Kur_beta,SE_beta,LBP_gamma,Std_gamma,Var_gamma,Kur_gamma,SE_gamma
-17.854728617674056,0.0001327012852854432,1.7609631116408587e-08,3.072203633941023,-0.00047181657414883027,-22.786150774676567,1.1271231536678562e-05,1.2704066035341736e-10,3.381343716859453,-4.386184999880429e-06,-24.578046792337727,4.601982269666841e-06,2.1178240810327974e-11,6.27638455553291,-1.5644595069044358e-06,-28.312863685014246,7.111148721087101e-07,5.056843613341871e-13,14.86717199502669,-8.54205546063335e-08,-33.84180193292097,4.480702186136157e-08,2.007669208084534e-15,15.750402046843657,-8.15611940361955e-10
