LBP_delta,Std_delta,Var_delta,Kur_delta,SE_delta,LBP_theta,Std_theta,Var_theta,Kur_theta,SE_theta,LBP_alpha,Std_alpha,Var_alpha,Kur_alpha,SE_alpha,LBP_beta,Std_beta,Var_beta,Kur_beta,SE_beta,LBP_gamma,Std_gamma,Var_gamma,Kur_gamma,SE_gamma
-17.9859429460856,0.00012427936989647533,1.5445361781864935e-08,3.1032040358025164,-0.00041812298979618625,-22.845937587396172,1.094058250390595e-05,1.1969634552477298e-10,2.9699027226293673,-4.154624769518182e-06,-24.514991651305028,4.749380154395796e-06,2.2556611850968633e-11,3.001751930208232,-1.6799336761814685e-06,-28.27010721734932,7.264807508708889e-07,5.277742813859306e-13,3.0114445094009734,-9.090384534298659e-08,-33.811404171056544,4.549324024211531e-08,2.06963490772682e-15,2.998314286010798,-8.559946009628222e-10
