LBP_delta,Std_delta,Var_delta,Kur_delta,SE_delta,LBP_theta,Std_theta,Var_theta,Kur_theta,SE_theta,LBP_alpha,Std_alpha,Var_alpha,Kur_alpha,SE_alpha,LBP_beta,Std_beta,Var_beta,Kur_beta,SE_beta,LBP_gamma,Std_gamma,Var_gamma,Kur_gamma,SE_gamma
-18.081382394869873,0.00011848863182651629,1.4039555872119728e-08,2.595118814303796,-0.0003838896323752509,-22.842913996585263,1.0957497234874592e-05,1.2006674565228434e-10,3.006989045794406,-4.1682439214657755e-06,-24.86511001870015,3.986664232441472e-06,1.589349170222815e-11,3.062736421588763,-1.199946418833957e-06,-28.865155584042963,5.395244171473964e-07,2.9108659669823773e-13,3.2034804498689113,-5.117071850498309e-08,-34.43950810122273,3.323195076781071e-08,1.1043625518341949e-15,3.1946188562379287,-4.650624680733136e-10
