LBP_delta,Std_delta,Var_delta,Kur_delta,SE_delta,LBP_theta,Std_theta,Var_theta,Kur_theta,SE_theta,LBP_alpha,Std_alpha,Var_alpha,Kur_alpha,SE_alpha,LBP_beta,Std_beta,Var_beta,Kur_beta,SE_beta,LBP_gamma,Std_gamma,Var_gamma,Kur_gamma,SE_gamma
-17.830814849122522,0.00013429719601653522,1.803573685790368e-08,2.914740163647374,-0.00048482692449902394,-22.975358917397237,1.0254048786662055e-05,1.0514551651924557e-10,3.314420503806445,-3.663765965962972e-06,-25.018692928517467,3.691984215282712e-06,1.3630747445896702e-11,3.0288958821377467,-1.0363315242627964e-06,-28.90966172838414,5.276509422959976e-07,2.7841551690585427e-13,2.9741745925675453,-4.908215886156345e-08,-34.46694596235682,3.277915693695785e-08,1.074473129497712e-15,2.9747058954145964,-4.532687584924836e-10
