LBP_delta,Std_delta,Var_delta,Kur_delta,SE_delta,LBP_theta,Std_theta,Var_theta,Kur_theta,SE_theta,LBP_alpha,Std_alpha,Var_alpha,Kur_alpha,SE_alpha,LBP_beta,Std_beta,Var_beta,Kur_beta,SE_beta,LBP_gamma,Std_gamma,Var_gamma,Kur_gamma,SE_gamma
-17.69714210468077,0.0001435702049685016,2.061240375469756e-08,2.5158317040870766,-0.0005520245974919801,-22.874821504757218,1.0784004556499023e-05,1.1629475427459169e-10,3.509637019097177,-4.030566584404147e-06,-24.76634668391629,4.188477108105159e-06,1.7543340485120957e-11,9.36825257671985,-1.297756889766279e-06,-28.549419996560072,6.317892265311079e-07,3.991576267607756e-13,19.204435685389043,-6.772410315137139e-08,-34.08114889283548,3.9753240560599554e-08,1.5803201350688977e-15,21.178683731480206,-6.440705327578781e-10
