LBP_delta,Std_delta,Var_delta,Kur_delta,SE_delta,LBP_theta,Std_theta,Var_theta,Kur_theta,SE_theta,LBP_alpha,Std_alpha,Var_alpha,Kur_alpha,SE_alpha,LBP_beta,Std_beta,Var_beta,Kur_beta,SE_beta,LBP_gamma,Std_gamma,Var_gamma,Kur_gamma,SE_gamma
-17.988751605044406,0.00012410199849002758,1.5401306029218807e-08,2.8036186383526296,-0.00041792339919949475,-22.83680938147776,1.0987102248630037e-05,1.2071641582185122e-10,3.2900679321266786,-4.184091880766656e-06,-24.769387211214326,4.182114342505638e-06,1.749008037379136e-11,3.1713452618677795,-1.3153009267039878e-06,-28.477763929733655,6.548351329333602e-07,4.2880905132385155e-13,175.91886540284278,-7.134775313293413e-08,-30.489609721762328,2.3947602787598714e-07,5.734876792726057e-14,7868.846130768057,-1.5795676214350724e-08
