LBP_delta,Std_delta,Var_delta,Kur_delta,SE_delta,LBP_theta,Std_theta,Var_theta,Kur_theta,SE_theta,LBP_alpha,Std_alpha,Var_alpha,Kur_alpha,SE_alpha,LBP_beta,Std_beta,Var_beta,Kur_beta,SE_beta,LBP_gamma,Std_gamma,Var_gamma,Kur_gamma,SE_gamma
-18.209349899916315,0.00011114428526235741,1.235305214648028e-08,2.8603268837848894,-0.0003392216828768592,-22.882885555885405,1.0740759057128185e-05,1.1536390512328113e-10,3.2077453603036092,-4.002489837867134e-06,-24.7745598684556,4.171311710567309e-06,1.739984138671597e-11,4.5330860456060655,-1.3019093189131383e-06,-28.68533769866323,5.902799725701509e-07,3.484304460174181e-13,8.529487002146132,-6.028539395794117e-08,-34.250973909913206,3.651703225309336e-08,1.3334936445734606e-15,9.102906909580945,-5.536972052517759e-10
