LBP_delta,Std_delta,Var_delta,Kur_delta,SE_delta,LBP_theta,Std_theta,Var_theta,Kur_theta,SE_theta,LBP_alpha,Std_alpha,Var_alpha,Kur_alpha,SE_alpha,LBP_beta,Std_beta,Var_beta,Kur_beta,SE_beta,LBP_gamma,Std_gamma,Var_gamma,Kur_gamma,SE_gamma
-18.058176272101466,0.0001198713977358529,1.4369151995147039e-08,2.8133603005565875,-0.0003911434419233857,-22.998191597337946,1.013807901053589e-05,1.0278064602386837e-10,2.9461250673621766,-3.5933374807757034e-06,-25.021641073403927,3.6865413307199513e-06,1.3590586983106429e-11,3.067211788779874,-1.0331890022937968e-06,-28.93233790958919,5.217019157690491e-07,2.721728889170961e-13,4.031497560711978,-4.793685638237837e-08,-34.50647108968026,3.2137714847094795e-08,1.0328327155931772e-15,3.34750037602045,-4.3598217190648916e-10
