LBP_delta,Std_delta,Var_delta,Kur_delta,SE_delta,LBP_theta,Std_theta,Var_theta,Kur_theta,SE_theta,LBP_alpha,Std_alpha,Var_alpha,Kur_alpha,SE_alpha,LBP_beta,Std_beta,Var_beta,Kur_beta,SE_beta,LBP_gamma,Std_gamma,Var_gamma,Kur_gamma,SE_gamma
-17.878814089386648,0.0001311118517086565,1.719031765847273e-08,2.723741317588849,-0.0004643119529516576,-22.735429243864406,1.1561763281536322e-05,1.3367437017828153e-10,3.1634340007041457,-4.611460791490758e-06,-24.782440203564292,4.154907996068793e-06,1.726326045579639e-11,3.1173751021153078,-1.2986139966227948e-06,-28.811464768028266,5.542043313522804e-07,3.071424408896282e-13,2.8575588652760864,-5.400745542858557e-08,-34.38673550519737,3.412049002518875e-08,1.164207839559005e-15,2.8289775516883675,-4.903483905621031e-10
