LBP_delta,Std_delta,Var_delta,Kur_delta,SE_delta,LBP_theta,Std_theta,Var_theta,Kur_theta,SE_theta,LBP_alpha,Std_alpha,Var_alpha,Kur_alpha,SE_alpha,LBP_beta,Std_beta,Var_beta,Kur_beta,SE_beta,LBP_gamma,Std_gamma,Var_gamma,Kur_gamma,SE_gamma
-17.864711580814152,0.00013204369749944797,1.7435538049325723e-08,3.1452779977333796,-0.0004679218820450696,-22.9712560022915,1.027591278048567e-05,1.0559438347214876e-10,2.9900167979977135,-3.6866749613561853e-06,-24.93987201502664,3.840382630979624e-06,1.4748538752329976e-11,13.039730659847708,-1.1041539896019768e-06,-27.92284386327603,8.642338701382833e-07,7.46900182294195e-13,1346.9825447236776,-1.0821167153626594e-07,-28.88721833650224,5.335954942854674e-07,2.8472415152175226e-13,9732.375112223357,-7.085725578390476e-08
