LBP_delta,Std_delta,Var_delta,Kur_delta,SE_delta,LBP_theta,Std_theta,Var_theta,Kur_theta,SE_theta,LBP_alpha,Std_alpha,Var_alpha,Kur_alpha,SE_alpha,LBP_beta,Std_beta,Var_beta,Kur_beta,SE_beta,LBP_gamma,Std_gamma,Var_gamma,Kur_gamma,SE_gamma
-17.780485794987936,0.00013772516940324523,1.8968222287152596e-08,3.1825629332310417,-0.000506666463554262,-22.952163998331397,1.0373900604373323e-05,1.0761781374941719e-10,3.168280409532933,-3.7468353515176497e-06,-24.907572000634723,3.902918104527213e-06,1.5232769730646293e-11,3.351839930413722,-1.1502807462846542e-06,-28.811719961310263,5.541335651065041e-07,3.070640079776443e-13,3.2712604663671074,-5.385277278860922e-08,-34.37236620363422,3.4366516458520094e-08,1.1810574534937324e-15,3.269153014416762,-4.962190327236627e-10
