LBP_delta,Std_delta,Var_delta,Kur_delta,SE_delta,LBP_theta,Std_theta,Var_theta,Kur_theta,SE_theta,LBP_alpha,Std_alpha,Var_alpha,Kur_alpha,SE_alpha,LBP_beta,Std_beta,Var_beta,Kur_beta,SE_beta,LBP_gamma,Std_gamma,Var_gamma,Kur_gamma,SE_gamma
-18.09357402205044,0.00011776063149013237,1.3867566328954755e-08,2.9057437182015087,-0.0003781898184903776,-22.55424500247508,1.2659165002687476e-05,1.602544585652674e-10,3.053220314003028,-5.478669016362704e-06,-24.759265217486394,4.20333368350191e-06,1.7668014054861733e-11,3.112307463391066,-1.328936017529138e-06,-28.78993000454988,5.602038296476938e-07,3.1382833075194234e-13,2.9897269614376603,-5.509713675499655e-08,-34.37803716028562,3.4269209043071464e-08,1.1743786884377312e-15,2.974229838344061,-4.941234233949825e-10
