LBP_delta,Std_delta,Var_delta,Kur_delta,SE_delta,LBP_theta,Std_theta,Var_theta,Kur_theta,SE_theta,LBP_alpha,Std_alpha,Var_alpha,Kur_alpha,SE_alpha,LBP_beta,Std_beta,Var_beta,Kur_beta,SE_beta,LBP_gamma,Std_gamma,Var_gamma,Kur_gamma,SE_gamma
-17.8925640077168,0.00013019621107661003,1.6951053378705193e-08,2.8664806684573487,-0.0004566807248864723,-22.576017058955063,1.2521732816425483e-05,1.5679379272594684e-10,3.2038346658206955,-5.367279336346548e-06,-24.70110693076991,4.3273570914376456e-06,1.8726019396815677e-11,3.098961123987757,-1.4045181810479104e-06,-28.750098128593432,5.71472727075309e-07,3.2658107779089055e-13,3.0794700543728326,-5.721566026744824e-08,-34.34004006230189,3.492649798305281e-08,1.219860261360192e-15,3.0391352684555866,-5.125519035847056e-10
