LBP_delta,Std_delta,Var_delta,Kur_delta,SE_delta,LBP_theta,Std_theta,Var_theta,Kur_theta,SE_theta,LBP_alpha,Std_alpha,Var_alpha,Kur_alpha,SE_alpha,LBP_beta,Std_beta,Var_beta,Kur_beta,SE_beta,LBP_gamma,Std_gamma,Var_gamma,Kur_gamma,SE_gamma
-17.843164091129637,0.00013347687176927915,1.7816075297312588e-08,2.670584074813507,-0.00048022746728017886,-22.52251461171205,1.2860897291492839e-05,1.6540267914232784e-10,2.937336869821722,-5.656612982561149e-06,-24.771109176078763,4.178515170296719e-06,1.7459989028399815e-11,3.056787867943399,-1.3134697375871442e-06,-28.749760596306903,5.715691388589312e-07,3.2669128049594023e-13,3.050365854953422,-5.723913871620435e-08,-34.32845473502883,3.512940259996615e-08,1.2340749270305083e-15,3.071171736520596,-5.182345956512193e-10
