LBP_delta,Std_delta,Var_delta,Kur_delta,SE_delta,LBP_theta,Std_theta,Var_theta,Kur_theta,SE_theta,LBP_alpha,Std_alpha,Var_alpha,Kur_alpha,SE_alpha,LBP_beta,Std_beta,Var_beta,Kur_beta,SE_beta,LBP_gamma,Std_gamma,Var_gamma,Kur_gamma,SE_gamma
-17.353465507516987,0.00017050240604300792,2.9071070466454746e-08,7.565250222519748,-0.0007259169244418234,-20.333817556407748,3.841936533980716e-05,1.476047633113576e-09,33.895583569000884,-4.091556378070444e-05,-22.480997005897333,1.313145085853877e-05,1.7243500165021859e-10,39.61690836507268,-1.0775514623533094e-05,-26.00638851137682,2.2531207575116116e-06,5.076553147929698e-12,102.91446701702644,-7.366307742348828e-07,-27.38558853145752,1.1305629100344073e-06,1.278172493545467e-12,3750.3181942441674,-3.1624750157960223e-07
