LBP_delta,Std_delta,Var_delta,Kur_delta,SE_delta,LBP_theta,Std_theta,Var_theta,Kur_theta,SE_theta,LBP_alpha,Std_alpha,Var_alpha,Kur_alpha,SE_alpha,LBP_beta,Std_beta,Var_beta,Kur_beta,SE_beta,LBP_gamma,Std_gamma,Var_gamma,Kur_gamma,SE_gamma
-17.67092861318277,0.00014546849205073165,2.1161082179513777e-08,2.956232023731806,-0.0005637514951228109,-22.49316379199766,1.3051615750999182e-05,1.7034467371172996e-10,18.057358880980544,-5.667163264603675e-06,-24.593229392826995,4.567156117865121e-06,2.085891500495281e-11,16.41054054497829,-1.524183108524291e-06,-28.294217759542605,7.177715919110044e-07,5.151960581544575e-13,60.222896092664264,-8.577771577227496e-08,-31.024747595063925,1.832553018036192e-07,3.358250563913555e-14,8409.688338328202,-9.53856437215737e-09
