LBP_delta,Std_delta,Var_delta,Kur_delta,SE_delta,LBP_theta,Std_theta,Var_theta,Kur_theta,SE_theta,LBP_alpha,Std_alpha,Var_alpha,Kur_alpha,SE_alpha,LBP_beta,Std_beta,Var_beta,Kur_beta,SE_beta,LBP_gamma,Std_gamma,Var_gamma,Kur_gamma,SE_gamma
-18.19054248590453,0.00011219474151529095,1.2587660023682951e-08,3.071299791527867,-0.000344479621404413,-22.538823429330982,1.2757141046231957e-05,1.627446476734562e-10,3.6020745312440954,-5.547591794816744e-06,-24.797342121815557,4.124063663198609e-06,1.700790109811513e-11,3.215420542961613,-1.2793125530185715e-06,-28.836211960984897,5.473890045876824e-07,2.9963472234349387e-13,3.096917470277224,-5.265590587752009e-08,-34.43056644573496,3.33808574702883e-08,1.114281645451702e-15,2.9892473080532174,-4.695709517965163e-10
