LBP_delta,Std_delta,Var_delta,Kur_delta,SE_delta,LBP_theta,Std_theta,Var_theta,Kur_theta,SE_theta,LBP_alpha,Std_alpha,Var_alpha,Kur_alpha,SE_alpha,LBP_beta,Std_beta,Var_beta,Kur_beta,SE_beta,LBP_gamma,Std_gamma,Var_gamma,Kur_gamma,SE_gamma
-17.988560631841345,0.0001241175047412933,1.5405154983204966e-08,2.943287662186069,-0.00041715661009891644,-22.835706878133852,1.0996715776679021e-05,1.209277578730613e-10,3.1682392420108783,-4.191530765195601e-06,-24.9990503028031,3.7283793837306235e-06,1.3900812829027546e-11,3.0742937714923895,-1.055831930965939e-06,-28.877714374778687,5.361441495493972e-07,2.874505490960464e-13,2.9700213394479844,-5.062084196872972e-08,-34.4386588168597,3.3246065272883856e-08,1.1053008561288541e-15,2.9625749026249086,-4.65908179096767e-10
