LBP_delta,Std_delta,Var_delta,Kur_delta,SE_delta,LBP_theta,Std_theta,Var_theta,Kur_theta,SE_theta,LBP_alpha,Std_alpha,Var_alpha,Kur_alpha,SE_alpha,LBP_beta,Std_beta,Var_beta,Kur_beta,SE_beta,LBP_gamma,Std_gamma,Var_gamma,Kur_gamma,SE_gamma
-17.523420562232246,0.00015660807405615493,2.4526088859578106e-08,5.013017082169408,-0.0006371935819101408,-20.81081921388913,3.02664503328635e-05,9.16058015751693e-10,57.91295483033209,-2.615336002914287e-05,-22.964206873581308,1.0312857274739864e-05,1.0635502516915496e-10,59.899143344915785,-6.88249944671183e-06,-26.016584667328758,2.24165815503745e-06,5.025031284045904e-12,237.10759784753077,-7.071970677057633e-07,-26.780122743415642,1.5302599844350138e-06,2.3416956199630484e-12,1723.9483950648344,-5.796185299787321e-07
