LBP_delta,Std_delta,Var_delta,Kur_delta,SE_delta,LBP_theta,Std_theta,Var_theta,Kur_theta,SE_theta,LBP_alpha,Std_alpha,Var_alpha,Kur_alpha,SE_alpha,LBP_beta,Std_beta,Var_beta,Kur_beta,SE_beta,LBP_gamma,Std_gamma,Var_gamma,Kur_gamma,SE_gamma
-18.08378235031152,0.00011833465451987266,1.400309046033762e-08,3.2497926696059727,-0.0003802308252100036,-22.755107881062635,1.1448923350887392e-05,1.310778458944946e-10,2.8911663187775574,-4.5328874967644995e-06,-24.79135990023253,4.136419513643243e-06,1.7109966392848597e-11,3.1140389323772433,-1.287894895015033e-06,-28.67524801576129,5.932653707917107e-07,3.51963800180626e-13,3.2840631358265915,-6.143201545227436e-08,-34.228375760698206,3.6931982746252885e-08,1.3639713495695207e-15,3.3364320702897756,-5.704580089477675e-10
