LBP_delta,Std_delta,Var_delta,Kur_delta,SE_delta,LBP_theta,Std_theta,Var_theta,Kur_theta,SE_theta,LBP_alpha,Std_alpha,Var_alpha,Kur_alpha,SE_alpha,LBP_beta,Std_beta,Var_beta,Kur_beta,SE_beta,LBP_gamma,Std_gamma,Var_gamma,Kur_gamma,SE_gamma
-17.393384688007963,0.00016713769920628435,2.7935010495970383e-08,5.389503904956601,-0.000714372402688353,-19.526581328555157,5.75227260497279e-05,3.3088640121920447e-09,41.83618745702336,-8.75092272586919e-05,-20.90431144977454,2.8885935989244812e-05,8.343972979747487e-10,47.71922615581619,-4.709690673585654e-05,-24.72042331383558,4.285764291504421e-06,1.8367775562334388e-11,36.13546830063187,-2.5399612261086023e-06,-28.746844913399233,5.723924492395775e-07,3.2763311594648227e-13,1671.5389924898052,-9.3551569625893e-08
