LBP_delta,Std_delta,Var_delta,Kur_delta,SE_delta,LBP_theta,Std_theta,Var_theta,Kur_theta,SE_theta,LBP_alpha,Std_alpha,Var_alpha,Kur_alpha,SE_alpha,LBP_beta,Std_beta,Var_beta,Kur_beta,SE_beta,LBP_gamma,Std_gamma,Var_gamma,Kur_gamma,SE_gamma
-18.121963666401914,0.0001161084748694813,1.348117793651697e-08,2.8869669538188654,-0.0003683358152944809,-23.025403208371365,1.0001739591460133e-05,1.0003479485538112e-10,3.051014149792215,-3.500416259624783e-06,-25.01213728002609,3.7041044612138816e-06,1.372038985958458e-11,3.0619104102192045,-1.0426938076833157e-06,-28.96535357369044,5.131606687662414e-07,2.633338719686161e-13,3.166854429273637,-4.649339834786418e-08,-34.539813969706245,3.160637522832197e-08,9.989629550734844e-16,3.0811226156497638,-4.222604522031936e-10
