LBP_delta,Std_delta,Var_delta,Kur_delta,SE_delta,LBP_theta,Std_theta,Var_theta,Kur_theta,SE_theta,LBP_alpha,Std_alpha,Var_alpha,Kur_alpha,SE_alpha,LBP_beta,Std_beta,Var_beta,Kur_beta,SE_beta,LBP_gamma,Std_gamma,Var_gamma,Kur_gamma,SE_gamma
-17.816902942574895,0.00013523839767866046,1.828942420669152e-08,3.3952654772604274,-0.0004891570805472935,-22.883908849025243,1.0733776063828596e-05,1.152139485884197e-10,3.177188019549022,-4.000737177882464e-06,-24.950603210730634,3.819769381743589e-06,1.45906381297058e-11,3.307875562805455,-1.104220801942753e-06,-28.88940939645958,5.330193519118064e-07,2.841096295124821e-13,3.1971408437671744,-4.999370754482429e-08,-34.463481748920536,3.28359830955995e-08,1.0782017858544962e-15,3.145772260588529,-4.5453150048926554e-10
