LBP_delta,Std_delta,Var_delta,Kur_delta,SE_delta,LBP_theta,Std_theta,Var_theta,Kur_theta,SE_theta,LBP_alpha,Std_alpha,Var_alpha,Kur_alpha,SE_alpha,LBP_beta,Std_beta,Var_beta,Kur_beta,SE_beta,LBP_gamma,Std_gamma,Var_gamma,Kur_gamma,SE_gamma
-17.82925213148445,0.00013436333860438612,1.805350676091692e-08,2.9474677439354964,-0.000485835890577705,-22.88013142335794,1.0749824695227007e-05,1.155587309781124e-10,3.0952854420479006,-4.019192338421196e-06,-24.93907838815146,3.841895483896485e-06,1.47601609091842e-11,4.745344811912548,-1.1158663239344524e-06,-28.425769258880287,6.720820983251265e-07,4.516943468891049e-13,486.59897802303533,-7.235842293663237e-08,-29.947694474765292,3.140022382456116e-07,9.859740562325384e-14,9642.065661729572,-2.5955881425560284e-08
