LBP_delta,Std_delta,Var_delta,Kur_delta,SE_delta,LBP_theta,Std_theta,Var_theta,Kur_theta,SE_theta,LBP_alpha,Std_alpha,Var_alpha,Kur_alpha,SE_alpha,LBP_beta,Std_beta,Var_beta,Kur_beta,SE_beta,LBP_gamma,Std_gamma,Var_gamma,Kur_gamma,SE_gamma
-17.861729331926337,0.00013224361065400126,1.7488372558807078e-08,3.3456910277247665,-0.0004679781255098381,-23.019603937851112,1.0030386263717921e-05,1.0060864859938117e-10,2.8079349200898736,-3.5261465875857492e-06,-25.088968649563675,3.564508530395586e-06,1.2705721063262902e-11,3.1043893984885638,-9.680614837047948e-07,-28.958064483141147,5.150343485166559e-07,2.6526038015197624e-13,3.2651089323651954,-4.678126502637118e-08,-34.51993181117896,3.192214331596452e-08,1.0190232338849782e-15,3.211255642950197,-4.3014298705047293e-10
