LBP_delta,Std_delta,Var_delta,Kur_delta,SE_delta,LBP_theta,Std_theta,Var_theta,Kur_theta,SE_theta,LBP_alpha,Std_alpha,Var_alpha,Kur_alpha,SE_alpha,LBP_beta,Std_beta,Var_beta,Kur_beta,SE_beta,LBP_gamma,Std_gamma,Var_gamma,Kur_gamma,SE_gamma
-17.83603494584358,0.00013395188685853097,1.794310799296068e-08,2.6670742228283593,-0.0004839262661022707,-22.947750610070287,1.0395775462533741e-05,1.0807214746741862e-10,3.2602614076161682,-3.760886471048022e-06,-24.713135479886695,4.30140934429319e-06,1.8502122347172774e-11,3.0146542724734817,-1.3889368904560291e-06,-28.515875624494996,6.424750228271369e-07,4.1277415495673e-13,3.061116437152176,-7.171405052449908e-08,-34.0517054370823,4.034280708683738e-08,1.6275420836457765e-15,3.0416575281857563,-6.781020298357836e-10
