LBP_delta,Std_delta,Var_delta,Kur_delta,SE_delta,LBP_theta,Std_theta,Var_theta,Kur_theta,SE_theta,LBP_alpha,Std_alpha,Var_alpha,Kur_alpha,SE_alpha,LBP_beta,Std_beta,Var_beta,Kur_beta,SE_beta,LBP_gamma,Std_gamma,Var_gamma,Kur_gamma,SE_gamma
-17.9389589092038,0.00012723260676444128,1.618813622407495e-08,2.746740389872047,-0.0004386349472960444,-22.95457958374482,1.0362239381020087e-05,1.0737600498956355e-10,3.1494562044117327,-3.7430481426196808e-06,-24.883991415021335,3.949207086367538e-06,1.559623661101558e-11,3.1671645239744968,-1.1780265374521498e-06,-28.78069498122072,5.627965110004111e-07,3.1673991279423585e-13,3.013141563162435,-5.5565962903893505e-08,-34.331601492100496,3.507417448319254e-08,1.2301977156774349e-15,3.040102305338797,-5.167216130093348e-10
