LBP_delta,Std_delta,Var_delta,Kur_delta,SE_delta,LBP_theta,Std_theta,Var_theta,Kur_theta,SE_theta,LBP_alpha,Std_alpha,Var_alpha,Kur_alpha,SE_alpha,LBP_beta,Std_beta,Var_beta,Kur_beta,SE_beta,LBP_gamma,Std_gamma,Var_gamma,Kur_gamma,SE_gamma
-17.819787639440637,0.0001350461394361975,1.8237459776620896e-08,2.9854780086833568,-0.0004893304624533944,-22.616530645135988,1.2270192476216302e-05,1.5055762340339515e-10,3.0800846518017444,-5.167415712748162e-06,-24.85999642732773,3.996872033779532e-06,1.5974986054408936e-11,2.989330637403009,-1.2070246835386358e-06,-28.749835095124833,5.715477400850564e-07,3.266668191963352e-13,3.110277779329864,-5.722002681090931e-08,-34.30756738387549,3.549820531378606e-08,1.2601225804997092e-15,3.1121171866055692,-5.287006388837081e-10
