LBP_delta,Std_delta,Var_delta,Kur_delta,SE_delta,LBP_theta,Std_theta,Var_theta,Kur_theta,SE_theta,LBP_alpha,Std_alpha,Var_alpha,Kur_alpha,SE_alpha,LBP_beta,Std_beta,Var_beta,Kur_beta,SE_beta,LBP_gamma,Std_gamma,Var_gamma,Kur_gamma,SE_gamma
-17.928089755346033,0.00012792082529578918,1.6363737544355814e-08,3.094494373817818,-0.00044108341123567176,-22.80709716160276,1.1155805465013283e-05,1.2445199557322023e-10,3.0748980859093145,-4.307411493801101e-06,-24.4111633283815,5.002455351902338e-06,2.502455954777634e-11,2.9123695079829486,-1.8566659183154374e-06,-28.146309648393476,7.728701177988793e-07,5.973282189864535e-13,2.9453096641492484,-1.024519386399429e-07,-33.67449200781111,4.871659978734493e-08,2.373307094840336e-15,2.920573293939411,-9.779133830519972e-10
