LBP_delta,Std_delta,Var_delta,Kur_delta,SE_delta,LBP_theta,Std_theta,Var_theta,Kur_theta,SE_theta,LBP_alpha,Std_alpha,Var_alpha,Kur_alpha,SE_alpha,LBP_beta,Std_beta,Var_beta,Kur_beta,SE_beta,LBP_gamma,Std_gamma,Var_gamma,Kur_gamma,SE_gamma
-17.965445358901473,0.00012555982271468695,1.576526908014362e-08,2.7247691606759634,-0.00042705989665109,-22.90298722290585,1.0632609104810426e-05,1.1305237637569755e-10,2.9663789404350713,-3.932993666627899e-06,-24.934129371026362,3.8514349878767876e-06,1.4833551465841474e-11,3.163312352690419,-1.1232378603032999e-06,-28.812415810203117,5.539407576059061e-07,3.0685036293700527e-13,3.030839392982773,-5.389237646578144e-08,-34.35774625460534,3.461865432271056e-08,1.1984512271153265e-15,3.0324477183495184,-5.038667082401025e-10
