LBP_delta,Std_delta,Var_delta,Kur_delta,SE_delta,LBP_theta,Std_theta,Var_theta,Kur_theta,SE_theta,LBP_alpha,Std_alpha,Var_alpha,Kur_alpha,SE_alpha,LBP_beta,Std_beta,Var_beta,Kur_beta,SE_beta,LBP_gamma,Std_gamma,Var_gamma,Kur_gamma,SE_gamma
-17.870818007028323,0.00013163700092988243,1.732830001381387e-08,2.9256931384703733,-0.00046638883122823325,-22.817069367597323,1.1100256280844281e-05,1.232156895004229e-10,2.9130020964019177,-4.2729536784294714e-06,-24.6529549294649,4.432805330577739e-06,1.9649763098798417e-11,2.8628387922630467,-1.4737245793622225e-06,-28.43243861496002,6.698448734052781e-07,4.486921544273331e-13,4.056597292894152,-7.759060236234149e-08,-33.981829441319526,4.1777215394359796e-08,1.7453357261067333e-15,4.222423439600624,-7.245042213913065e-10
