LBP_delta,Std_delta,Var_delta,Kur_delta,SE_delta,LBP_theta,Std_theta,Var_theta,Kur_theta,SE_theta,LBP_alpha,Std_alpha,Var_alpha,Kur_alpha,SE_alpha,LBP_beta,Std_beta,Var_beta,Kur_beta,SE_beta,LBP_gamma,Std_gamma,Var_gamma,Kur_gamma,SE_gamma
-17.80655797669875,0.0001359145039025885,1.8472752371086742e-08,3.0546650843572425,-0.0004951324706477837,-22.809157374131136,1.1140585211916529e-05,1.2411263886397325e-10,3.8074150271160576,-4.286725864252816e-06,-24.617911109291768,4.5111426989210725e-06,2.03504084500289e-11,4.3871440139282125,-1.5151534373256464e-06,-28.414924271924725,6.757368156006651e-07,4.566202439581273e-13,17.186251620350223,-7.818846854888077e-08,-30.47544348051134,2.4117589957298856e-07,5.816581453484027e-14,9289.260002431116,-1.5859057483899178e-08
