LBP_delta,Std_delta,Var_delta,Kur_delta,SE_delta,LBP_theta,Std_theta,Var_theta,Kur_theta,SE_theta,LBP_alpha,Std_alpha,Var_alpha,Kur_alpha,SE_alpha,LBP_beta,Std_beta,Var_beta,Kur_beta,SE_beta,LBP_gamma,Std_gamma,Var_gamma,Kur_gamma,SE_gamma
-17.947279096235288,0.00012669610061086462,1.6051901909998328e-08,2.62206836488279,-0.00043579584090741987,-22.850705145346527,1.0914455107508451e-05,1.1912533029381733e-10,2.9746354814532316,-4.135930496175383e-06,-24.51639653565196,4.746047036008026e-06,2.2524962468000575e-11,2.9868494933737653,-1.6780211762937646e-06,-28.291058008154202,7.189103264236051e-07,5.168320574384945e-13,3.0944887487632635,-8.907767656965379e-08,-33.82931102713437,4.5087737105871176e-08,2.0329040373281526e-15,3.0668064178438033,-8.41140713914666e-10
