LBP_delta,Std_delta,Var_delta,Kur_delta,SE_delta,LBP_theta,Std_theta,Var_theta,Kur_theta,SE_theta,LBP_alpha,Std_alpha,Var_alpha,Kur_alpha,SE_alpha,LBP_beta,Std_beta,Var_beta,Kur_beta,SE_beta,LBP_gamma,Std_gamma,Var_gamma,Kur_gamma,SE_gamma
-18.08013215306135,0.00011856034522789681,1.4056555460558075e-08,3.0776927652297945,-0.0003822137009624816,-22.875083108786757,1.0782662525980535e-05,1.1626581114918494e-10,2.8753501832075785,-4.0460435917643695e-06,-24.77066864426387,4.179433043541887e-06,1.7467660565449796e-11,3.0289268382364543,-1.3147446457775512e-06,-28.61084410969685,6.12680533557052e-07,3.7537743619975396e-13,2.927438151721672,-6.550680501865237e-08,-34.15871177091434,3.824106467698288e-08,1.4623790276291879e-15,2.9153681971032346,-6.116321796220406e-10
