LBP_delta,Std_delta,Var_delta,Kur_delta,SE_delta,LBP_theta,Std_theta,Var_theta,Kur_theta,SE_theta,LBP_alpha,Std_alpha,Var_alpha,Kur_alpha,SE_alpha,LBP_beta,Std_beta,Var_beta,Kur_beta,SE_beta,LBP_gamma,Std_gamma,Var_gamma,Kur_gamma,SE_gamma
-18.0701467430024,0.00011915643071014638,1.4198254979581914e-08,2.674054235891783,-0.00038773106390539366,-22.723075824127555,1.1634330103687809e-05,1.3535763696157636e-10,3.3337649309240476,-4.659617455635327e-06,-24.75145491487033,4.2197804490946165e-06,1.7806547038561165e-11,3.1958877182804026,-1.3376418376545874e-06,-28.542361259361527,6.340229447422321e-07,4.019850944596115e-13,2.9871743598394596,-6.992946517800302e-08,-34.07944886853641,3.978704658010644e-08,1.5830090755675598e-15,2.9554469294492516,-6.601497886934454e-10
