LBP_delta,Std_delta,Var_delta,Kur_delta,SE_delta,LBP_theta,Std_theta,Var_theta,Kur_theta,SE_theta,LBP_alpha,Std_alpha,Var_alpha,Kur_alpha,SE_alpha,LBP_beta,Std_beta,Var_beta,Kur_beta,SE_beta,LBP_gamma,Std_gamma,Var_gamma,Kur_gamma,SE_gamma
-17.630004766240578,0.00014848502923949818,2.2047803908254626e-08,2.6913448838174427,-0.0005860829276914138,-23.01444155237539,1.0056682981042933e-05,1.0113687258119857e-10,2.9287172296913235,-3.5377634678869248e-06,-24.785114655617235,4.149354068255305e-06,1.7217139183746854e-11,3.0422050833178584,-1.2964910411298972e-06,-28.691197726068147,5.885529640300471e-07,3.463945914685539e-13,2.9838165244420916,-6.059650514623937e-08,-34.254205424153255,3.6458080149911696e-08,1.3291916082173855e-15,2.958677556048065,-5.57239049550412e-10
