LBP_delta,Std_delta,Var_delta,Kur_delta,SE_delta,LBP_theta,Std_theta,Var_theta,Kur_theta,SE_theta,LBP_alpha,Std_alpha,Var_alpha,Kur_alpha,SE_alpha,LBP_beta,Std_beta,Var_beta,Kur_beta,SE_beta,LBP_gamma,Std_gamma,Var_gamma,Kur_gamma,SE_gamma
-17.87687262724676,0.00013124339033298196,1.722482750609546e-08,2.8126793644136545,-0.00046440550300066774,-23.031669141242077,9.969073273753686e-06,9.938242193747004e-11,3.366570335124209,-3.466479144296877e-06,-25.017084902197425,3.694953902191055e-06,1.3652684339316904e-11,3.083721934143935,-1.0373271520080324e-06,-28.879243421972166,5.357373813149827e-07,2.8701454173823516e-13,3.2692559411162683,-5.049433000416469e-08,-34.43888627008612,3.3242283828701515e-08,1.1050494341479503e-15,3.2295512126637567,-4.653684823974662e-10
