LBP_delta,Std_delta,Var_delta,Kur_delta,SE_delta,LBP_theta,Std_theta,Var_theta,Kur_theta,SE_theta,LBP_alpha,Std_alpha,Var_alpha,Kur_alpha,SE_alpha,LBP_beta,Std_beta,Var_beta,Kur_beta,SE_beta,LBP_gamma,Std_gamma,Var_gamma,Kur_gamma,SE_gamma
-17.921558781210376,0.0001281750959998086,1.642885523456015e-08,3.136863219316113,-0.0004443621206079611,-23.06834988225255,9.789684928922724e-06,9.583793100757673e-11,3.4486739200797545,-3.3527795505980307e-06,-25.029144109635464,3.6727410030100214e-06,1.3489026475191059e-11,3.2113280541331086,-1.024745035760041e-06,-28.878252910968115,5.360027323046672e-07,2.872989290380687e-13,10.647046039439257,-5.023591839212161e-08,-32.219269381725155,1.0084797504422991e-07,1.017031407052162e-14,7878.320975548518,-3.098455840710973e-09
