LBP_delta,Std_delta,Var_delta,Kur_delta,SE_delta,LBP_theta,Std_theta,Var_theta,Kur_theta,SE_theta,LBP_alpha,Std_alpha,Var_alpha,Kur_alpha,SE_alpha,LBP_beta,Std_beta,Var_beta,Kur_beta,SE_beta,LBP_gamma,Std_gamma,Var_gamma,Kur_gamma,SE_gamma
-17.79623514788796,0.00013664450585300567,1.8671720979812102e-08,2.6849610393327867,-0.000501838130504832,-23.053383205254324,9.862425399878802e-06,9.726743476817455e-11,3.0681828861802853,-3.4061798413475297e-06,-25.10096634734186,3.5431873425484964e-06,1.2554176544395877e-11,3.07338599074209,-9.569898579945762e-07,-28.962789636330932,5.138187900424974e-07,2.64009749000736e-13,3.659745761544332,-4.654733787819233e-08,-34.53252406144543,3.1721789118277464e-08,1.0062719048644665e-15,3.4450317601403078,-4.2492189425896976e-10
