LBP_delta,Std_delta,Var_delta,Kur_delta,SE_delta,LBP_theta,Std_theta,Var_theta,Kur_theta,SE_theta,LBP_alpha,Std_alpha,Var_alpha,Kur_alpha,SE_alpha,LBP_beta,Std_beta,Var_beta,Kur_beta,SE_beta,LBP_gamma,Std_gamma,Var_gamma,Kur_gamma,SE_gamma
-17.92383727646194,0.00012819775882464744,1.643466536766247e-08,2.7562863162606273,-0.0004437378646935719,-23.053456947603017,9.860248968539231e-06,9.722450972157896e-11,2.991994316997598,-3.40707539668925e-06,-25.050171000766262,3.634330892695835e-06,1.3208361037603304e-11,3.143307672062762,-1.0048148998290168e-06,-28.993678643814402,5.059442627882571e-07,2.559795970483529e-13,3.167847554281543,-4.521328686251405e-08,-34.55132922624358,3.1424919963732993e-08,9.875255947270244e-16,3.1475693045425004,-4.172986138952478e-10
