LBP_delta,Std_delta,Var_delta,Kur_delta,SE_delta,LBP_theta,Std_theta,Var_theta,Kur_theta,SE_theta,LBP_alpha,Std_alpha,Var_alpha,Kur_alpha,SE_alpha,LBP_beta,Std_beta,Var_beta,Kur_beta,SE_beta,LBP_gamma,Std_gamma,Var_gamma,Kur_gamma,SE_gamma
-17.67504935105976,0.00014511942113339094,2.1059646390090473e-08,3.072921295262582,-0.0005594896163769621,-22.838589730328465,1.0980821533101148e-05,1.2057844154181784e-10,3.7216505874525665,-4.161629243719538e-06,-24.785701339368664,4.148139026389289e-06,1.7207057382253876e-11,5.064381682651119,-1.2886812099573683e-06,-28.69826142361228,5.864779069950087e-07,3.43956335393246e-13,6.352117192587788,-5.974227196939313e-08,-32.147128966475144,1.0455201731967846e-07,1.0931124325614345e-14,7652.118934898719,-3.341864886295292e-09
