LBP_delta,Std_delta,Var_delta,Kur_delta,SE_delta,LBP_theta,Std_theta,Var_theta,Kur_theta,SE_theta,LBP_alpha,Std_alpha,Var_alpha,Kur_alpha,SE_alpha,LBP_beta,Std_beta,Var_beta,Kur_beta,SE_beta,LBP_gamma,Std_gamma,Var_gamma,Kur_gamma,SE_gamma
-17.88657785981882,0.00013060167069185662,1.705679638750416e-08,2.995479977521497,-0.00045910570972063395,-22.925177902411303,1.0516007159053839e-05,1.1058640656927159e-10,3.7283800308961808,-3.843225518262278e-06,-24.89017874852374,3.9370050588403965e-06,1.5500008833334875e-11,3.2301150797446248,-1.1714922284277708e-06,-28.8788409170488,5.358451384737012e-07,2.871300124259001e-13,3.3000797875576127,-5.050759388971821e-08,-34.45158519276462,3.3031861889409085e-08,1.0911038998809962e-15,3.1573208898950935,-4.598701368948082e-10
