LBP_delta,Std_delta,Var_delta,Kur_delta,SE_delta,LBP_theta,Std_theta,Var_theta,Kur_theta,SE_theta,LBP_alpha,Std_alpha,Var_alpha,Kur_alpha,SE_alpha,LBP_beta,Std_beta,Var_beta,Kur_beta,SE_beta,LBP_gamma,Std_gamma,Var_gamma,Kur_gamma,SE_gamma
-17.784508971038147,0.0001374488483582387,1.8892185915006095e-08,2.7588214308413823,-0.0005069966809575526,-22.785447429027865,1.1277057104369526e-05,1.2717201693521121e-10,6.073865465085127,-4.3662924784032614e-06,-24.683599400430268,4.365404275201702e-06,1.90567544859493e-11,4.876730952643638,-1.4170285416889366e-06,-28.552080320642055,6.309493965897414e-07,3.980971410569588e-13,6.907119872872824,-6.842476869206002e-08,-34.10683367262281,3.9245975699888165e-08,1.5402466086362125e-15,6.661598641806431,-6.362765054253126e-10
