LBP_delta,Std_delta,Var_delta,Kur_delta,SE_delta,LBP_theta,Std_theta,Var_theta,Kur_theta,SE_theta,LBP_alpha,Std_alpha,Var_alpha,Kur_alpha,SE_alpha,LBP_beta,Std_beta,Var_beta,Kur_beta,SE_beta,LBP_gamma,Std_gamma,Var_gamma,Kur_gamma,SE_gamma
-17.709545461732013,0.0001426069787011814,2.03367503742792e-08,2.9060942704659656,-0.0005426440016283101,-22.903860575105238,1.062880077831654e-05,1.1297140598514228e-10,3.439760985215066,-3.916259254685102e-06,-24.81958378246244,4.07845553662588e-06,1.6633799564234295e-11,4.57328201086098,-1.2472850265290422e-06,-28.648906943675136,6.011306707882757e-07,3.613580833623623e-13,7.87138026137358,-6.246288723796788e-08,-34.214893577303755,3.718178689062421e-08,1.3824852763797942e-15,7.969832120094302,-5.73835731169296e-10
