LBP_delta,Std_delta,Var_delta,Kur_delta,SE_delta,LBP_theta,Std_theta,Var_theta,Kur_theta,SE_theta,LBP_alpha,Std_alpha,Var_alpha,Kur_alpha,SE_alpha,LBP_beta,Std_beta,Var_beta,Kur_beta,SE_beta,LBP_gamma,Std_gamma,Var_gamma,Kur_gamma,SE_gamma
-17.751761912192613,0.0001395433764973711,1.9472353924287058e-08,2.963307257765404,-0.000520765299938404,-22.510133468162906,1.2940714330791575e-05,1.6746208739115443e-10,3.268214344334109,-5.710201671418725e-06,-24.26407794078061,5.384032562539234e-06,2.8987806634482787e-11,74.95715726429765,-2.043407165673643e-06,-27.87384243036152,8.856682755542458e-07,7.844082943232315e-13,351.57371347128327,-1.2320237605882727e-07,-28.17835479384699,7.605572942071623e-07,5.784473977717201e-13,5064.107956539314,-1.4365304775202302e-07
