LBP_delta,Std_delta,Var_delta,Kur_delta,SE_delta,LBP_theta,Std_theta,Var_theta,Kur_theta,SE_theta,LBP_alpha,Std_alpha,Var_alpha,Kur_alpha,SE_alpha,LBP_beta,Std_beta,Var_beta,Kur_beta,SE_beta,LBP_gamma,Std_gamma,Var_gamma,Kur_gamma,SE_gamma
-17.97179158426057,0.00012516000628211692,1.566502717253955e-08,3.0431596334688074,-0.0004232896195228351,-22.944309323150872,1.0412817110314401e-05,1.0842676017285634e-10,2.915666175941377,-3.7847737069374676e-06,-24.510218200066582,4.760732073232333e-06,2.2664569873103034e-11,3.3930612117099908,-1.6842975275518747e-06,-28.163635115850653,7.662037903736902e-07,5.870682483830099e-13,3.3329639598641148,-1.0056679530345228e-07,-33.68833353933547,4.838060585521303e-08,2.3406830229174733e-15,3.2937349529685016,-9.632500683774708e-10
