LBP_delta,Std_delta,Var_delta,Kur_delta,SE_delta,LBP_theta,Std_theta,Var_theta,Kur_theta,SE_theta,LBP_alpha,Std_alpha,Var_alpha,Kur_alpha,SE_alpha,LBP_beta,Std_beta,Var_beta,Kur_beta,SE_beta,LBP_gamma,Std_gamma,Var_gamma,Kur_gamma,SE_gamma
-17.937163288937878,0.00012734370614740588,1.621641949535686e-08,3.1206312086778616,-0.00043807702427804674,-22.923344330327406,1.052561395534307e-05,1.1078854913691281e-10,3.1277013798180273,-3.8570602883263235e-06,-24.909992984319274,3.898196715178101e-06,1.5195937630225335e-11,3.748320457864688,-1.1489301885577442e-06,-28.891432863413126,5.324821641585143e-07,2.835372551469349e-13,3.252739168570737,-4.993546853822775e-08,-34.46138950663748,3.2870350478305326e-08,1.0804599405666274e-15,3.099999053260093,-4.556825164931338e-10
