LBP_delta,Std_delta,Var_delta,Kur_delta,SE_delta,LBP_theta,Std_theta,Var_theta,Kur_theta,SE_theta,LBP_alpha,Std_alpha,Var_alpha,Kur_alpha,SE_alpha,LBP_beta,Std_beta,Var_beta,Kur_beta,SE_beta,LBP_gamma,Std_gamma,Var_gamma,Kur_gamma,SE_gamma
-17.751546702810757,0.00013972407245318126,1.952281642290185e-08,2.817495671162115,-0.0005228005573627802,-22.85463907404356,1.0893628860649664e-05,1.186711497535793e-10,2.9699154423085976,-4.120094477104064e-06,-24.933610746682554,3.852434106438399e-06,1.484124854444983e-11,3.1859175061551,-1.123867926607962e-06,-28.907060833470396,5.283374905607657e-07,2.7914050393204716e-13,3.1405858948743024,-4.9151345459553367e-08,-34.47378537736216,3.266725310968637e-08,1.0671494257323139e-15,3.1550686131747643,-4.4978566582181663e-10
