LBP_delta,Std_delta,Var_delta,Kur_delta,SE_delta,LBP_theta,Std_theta,Var_theta,Kur_theta,SE_theta,LBP_alpha,Std_alpha,Var_alpha,Kur_alpha,SE_alpha,LBP_beta,Std_beta,Var_beta,Kur_beta,SE_beta,LBP_gamma,Std_gamma,Var_gamma,Kur_gamma,SE_gamma
-17.792506164962067,0.0001369005830983008,1.8741769652654764e-08,3.132827147279572,-0.0005014124910048289,-22.94824109611999,1.039502213635125e-05,1.080564852152325e-10,3.0997865806465645,-3.7649199752397902e-06,-24.835736495117175,4.045649117639693e-06,1.6367276783058823e-11,5.211886983874042,-1.2286235510838401e-06,-28.79708884097925,5.582021473153864e-07,3.1158963726750836e-13,5.656490974353748,-5.4456464631750455e-08,-34.363159605465654,3.4525080197539464e-08,1.1919811626465318e-15,5.787526928595878,-4.993397518699317e-10
