LBP_delta,Std_delta,Var_delta,Kur_delta,SE_delta,LBP_theta,Std_theta,Var_theta,Kur_theta,SE_theta,LBP_alpha,Std_alpha,Var_alpha,Kur_alpha,SE_alpha,LBP_beta,Std_beta,Var_beta,Kur_beta,SE_beta,LBP_gamma,Std_gamma,Var_gamma,Kur_gamma,SE_gamma
-17.816665774649874,0.00013525708236152036,1.8294478328951107e-08,3.678862370831006,-0.00048752244167259666,-23.144060784685195,9.41995742889809e-06,8.873559796225229e-11,3.3401689066774973,-3.120606100755023e-06,-25.01371201361531,3.701188185749838e-06,1.3698793986334179e-11,2.926940981410914,-1.0417934763387026e-06,-28.92870249723719,5.226512872886681e-07,2.7316436810450187e-13,3.059863468578178,-4.818090935442651e-08,-34.48978129474813,3.240702386470331e-08,1.0502151957674499e-15,3.0634736646226446,-4.4330848590752246e-10
