LBP_delta,Std_delta,Var_delta,Kur_delta,SE_delta,LBP_theta,Std_theta,Var_theta,Kur_theta,SE_theta,LBP_alpha,Std_alpha,Var_alpha,Kur_alpha,SE_alpha,LBP_beta,Std_beta,Var_beta,Kur_beta,SE_beta,LBP_gamma,Std_gamma,Var_gamma,Kur_gamma,SE_gamma
-18.105862978804574,0.0001170266996562095,1.3695248432424665e-08,2.7167406409625925,-0.00037424994933637595,-22.91008606381132,1.0591667100495947e-05,1.121834119677282e-10,6.082712270539337,-3.867358311308423e-06,-24.331007631107507,5.2070139209573615e-06,2.7112993973043754e-11,27.649238425264873,-1.9279229778652166e-06,-28.014232580303762,8.256322853055498e-07,6.816686705388647e-13,37.634580548578825,-1.1129934538872788e-07,-33.52710321930989,5.244233703024341e-08,2.7501987131936393e-15,37.609228651744985,-1.0862976361676752e-09
