LBP_delta,Std_delta,Var_delta,Kur_delta,SE_delta,LBP_theta,Std_theta,Var_theta,Kur_theta,SE_theta,LBP_alpha,Std_alpha,Var_alpha,Kur_alpha,SE_alpha,LBP_beta,Std_beta,Var_beta,Kur_beta,SE_beta,LBP_gamma,Std_gamma,Var_gamma,Kur_gamma,SE_gamma
-17.887825454545784,0.0001303488671615831,1.6990827170308032e-08,3.361601760345398,-0.0004574734939312248,-22.998084554700334,1.0138514773632895e-05,1.0278948181517248e-10,3.8966292575275525,-3.587701604044055e-06,-24.612757742534725,4.522791588597973e-06,2.0455643753892573e-11,3.6119966575528846,-1.5267611329054312e-06,-28.163286426910933,7.663374068333277e-07,5.872730211120291e-13,134.04759750573479,-9.716349896125316e-08,-30.1404156634011,2.851568905708467e-07,8.131445224003384e-14,9333.030808473883,-2.1765507986887516e-08
