LBP_delta,Std_delta,Var_delta,Kur_delta,SE_delta,LBP_theta,Std_theta,Var_theta,Kur_theta,SE_theta,LBP_alpha,Std_alpha,Var_alpha,Kur_alpha,SE_alpha,LBP_beta,Std_beta,Var_beta,Kur_beta,SE_beta,LBP_gamma,Std_gamma,Var_gamma,Kur_gamma,SE_gamma
-17.94428094658526,0.00012689542609272637,1.6102449163254578e-08,2.9451148564250063,-0.0004349570970775418,-22.484652155822918,1.310453797268378e-05,1.7172891547751114e-10,8.307614033837659,-5.800025773690642e-06,-24.316394068852922,5.245137690667612e-06,2.7511469394061967e-11,14.788771670773395,-1.9826577016393285e-06,-27.936339124856577,8.584218984446362e-07,7.368881557292933e-13,167.11552248321578,-1.1832858775619227e-07,-28.831804705952347,5.485865302238628e-07,3.009471811430572e-13,9699.853384461017,-7.486111866767416e-08
