LBP_delta,Std_delta,Var_delta,Kur_delta,SE_delta,LBP_theta,Std_theta,Var_theta,Kur_theta,SE_theta,LBP_alpha,Std_alpha,Var_alpha,Kur_alpha,SE_alpha,LBP_beta,Std_beta,Var_beta,Kur_beta,SE_beta,LBP_gamma,Std_gamma,Var_gamma,Kur_gamma,SE_gamma
-17.94836432449041,0.00012663403216589073,1.603617810259185e-08,3.3578091034063022,-0.0004312306200997141,-22.855755691236627,1.0887648848653859e-05,1.1854089745159368e-10,2.9160885638880956,-4.118948818737532e-06,-24.18714056905169,5.595374324482251e-06,3.130821383107521e-11,3.369395899364419,-2.2945806004707e-06,-27.84829929849244,8.970535899815249e-07,8.047051432987418e-13,3.9058140402966166,-1.3596041047896088e-07,-33.366291868092375,5.6833155117073535e-08,3.230007520561342e-15,4.111644028519116,-1.3136047763951354e-09
