LBP_delta,Std_delta,Var_delta,Kur_delta,SE_delta,LBP_theta,Std_theta,Var_theta,Kur_theta,SE_theta,LBP_alpha,Std_alpha,Var_alpha,Kur_alpha,SE_alpha,LBP_beta,Std_beta,Var_beta,Kur_beta,SE_beta,LBP_gamma,Std_gamma,Var_gamma,Kur_gamma,SE_gamma
-17.964497169952523,0.0001256195680326052,1.5780275872698328e-08,2.9495739688729836,-0.00042669296954256505,-23.047626046024856,9.890347720230193e-06,9.781897802706258e-11,3.029063491222743,-3.4231326594594615e-06,-24.549440269789756,4.668277806080792e-06,2.1792817674746494e-11,3.3335057870201226,-1.621133127087787e-06,-28.272199375419824,7.257213475698218e-07,5.26671474318558e-13,3.217424295878219,-9.059017971469202e-08,-33.78735897588793,4.604348834279308e-08,2.1200028187729225e-15,3.239113374903145,-8.74802113690097e-10
