LBP_delta,Std_delta,Var_delta,Kur_delta,SE_delta,LBP_theta,Std_theta,Var_theta,Kur_theta,SE_theta,LBP_alpha,Std_alpha,Var_alpha,Kur_alpha,SE_alpha,LBP_beta,Std_beta,Var_beta,Kur_beta,SE_beta,LBP_gamma,Std_gamma,Var_gamma,Kur_gamma,SE_gamma
-18.04629203779658,0.0001205861008253211,1.4541007712254506e-08,2.89563574530028,-0.00039529717927193206,-22.980768886863896,1.022796464377579e-05,1.046112607543276e-10,3.389506933725883,-3.6407151063847114e-06,-24.953382273528877,3.8145370589924817e-06,1.455069297442701e-11,3.105194550244219,-1.1023125835736709e-06,-28.83085010483694,5.488585097945797e-07,3.012456637739267e-13,3.047298340564092,-5.292305793817581e-08,-34.38641408509812,3.412597396624413e-08,1.1645820991447723e-15,3.0369434770950794,-4.89871381463719e-10
