LBP_delta,Std_delta,Var_delta,Kur_delta,SE_delta,LBP_theta,Std_theta,Var_theta,Kur_theta,SE_theta,LBP_alpha,Std_alpha,Var_alpha,Kur_alpha,SE_alpha,LBP_beta,Std_beta,Var_beta,Kur_beta,SE_beta,LBP_gamma,Std_gamma,Var_gamma,Kur_gamma,SE_gamma
-17.782956218763267,0.0001375548694891078,1.892134212016548e-08,2.6944321793735995,-0.0005084234914564613,-22.687518136792328,1.1842964743250691e-05,1.402558139098789e-10,3.5065550428467223,-4.816938460160585e-06,-23.95127024877188,6.295753134437799e-06,3.963650752978337e-11,4.403899364783993,-2.8598255874176295e-06,-27.493015599281637,1.071439128642765e-06,1.1479818063867673e-12,4.847679229710481,-1.9059233548513665e-07,-32.99587293693472,6.839702764810828e-08,4.678153391096088e-15,4.772821609217614,-1.8742056429095465e-09
