LBP_delta,Std_delta,Var_delta,Kur_delta,SE_delta,LBP_theta,Std_theta,Var_theta,Kur_theta,SE_theta,LBP_alpha,Std_alpha,Var_alpha,Kur_alpha,SE_alpha,LBP_beta,Std_beta,Var_beta,Kur_beta,SE_beta,LBP_gamma,Std_gamma,Var_gamma,Kur_gamma,SE_gamma
-17.927404257350005,0.00012790609541100663,1.6359969243289534e-08,2.722702347951028,-0.0004431785931863658,-22.91061057552628,1.059259590945874e-05,1.1220308810108206e-10,6.483233396422938,-3.872684258246709e-06,-24.888012879540216,3.941251247971403e-06,1.5533461399636145e-11,40.15295291065936,-1.1508094596852602e-06,-28.705134064788243,5.844659529689598e-07,3.4160045017991424e-13,312.6779421260431,-5.66986980244002e-08,-29.405030030098487,4.118799583163596e-07,1.6964510006268616e-13,9710.384844667255,-4.337670051837072e-08
