LBP_delta,Std_delta,Var_delta,Kur_delta,SE_delta,LBP_theta,Std_theta,Var_theta,Kur_theta,SE_theta,LBP_alpha,Std_alpha,Var_alpha,Kur_alpha,SE_alpha,LBP_beta,Std_beta,Var_beta,Kur_beta,SE_beta,LBP_gamma,Std_gamma,Var_gamma,Kur_gamma,SE_gamma
-17.715502005030462,0.0001422486307872964,2.0234672960860567e-08,3.1326342084366514,-0.000538286357931177,-22.80423242151339,1.1171567366794366e-05,1.248039174308248e-10,4.970758310583715,-4.29387573156467e-06,-24.231879160730358,5.471599094306801e-06,2.9938396648819005e-11,4.635936373131085,-2.18688610271998e-06,-27.875685558095434,8.84854313456534e-07,7.829671560426342e-13,6.606667828160589,-1.3145409105853188e-07,-33.399727859410795,5.589091519307766e-08,3.1237944011197997e-15,6.903955206040103,-1.2633946458437373e-09
