LBP_delta,Std_delta,Var_delta,Kur_delta,SE_delta,LBP_theta,Std_theta,Var_theta,Kur_theta,SE_theta,LBP_alpha,Std_alpha,Var_alpha,Kur_alpha,SE_alpha,LBP_beta,Std_beta,Var_beta,Kur_beta,SE_beta,LBP_gamma,Std_gamma,Var_gamma,Kur_gamma,SE_gamma
-17.763951158273077,0.00013886826694852172,1.9284395565285886e-08,2.6370080288320508,-0.0005172939387430089,-23.00342833444716,1.0112350646864818e-05,1.0225963560514729e-10,4.756461048772633,-3.557641214529283e-06,-24.94195822693231,3.836388437849513e-06,1.4717876246065427e-11,9.869877082613744,-1.1048868181533511e-06,-28.775331155746958,5.643079715944314e-07,3.184434868050215e-13,35.84394572488264,-5.469186164081339e-08,-34.33599299738664,3.4997241907269e-08,1.2248069411159055e-15,33.27158227276369,-5.056627921831268e-10
