LBP_delta,Std_delta,Var_delta,Kur_delta,SE_delta,LBP_theta,Std_theta,Var_theta,Kur_theta,SE_theta,LBP_alpha,Std_alpha,Var_alpha,Kur_alpha,SE_alpha,LBP_beta,Std_beta,Var_beta,Kur_beta,SE_beta,LBP_gamma,Std_gamma,Var_gamma,Kur_gamma,SE_gamma
-17.883059009733252,0.00013076453623409774,1.7099363936518662e-08,2.9422612475043532,-0.00046081852367931285,-23.00311155381459,1.0113594201064591e-05,1.0228478766380734e-10,2.9591919039649004,-3.575555711727446e-06,-24.982930911113215,3.758593883022125e-06,1.4127027977491337e-11,3.0136767851800768,-1.0722927970306483e-06,-28.645179743563475,6.022517932566912e-07,3.6270722248090035e-13,112.17911404585004,-6.148389857036668e-08,-30.814650278032122,2.0355223456684374e-07,4.143351219715538e-14,9331.429727797764,-1.146556876505676e-08
