LBP_delta,Std_delta,Var_delta,Kur_delta,SE_delta,LBP_theta,Std_theta,Var_theta,Kur_theta,SE_theta,LBP_alpha,Std_alpha,Var_alpha,Kur_alpha,SE_alpha,LBP_beta,Std_beta,Var_beta,Kur_beta,SE_beta,LBP_gamma,Std_gamma,Var_gamma,Kur_gamma,SE_gamma
-18.21866637349287,0.00011059334971254758,1.2230889000641849e-08,3.0627540294312876,-0.0003356385776719842,-22.981628184004183,1.0222300446556316e-05,1.0449542641966544e-10,2.8136071229675075,-3.6549330687015106e-06,-24.87325924199116,3.9704421550074664e-06,1.5764410906260335e-11,31.35833727963371,-1.1674462914635986e-06,-28.570148233688812,6.252739973476215e-07,3.909675717590733e-13,220.45421057087876,-6.469173193658628e-08,-29.492017480628036,3.943499821270561e-07,1.5551190840360943e-13,9670.35725957395,-3.997102356979391e-08
