LBP_delta,Std_delta,Var_delta,Kur_delta,SE_delta,LBP_theta,Std_theta,Var_theta,Kur_theta,SE_theta,LBP_alpha,Std_alpha,Var_alpha,Kur_alpha,SE_alpha,LBP_beta,Std_beta,Var_beta,Kur_beta,SE_beta,LBP_gamma,Std_gamma,Var_gamma,Kur_gamma,SE_gamma
-18.1197101068521,0.00011617374872723107,1.3496339893337821e-08,3.108352991373501,-0.0003677572193577192,-22.96731543796223,1.0295647438155822e-05,1.0600035617080456e-10,5.784465120220306,-3.6710598611408026e-06,-24.571900831047184,4.616138376096031e-06,2.13087335072665e-11,9.338293436596393,-1.556222759031335e-06,-28.030014880731592,8.19142734853062e-07,6.709948200625537e-13,272.81914205779077,-1.0625728809024425e-07,-29.758671662664895,3.451266325594828e-07,1.1911239250184825e-13,9502.528468266473,-3.1161250842059564e-08
