LBP_delta,Std_delta,Var_delta,Kur_delta,SE_delta,LBP_theta,Std_theta,Var_theta,Kur_theta,SE_theta,LBP_alpha,Std_alpha,Var_alpha,Kur_alpha,SE_alpha,LBP_beta,Std_beta,Var_beta,Kur_beta,SE_beta,LBP_gamma,Std_gamma,Var_gamma,Kur_gamma,SE_gamma
-17.88066358104172,0.00013099604497576834,1.715996379929352e-08,3.0178256983312184,-0.0004616166334035813,-23.031848509832052,9.96751531477693e-06,9.935136155031265e-11,3.0978567541918687,-3.4724583509991517e-06,-25.133600521013037,3.48584419909282e-06,1.2151109780349063e-11,3.042372103512,-9.281598232625559e-07,-29.04894539608429,4.921546950973563e-07,2.4221624390637177e-13,3.0817963472720535,-4.28953245570937e-08,-34.61892713314601,3.0380527378343476e-08,9.229764437862775e-16,3.105060344015694,-3.9103028501170644e-10
