LBP_delta,Std_delta,Var_delta,Kur_delta,SE_delta,LBP_theta,Std_theta,Var_theta,Kur_theta,SE_theta,LBP_alpha,Std_alpha,Var_alpha,Kur_alpha,SE_alpha,LBP_beta,Std_beta,Var_beta,Kur_beta,SE_beta,LBP_gamma,Std_gamma,Var_gamma,Kur_gamma,SE_gamma
-17.92131726732989,0.00012834736076624433,1.6473045015660477e-08,3.2078189682158786,-0.0004447468310787965,-22.976911516486883,1.0242303911134129e-05,1.0490478940803347e-10,3.5237738519083464,-3.6563672682718905e-06,-24.980441931583464,3.763257219749443e-06,1.4162104901996308e-11,3.3719263337528997,-1.0739403828200538e-06,-28.84152464920087,5.45936933522638e-07,2.9804713538410127e-13,38.68449403829316,-5.16835795232812e-08,-30.40243396375067,2.501423559901848e-07,6.257119826032035e-14,9556.442662106156,-1.6883329606192925e-08
