LBP_delta,Std_delta,Var_delta,Kur_delta,SE_delta,LBP_theta,Std_theta,Var_theta,Kur_theta,SE_theta,LBP_alpha,Std_alpha,Var_alpha,Kur_alpha,SE_alpha,LBP_beta,Std_beta,Var_beta,Kur_beta,SE_beta,LBP_gamma,Std_gamma,Var_gamma,Kur_gamma,SE_gamma
-17.93136052828337,0.0001277084752375386,1.630945464749701e-08,2.7306622445891624,-0.0004414416533106055,-22.956695362190235,1.0351571073976744e-05,1.0715502369959203e-10,3.248550643725723,-3.729776783873462e-06,-24.979976072791544,3.7641514175403885e-06,1.4168835894171317e-11,3.1639465889304215,-1.074789978632656e-06,-28.869183867431534,5.384379562569141e-07,2.8991543273812264e-13,3.251034261185171,-5.095219588556904e-08,-34.433859720118285,3.3325936805951925e-08,1.1106180639943014e-15,3.1750676373773263,-4.676503216704029e-10
