LBP_delta,Std_delta,Var_delta,Kur_delta,SE_delta,LBP_theta,Std_theta,Var_theta,Kur_theta,SE_theta,LBP_alpha,Std_alpha,Var_alpha,Kur_alpha,SE_alpha,LBP_beta,Std_beta,Var_beta,Kur_beta,SE_beta,LBP_gamma,Std_gamma,Var_gamma,Kur_gamma,SE_gamma
-17.93299403610062,0.00012761374299158807,1.6285267400323093e-08,2.871118441230732,-0.00044023993066041173,-22.936240322976403,1.0457692990383055e-05,1.0936334268110686e-10,3.2163889394326417,-3.8028852205816124e-06,-24.597025615551,4.5585184732921316e-06,2.0780090671345622e-11,3.155704485108362,-1.5520279177199527e-06,-28.388928308130062,6.845768637718136e-07,4.686454824116522e-13,2.9695903650321034,-8.111422425694329e-08,-33.922997833624834,4.3024379465207806e-08,1.851097228366195e-15,2.9758942959677652,-7.684277395946681e-10
