LBP_delta,Std_delta,Var_delta,Kur_delta,SE_delta,LBP_theta,Std_theta,Var_theta,Kur_theta,SE_theta,LBP_alpha,Std_alpha,Var_alpha,Kur_alpha,SE_alpha,LBP_beta,Std_beta,Var_beta,Kur_beta,SE_beta,LBP_gamma,Std_gamma,Var_gamma,Kur_gamma,SE_gamma
-18.023617061504385,0.00012193813875562633,1.486890968318638e-08,2.6888520427643936,-0.0004054669782819773,-22.94210729408243,1.0427581475777722e-05,1.0873445543398268e-10,3.04608420099884,-3.791361870438179e-06,-24.94590549022145,3.828823027473642e-06,1.4659885775712426e-11,2.9706597057716952,-1.1116913895103307e-06,-28.86882122070284,5.38535851434754e-07,2.900208632805555e-13,3.112213159149445,-5.100952194074572e-08,-34.43550070047457,3.329860440811158e-08,1.1087970555279078e-15,3.120795092462205,-4.66974306845242e-10
