LBP_delta,Std_delta,Var_delta,Kur_delta,SE_delta,LBP_theta,Std_theta,Var_theta,Kur_theta,SE_theta,LBP_alpha,Std_alpha,Var_alpha,Kur_alpha,SE_alpha,LBP_beta,Std_beta,Var_beta,Kur_beta,SE_beta,LBP_gamma,Std_gamma,Var_gamma,Kur_gamma,SE_gamma
-17.927221032975392,0.000127958794060009,1.6373452977291797e-08,3.2783778996643615,-0.00044071116642497904,-23.004123253582414,1.0108722254370596e-05,1.0218626561600735e-10,3.160119747578619,-3.5645209589364325e-06,-24.984124871250827,3.7563510140853666e-06,1.4110172941020161e-11,2.9981425595082163,-1.0713304802405762e-06,-28.957181029454592,5.152616978882239e-07,2.6549461731065525e-13,3.0253307895208112,-4.686710625849377e-08,-34.52648775175353,3.1817674314842586e-08,1.0123643988053938e-15,3.035704912337496,-4.2771884971799355e-10
