LBP_delta,Std_delta,Var_delta,Kur_delta,SE_delta,LBP_theta,Std_theta,Var_theta,Kur_theta,SE_theta,LBP_alpha,Std_alpha,Var_alpha,Kur_alpha,SE_alpha,LBP_beta,Std_beta,Var_beta,Kur_beta,SE_beta,LBP_gamma,Std_gamma,Var_gamma,Kur_gamma,SE_gamma
-18.086276082448972,0.00011819924941237301,1.397106256164836e-08,2.617673552690274,-0.00038199195589165656,-22.961727789950203,1.0323049739718957e-05,1.065653559287116e-10,3.186344414706169,-3.7168228779394985e-06,-24.98242883905082,3.7595369484912863e-06,1.4134118067071172e-11,3.2281885955819756,-1.0721687831478255e-06,-28.86518751056395,5.395153843546046e-07,2.9107684995529676e-13,3.081233059728607,-5.119634550773522e-08,-34.43062150311207,3.337993789918217e-08,1.114220254153258e-15,3.0758553454120445,-4.692907995294219e-10
