LBP_delta,Std_delta,Var_delta,Kur_delta,SE_delta,LBP_theta,Std_theta,Var_theta,Kur_theta,SE_theta,LBP_alpha,Std_alpha,Var_alpha,Kur_alpha,SE_alpha,LBP_beta,Std_beta,Var_beta,Kur_beta,SE_beta,LBP_gamma,Std_gamma,Var_gamma,Kur_gamma,SE_gamma
-18.24661093988045,0.00010908948315776426,1.1900515335628131e-08,2.6266064273102683,-0.0003288685088213843,-22.884088425164954,1.0734371268884352e-05,1.1522672653824986e-10,3.1306138548363047,-3.999023541639193e-06,-24.690165311219566,4.351095344653347e-06,1.8932030698264028e-11,3.1838209958459136,-1.4193173269480002e-06,-28.514243468073765,6.429993774345498e-07,4.1344819938121866e-13,2.9785770218643006,-7.186491406242135e-08,-34.05182819674409,4.034033085413727e-08,1.6273422934212595e-15,2.956657304537004,-6.782025428963315e-10
