LBP_delta,Std_delta,Var_delta,Kur_delta,SE_delta,LBP_theta,Std_theta,Var_theta,Kur_theta,SE_theta,LBP_alpha,Std_alpha,Var_alpha,Kur_alpha,SE_alpha,LBP_beta,Std_beta,Var_beta,Kur_beta,SE_beta,LBP_gamma,Std_gamma,Var_gamma,Kur_gamma,SE_gamma
-17.889157164441386,0.00013044072507549566,1.7014782758221044e-08,2.9180786366113045,-0.00045887510868004177,-22.918529049542922,1.054773312299621e-05,1.112546740339514e-10,3.016324704435336,-3.874024618366145e-06,-24.646921423631444,4.446200195363914e-06,1.9768696177254107e-11,3.0378605289358944,-1.4806215170332351e-06,-28.486636037351435,6.519364810973024e-07,4.250211753855334e-13,3.0751754427946145,-7.376870523239145e-08,-34.03452424919728,4.0690868737852896e-08,1.6557467986411744e-15,3.077113653736049,-6.893159510720955e-10
