LBP_delta,Std_delta,Var_delta,Kur_delta,SE_delta,LBP_theta,Std_theta,Var_theta,Kur_theta,SE_theta,LBP_alpha,Std_alpha,Var_alpha,Kur_alpha,SE_alpha,LBP_beta,Std_beta,Var_beta,Kur_beta,SE_beta,LBP_gamma,Std_gamma,Var_gamma,Kur_gamma,SE_gamma
-17.733330533721126,0.00014100783644115623,1.988320993781587e-08,2.9074374043890328,-0.0005317236545232223,-22.439661531007623,1.3401747983723744e-05,1.7960684901924342e-10,5.683233757854457,-6.074720310214098e-06,-24.42176215964473,4.976015455875168e-06,2.4760729817108556e-11,10.665185118001085,-1.800927319148579e-06,-28.240855464494732,7.371843618310184e-07,5.43440783328206e-13,15.685877552152816,-9.109584085000292e-08,-33.771181887561646,4.641742334561551e-08,2.154577190046092e-15,16.263877349896354,-8.699246647966283e-10
