LBP_delta,Std_delta,Var_delta,Kur_delta,SE_delta,LBP_theta,Std_theta,Var_theta,Kur_theta,SE_theta,LBP_alpha,Std_alpha,Var_alpha,Kur_alpha,SE_alpha,LBP_beta,Std_beta,Var_beta,Kur_beta,SE_beta,LBP_gamma,Std_gamma,Var_gamma,Kur_gamma,SE_gamma
-17.86448956336478,0.00013206069320748076,1.7440026690440356e-08,3.1736529049207447,-0.0004687395779065439,-22.864854237825377,1.0837899613006965e-05,1.1746006802161654e-10,3.4551094805656426,-4.06520026373097e-06,-24.813579956159014,4.090718066013301e-06,1.67339742956076e-11,3.05232075825362,-1.261894156266229e-06,-28.741263090544177,5.740027776667723e-07,3.2947918876917e-13,2.9658419320703464,-5.773927532284157e-08,-34.310254724474696,3.545053785317609e-08,1.2567406340794712e-15,2.9499991430260706,-5.277854878763361e-10
