LBP_delta,Std_delta,Var_delta,Kur_delta,SE_delta,LBP_theta,Std_theta,Var_theta,Kur_theta,SE_theta,LBP_alpha,Std_alpha,Var_alpha,Kur_alpha,SE_alpha,LBP_beta,Std_beta,Var_beta,Kur_beta,SE_beta,LBP_gamma,Std_gamma,Var_gamma,Kur_gamma,SE_gamma
-18.10686888591157,0.00011698013208202969,1.368435130192911e-08,3.1940120786671278,-0.0003727302454751435,-22.93004853129957,1.0489882171510628e-05,1.1003762797217654e-10,3.2273263375209047,-3.830063471763568e-06,-24.647289421526526,4.445381839451721e-06,1.9761419698527163e-11,3.152059406232565,-1.4790718988553738e-06,-28.475443106149626,6.555955058659975e-07,4.2980546731169313e-13,3.029793020109499,-7.45872345041383e-08,-34.01915505111165,4.100476630903036e-08,1.6813908600581912e-15,3.0125496562010157,-6.997972165948502e-10
