LBP_delta,Std_delta,Var_delta,Kur_delta,SE_delta,LBP_theta,Std_theta,Var_theta,Kur_theta,SE_theta,LBP_alpha,Std_alpha,Var_alpha,Kur_alpha,SE_alpha,LBP_beta,Std_beta,Var_beta,Kur_beta,SE_beta,LBP_gamma,Std_gamma,Var_gamma,Kur_gamma,SE_gamma
-17.776145722310837,0.00013797095593872546,1.9035984682645724e-08,2.7038608783382925,-0.0005110624880952247,-22.656660003719217,1.2025879663101383e-05,1.4462178167139541e-10,4.271346839614268,-4.954024339644845e-06,-24.52557851176506,4.724308931403729e-06,2.2319094879341046e-11,20.532282473921743,-1.6205766482826233e-06,-28.402904353560608,6.798102096921552e-07,4.62141921201692e-13,27.001640547142962,-7.786053089433088e-08,-33.94940050310324,4.246013283026553e-08,1.802862879963793e-15,29.169094557811196,-7.313135455487797e-10
