LBP_delta,Std_delta,Var_delta,Kur_delta,SE_delta,LBP_theta,Std_theta,Var_theta,Kur_theta,SE_theta,LBP_alpha,Std_alpha,Var_alpha,Kur_alpha,SE_alpha,LBP_beta,Std_beta,Var_beta,Kur_beta,SE_beta,LBP_gamma,Std_gamma,Var_gamma,Kur_gamma,SE_gamma
-17.78484270513197,0.0001374080679125077,1.8880977127448327e-08,2.8112749832725306,-0.0005065645120657964,-22.39337908263751,1.3719056404117032e-05,1.8821250861934457e-10,6.475827490749433,-6.337029746100825e-06,-23.480464536328387,7.966763213230678e-06,6.346931609568561e-11,154.36529833227866,-3.983852856274098e-06,-27.110478345771902,1.2972820989923469e-06,1.6829408443659894e-12,151.14732635709757,-2.4674021949084855e-07,-32.59274433841062,8.367110256128092e-08,7.000853403820392e-15,153.79566138585886,-2.525835104750832e-09
