LBP_delta,Std_delta,Var_delta,Kur_delta,SE_delta,LBP_theta,Std_theta,Var_theta,Kur_theta,SE_theta,LBP_alpha,Std_alpha,Var_alpha,Kur_alpha,SE_alpha,LBP_beta,Std_beta,Var_beta,Kur_beta,SE_beta,LBP_gamma,Std_gamma,Var_gamma,Kur_gamma,SE_gamma
-17.844078752904014,0.00013339124453722276,1.7793224119189157e-08,2.9956258766801978,-0.00047696393922326075,-22.69221018170254,1.1815117068956704e-05,1.3959699135315206e-10,3.105464776447874,-4.807276964034845e-06,-24.909736072671574,3.89869744621597e-06,1.5199841777130927e-11,2.8879232202344607,-1.1519815991920092e-06,-28.86929897235418,5.384078118257202e-07,2.898829718349601e-13,3.090033074702313,-5.1009226267952364e-08,-34.446192994822795,3.31210601860748e-08,1.0970046278495893e-15,3.107029259568149,-4.6231609262480235e-10
