LBP_delta,Std_delta,Var_delta,Kur_delta,SE_delta,LBP_theta,Std_theta,Var_theta,Kur_theta,SE_theta,LBP_alpha,Std_alpha,Var_alpha,Kur_alpha,SE_alpha,LBP_beta,Std_beta,Var_beta,Kur_beta,SE_beta,LBP_gamma,Std_gamma,Var_gamma,Kur_gamma,SE_gamma
-17.993857982493743,0.0001237678913560215,1.5318490930715937e-08,2.9314213314998927,-0.0004156089388865789,-22.92122205745,1.0533212827968515e-05,1.1094857247928048e-10,3.168597494871859,-3.860909358018799e-06,-24.594964493023888,4.563218838757645e-06,2.082296617039267e-11,3.1008849961917293,-1.554846502990854e-06,-28.361492613737393,6.940327430722881e-07,4.816814484564448e-13,3.070871732089058,-8.32125444420474e-08,-33.882498793894975,4.390448327641559e-08,1.9276036517690562e-15,3.060553658928546,-7.986311349533367e-10
