LBP_delta,Std_delta,Var_delta,Kur_delta,SE_delta,LBP_theta,Std_theta,Var_theta,Kur_theta,SE_theta,LBP_alpha,Std_alpha,Var_alpha,Kur_alpha,SE_alpha,LBP_beta,Std_beta,Var_beta,Kur_beta,SE_beta,LBP_gamma,Std_gamma,Var_gamma,Kur_gamma,SE_gamma
-18.12671879926903,0.00011577890236587698,1.3404754233047276e-08,3.0395974100091827,-0.0003662489659727934,-22.926385228810105,1.0509692160812261e-05,1.1045362931503871e-10,3.205605610076558,-3.840756566561268e-06,-24.574159658361427,4.610905805314583e-06,2.1260452345483724e-11,8.789839402991582,-1.5784068616734825e-06,-28.288190836259613,7.199417887214371e-07,5.183161791474223e-13,33.45261043547739,-8.835477240463634e-08,-30.144171051184838,2.846219608637103e-07,8.100966060590346e-14,9372.382254444805,-2.168715258314096e-08
