LBP_delta,Std_delta,Var_delta,Kur_delta,SE_delta,LBP_theta,Std_theta,Var_theta,Kur_theta,SE_theta,LBP_alpha,Std_alpha,Var_alpha,Kur_alpha,SE_alpha,LBP_beta,Std_beta,Var_beta,Kur_beta,SE_beta,LBP_gamma,Std_gamma,Var_gamma,Kur_gamma,SE_gamma
-17.723597860968443,0.00014168544512283349,2.0074765359655458e-08,2.9075514080854905,-0.0005357520771697968,-22.559348522527852,1.2626951277808527e-05,1.5943989857215039e-10,3.0623093342564185,-5.457602826309482e-06,-24.79273651385137,4.1335733106179585e-06,1.7086428314253106e-11,2.963700779617209,-1.2878150380161698e-06,-28.78164839367219,5.625282852158399e-07,3.1643807166787336e-13,2.9090335914011134,-5.557260415122262e-08,-34.350586709554456,3.474280415582628e-08,1.2070624406100998e-15,2.894193119297249,-5.078055070251286e-10
