LBP_delta,Std_delta,Var_delta,Kur_delta,SE_delta,LBP_theta,Std_theta,Var_theta,Kur_theta,SE_theta,LBP_alpha,Std_alpha,Var_alpha,Kur_alpha,SE_alpha,LBP_beta,Std_beta,Var_beta,Kur_beta,SE_beta,LBP_gamma,Std_gamma,Var_gamma,Kur_gamma,SE_gamma
-17.580222905409304,0.0001522299199068728,2.317394851485291e-08,2.9091623144200756,-0.0006130299562377754,-22.57344883427657,1.253798467084598e-05,1.5720105960636876e-10,2.9902234978067685,-5.392328486652835e-06,-24.78394005969244,4.151792556097413e-06,1.723738142886589e-11,3.1829262626911747,-1.296933074562944e-06,-28.730761871808696,5.770244092442086e-07,3.329571688636279e-13,3.336284228196271,-5.8248478461995255e-08,-34.30598080113357,3.5526376033529995e-08,1.2621233940757746e-15,3.2139665585764168,-5.295606006147625e-10
