LBP_delta,Std_delta,Var_delta,Kur_delta,SE_delta,LBP_theta,Std_theta,Var_theta,Kur_theta,SE_theta,LBP_alpha,Std_alpha,Var_alpha,Kur_alpha,SE_alpha,LBP_beta,Std_beta,Var_beta,Kur_beta,SE_beta,LBP_gamma,Std_gamma,Var_gamma,Kur_gamma,SE_gamma
-17.71232298883205,0.0001424595632011513,2.0294727147462818e-08,2.9411212039203574,-0.0005415044784579093,-22.530308186204188,1.2807336243557736e-05,1.6402786165554756e-10,3.3648703022507225,-5.6033485330323134e-06,-24.66420319505075,4.407942986907229e-06,1.942996137582462e-11,10.238773758261807,-1.445664275615246e-06,-28.043622272259736,8.135881397247925e-07,6.619256611008485e-13,804.5628141549996,-1.0105002313425375e-07,-29.300006104778124,4.340866566120194e-07,1.8843122544860125e-13,9662.242760960744,-4.7970471845791124e-08
