LBP_delta,Std_delta,Var_delta,Kur_delta,SE_delta,LBP_theta,Std_theta,Var_theta,Kur_theta,SE_theta,LBP_alpha,Std_alpha,Var_alpha,Kur_alpha,SE_alpha,LBP_beta,Std_beta,Var_beta,Kur_beta,SE_beta,LBP_gamma,Std_gamma,Var_gamma,Kur_gamma,SE_gamma
-17.834240985062298,0.0001340723479274092,1.797539447876826e-08,3.05127836513808,-0.0004813870455361085,-23.056810445456442,9.845380337661403e-06,9.693151399320976e-11,3.117742887512613,-3.394660075785946e-06,-24.86243207002963,3.99200860021828e-06,1.5936132664216712e-11,3.225625761105517,-1.2028030391225213e-06,-28.710330501646148,5.829495091678838e-07,3.3983013023907665e-13,3.9433538321774417,-5.9306223093048737e-08,-34.260099173937384,3.6350801358750315e-08,1.3213807594233236e-15,4.099159228350612,-5.524304323444111e-10
