LBP_delta,Std_delta,Var_delta,Kur_delta,SE_delta,LBP_theta,Std_theta,Var_theta,Kur_theta,SE_theta,LBP_alpha,Std_alpha,Var_alpha,Kur_alpha,SE_alpha,LBP_beta,Std_beta,Var_beta,Kur_beta,SE_beta,LBP_gamma,Std_gamma,Var_gamma,Kur_gamma,SE_gamma
-17.906290409427537,0.00012932405791632172,1.6724711955944132e-08,2.9066387108557663,-0.00045103051406136015,-23.00470188250715,1.0105767373682783e-05,1.021265342109914e-10,3.099907868382199,-3.565724071556236e-06,-24.77843912160235,4.163228688162947e-06,1.7332473109942975e-11,7.01494143091226,-1.2919943911511324e-06,-28.730857097614344,5.769970993528106e-07,3.3292565266155726e-13,7.566209238286696,-5.7748388495898655e-08,-34.303143250437664,3.557681533982441e-08,1.2657097897239652e-15,7.428453607342078,-5.269718235623585e-10
