LBP_delta,Std_delta,Var_delta,Kur_delta,SE_delta,LBP_theta,Std_theta,Var_theta,Kur_theta,SE_theta,LBP_alpha,Std_alpha,Var_alpha,Kur_alpha,SE_alpha,LBP_beta,Std_beta,Var_beta,Kur_beta,SE_beta,LBP_gamma,Std_gamma,Var_gamma,Kur_gamma,SE_gamma
-17.764634094281643,0.000138817304384906,1.927024399669164e-08,3.10937912262967,-0.000515177076238079,-22.84041774324872,1.0963416723237662e-05,1.2019650624736725e-10,8.041811281510368,-4.135165491410513e-06,-24.471508331753395,4.8537732034237675e-06,2.355911431027462e-11,11.39766037955874,-1.7097163398034584e-06,-28.202871101911995,7.513189307998453e-07,5.644801357782228e-13,18.462675247210182,-9.413702628228991e-08,-33.75024743805701,4.690583671464728e-08,2.2001575179011526e-15,17.395453953889056,-8.86162960843425e-10
