LBP_delta,Std_delta,Var_delta,Kur_delta,SE_delta,LBP_theta,Std_theta,Var_theta,Kur_theta,SE_theta,LBP_alpha,Std_alpha,Var_alpha,Kur_alpha,SE_alpha,LBP_beta,Std_beta,Var_beta,Kur_beta,SE_beta,LBP_gamma,Std_gamma,Var_gamma,Kur_gamma,SE_gamma
-17.988149083983156,0.00012411130247483881,1.5403615402000933e-08,2.989896429445932,-0.00041757875280330786,-23.041635376561224,9.919048536625856e-06,9.838752387193953e-11,3.109901441954025,-3.4432745606723677e-06,-24.764499261555684,4.192347436868666e-06,1.7575777031419274e-11,5.472047088502805,-1.3126832506490523e-06,-28.705370529241495,5.843969840620366e-07,3.415198349808043e-13,5.476978047252064,-5.937446712778595e-08,-34.26168113920292,3.632205896629766e-08,1.319291967551204e-15,5.543614569850186,-5.501816785684963e-10
