LBP_delta,Std_delta,Var_delta,Kur_delta,SE_delta,LBP_theta,Std_theta,Var_theta,Kur_theta,SE_theta,LBP_alpha,Std_alpha,Var_alpha,Kur_alpha,SE_alpha,LBP_beta,Std_beta,Var_beta,Kur_beta,SE_beta,LBP_gamma,Std_gamma,Var_gamma,Kur_gamma,SE_gamma
-17.87327374423284,0.00013147325179253103,1.7285215936902267e-08,3.0482164325380343,-0.0004649973956790051,-22.760718536527822,1.1415958121298063e-05,1.303240998272312e-10,14.902147227975554,-4.394998176923352e-06,-24.394399021292376,5.044562768871537e-06,2.544761352908487e-11,28.516868433812853,-1.8061451609001613e-06,-28.333223347660816,7.039123726285276e-07,4.954926283395231e-13,25.468210867219124,-8.237127481170711e-08,-33.927037602137666,4.2937562845334074e-08,1.843634303097013e-15,23.487399951990987,-7.429878621408564e-10
