LBP_delta,Std_delta,Var_delta,Kur_delta,SE_delta,LBP_theta,Std_theta,Var_theta,Kur_theta,SE_theta,LBP_alpha,Std_alpha,Var_alpha,Kur_alpha,SE_alpha,LBP_beta,Std_beta,Var_beta,Kur_beta,SE_beta,LBP_gamma,Std_gamma,Var_gamma,Kur_gamma,SE_gamma
-17.905131616229752,0.00012940156335137438,1.674476459777976e-08,3.313473592008505,-0.0004489266111301184,-22.96563751184305,1.0305491819937815e-05,1.0620316165080521e-10,3.2983545927525695,-3.697959233064044e-06,-24.56878189745015,4.623350254867378e-06,2.1375367579182245e-11,4.402269564101521,-1.5835896917614428e-06,-28.331234512664892,7.046128932521891e-07,4.964793293372208e-13,5.16106957728998,-8.493263284700706e-08,-33.864909976599826,4.4292300067574045e-08,1.96180784527602e-15,5.244344932300023,-8.061862372018236e-10
