LBP_delta,Std_delta,Var_delta,Kur_delta,SE_delta,LBP_theta,Std_theta,Var_theta,Kur_theta,SE_theta,LBP_alpha,Std_alpha,Var_alpha,Kur_alpha,SE_alpha,LBP_beta,Std_beta,Var_beta,Kur_beta,SE_beta,LBP_gamma,Std_gamma,Var_gamma,Kur_gamma,SE_gamma
-17.92582346486772,0.00012806981898867792,1.6401878535792727e-08,2.9872490698600984,-0.00044283972797637687,-22.94257905968447,1.0424540864553791e-05,1.086710522367519e-10,4.010542963072243,-3.769921753504633e-06,-24.526254251284495,4.722712591221943e-06,2.230401421928628e-11,5.8865630213164035,-1.6411458184971376e-06,-28.250530735449622,7.336267799896229e-07,5.382082523179426e-13,7.866360875807019,-9.119551941995509e-08,-33.776634674632845,4.629104358278735e-08,2.1428607159835184e-15,8.07481884127161,-8.735850388813206e-10
