LBP_delta,Std_delta,Var_delta,Kur_delta,SE_delta,LBP_theta,Std_theta,Var_theta,Kur_theta,SE_theta,LBP_alpha,Std_alpha,Var_alpha,Kur_alpha,SE_alpha,LBP_beta,Std_beta,Var_beta,Kur_beta,SE_beta,LBP_gamma,Std_gamma,Var_gamma,Kur_gamma,SE_gamma
-18.101707612427337,0.00011726631058593497,1.3751387598436964e-08,2.749362263557521,-0.00037557043286836164,-22.93443676529268,1.046741684265904e-05,1.0956681535798214e-10,3.510664414901093,-3.80148489340908e-06,-24.92518338788575,3.8686932927500745e-06,1.4966787793369415e-11,6.997477124127237,-1.1281090236578541e-06,-28.774215622153047,5.646227177233982e-07,3.1879881336935626e-13,40.38944301785121,-5.5193022405311906e-08,-30.540528480650426,2.3345358434297015e-07,5.4500576042580274e-14,9427.479975238868,-1.4835646320789078e-08
