LBP_delta,Std_delta,Var_delta,Kur_delta,SE_delta,LBP_theta,Std_theta,Var_theta,Kur_theta,SE_theta,LBP_alpha,Std_alpha,Var_alpha,Kur_alpha,SE_alpha,LBP_beta,Std_beta,Var_beta,Kur_beta,SE_beta,LBP_gamma,Std_gamma,Var_gamma,Kur_gamma,SE_gamma
-18.134717105196636,0.00011536075955602965,1.3308104845344087e-08,3.3962270660566087,-0.00036204195585336446,-22.886305525728485,1.0722579298193403e-05,1.1497370680604573e-10,3.1834055139463833,-3.994385239679944e-06,-24.841881591540254,4.033238691915311e-06,1.626701434596273e-11,4.297295109883633,-1.220737916665949e-06,-28.71182657237066,5.825135701930254e-07,3.3932205945902476e-13,6.519009564537747,-5.884440909143469e-08,-34.26562486315445,3.6250508367579735e-08,1.3140993569079685e-15,6.838585256603675,-5.464683466031249e-10
