LBP_delta,Std_delta,Var_delta,Kur_delta,SE_delta,LBP_theta,Std_theta,Var_theta,Kur_theta,SE_theta,LBP_alpha,Std_alpha,Var_alpha,Kur_alpha,SE_alpha,LBP_beta,Std_beta,Var_beta,Kur_beta,SE_beta,LBP_gamma,Std_gamma,Var_gamma,Kur_gamma,SE_gamma
-17.70099297764414,0.0001433072410016304,2.0536965323499375e-08,2.8908754168982425,-0.0005471145226110566,-22.61816362953103,1.2260941396019165e-05,1.503306839166164e-10,3.646924706501936,-5.152458615596404e-06,-24.569020524988098,4.622798228923368e-06,2.137026346533703e-11,9.622800493252193,-1.566438357216195e-06,-28.4123997264683,6.765903008304193e-07,4.577744351777974e-13,13.258097450996225,-7.754815302399696e-08,-33.95210758599387,4.240269943869552e-08,1.7979889196883495e-15,13.930034318578366,-7.322790127033995e-10
