LBP_delta,Std_delta,Var_delta,Kur_delta,SE_delta,LBP_theta,Std_theta,Var_theta,Kur_theta,SE_theta,LBP_alpha,Std_alpha,Var_alpha,Kur_alpha,SE_alpha,LBP_beta,Std_beta,Var_beta,Kur_beta,SE_beta,LBP_gamma,Std_gamma,Var_gamma,Kur_gamma,SE_gamma
-17.810614286363005,0.00013566503442984673,1.84050015668515e-08,3.071612556609383,-0.0004921561545496414,-22.749748154498462,1.1480134306593098e-05,1.3179348369741577e-10,3.149838585352996,-4.554617454324107e-06,-24.836813397973653,4.0434724888220045e-06,1.6349669767860418e-11,3.1310477385487356,-1.2338631125299298e-06,-28.761471403440304,5.682321777827585e-07,3.228878078677364e-13,3.335603075838226,-5.6527346996886004e-08,-34.331560799909084,3.507488803139801e-08,1.2302477704151073e-15,3.2557211249840177,-5.162574754287604e-10
