LBP_delta,Std_delta,Var_delta,Kur_delta,SE_delta,LBP_theta,Std_theta,Var_theta,Kur_theta,SE_theta,LBP_alpha,Std_alpha,Var_alpha,Kur_alpha,SE_alpha,LBP_beta,Std_beta,Var_beta,Kur_beta,SE_beta,LBP_gamma,Std_gamma,Var_gamma,Kur_gamma,SE_gamma
-17.67062683693302,0.00014548557554368193,2.1166052691276386e-08,2.8337488324520845,-0.0005631029410875071,-22.720071995930663,1.1650562291376126e-05,1.3573560170523532e-10,3.0406712598027834,-4.682936109413842e-06,-24.13426613947321,5.745273294845098e-06,3.3008165232460246e-11,3.1465077089983566,-2.417447630033294e-06,-27.730953264658336,9.512615608107226e-07,9.048985570760519e-13,78.16650272815035,-1.490412338701407e-07,-30.245729657968567,2.705300354955661e-07,7.318650010523225e-14,9068.233919241628,-1.9872175642284908e-08
