LBP_delta,Std_delta,Var_delta,Kur_delta,SE_delta,LBP_theta,Std_theta,Var_theta,Kur_theta,SE_theta,LBP_alpha,Std_alpha,Var_alpha,Kur_alpha,SE_alpha,LBP_beta,Std_beta,Var_beta,Kur_beta,SE_beta,LBP_gamma,Std_gamma,Var_gamma,Kur_gamma,SE_gamma
-17.75791779704453,0.000139274967153061,1.9397516475486224e-08,2.414486420748979,-0.0005225616362084925,-22.94147350457734,1.0429961791108822e-05,1.0878410296398995e-10,4.7134421324433164,-3.770581640465853e-06,-24.41188136513448,5.0006009915715185e-06,2.5006010276906055e-11,14.134274911541274,-1.8185727582351206e-06,-27.834477191702884,9.032751715289937e-07,8.15906035500733e-13,97.9411358997177,-1.3073596403823098e-07,-28.609132070619246,6.131954201500011e-07,3.760086232929363e-13,2269.71535550862,-1.0001559727407497e-07
