LBP_delta,Std_delta,Var_delta,Kur_delta,SE_delta,LBP_theta,Std_theta,Var_theta,Kur_theta,SE_theta,LBP_alpha,Std_alpha,Var_alpha,Kur_alpha,SE_alpha,LBP_beta,Std_beta,Var_beta,Kur_beta,SE_beta,LBP_gamma,Std_gamma,Var_gamma,Kur_gamma,SE_gamma
-17.633415439794817,0.00014764074725980873,2.179779025143472e-08,2.761997091667972,-0.0005833577804447133,-22.931375939364482,1.0483634897415065e-05,1.09906600662299e-10,3.4347668001252765,-3.819649144039009e-06,-24.955562488528354,3.810295056144801e-06,1.4518348414881514e-11,15.92785021406205,-1.0868340150627102e-06,-28.630942259806396,6.065519128132845e-07,3.6790522293745434e-13,121.82477789796714,-6.136898119997911e-08,-29.586449773137566,3.7616610075919695e-07,1.415009353603783e-13,4306.514750705781,-3.835747527203237e-08
