LBP_delta,Std_delta,Var_delta,Kur_delta,SE_delta,LBP_theta,Std_theta,Var_theta,Kur_theta,SE_theta,LBP_alpha,Std_alpha,Var_alpha,Kur_alpha,SE_alpha,LBP_beta,Std_beta,Var_beta,Kur_beta,SE_beta,LBP_gamma,Std_gamma,Var_gamma,Kur_gamma,SE_gamma
-17.82050569596433,0.0001348184804292834,1.8176022665261067e-08,3.268497001968353,-0.0004868579258870329,-22.829153594043927,1.1033372408789425e-05,1.2173530671103577e-10,7.280519559034552,-4.1808380452472605e-06,-24.6701528696793,4.394840007761275e-06,1.9314618693819125e-11,13.552654649002688,-1.413581766025738e-06,-28.22336463734344,7.43659647799917e-07,5.530296717658966e-13,99.93275135210818,-8.966085443672136e-08,-29.580182760172974,3.7733014453953976e-07,1.4237803797822997e-13,5382.008008476225,-3.829540105531654e-08
