LBP_delta,Std_delta,Var_delta,Kur_delta,SE_delta,LBP_theta,Std_theta,Var_theta,Kur_theta,SE_theta,LBP_alpha,Std_alpha,Var_alpha,Kur_alpha,SE_alpha,LBP_beta,Std_beta,Var_beta,Kur_beta,SE_beta,LBP_gamma,Std_gamma,Var_gamma,Kur_gamma,SE_gamma
-18.01178433569671,0.00012268095464693234,1.5050616633082672e-08,2.7960672731396867,-0.0004090884900153085,-22.924991345480635,1.0513779526133709e-05,1.1053955992414836e-10,3.1796036740899813,-3.846178356748756e-06,-24.72140480750361,4.283661294492359e-06,1.8349754085931952e-11,11.272980876473397,-1.3546105160393643e-06,-28.627862874200993,6.07489171809568e-07,3.690430938658749e-13,12.677479212974758,-6.322164250287283e-08,-34.19340747671816,3.758338615150786e-08,1.4125109146133528e-15,12.476991145440476,-5.821267658489668e-10
