LBP_delta,Std_delta,Var_delta,Kur_delta,SE_delta,LBP_theta,Std_theta,Var_theta,Kur_theta,SE_theta,LBP_alpha,Std_alpha,Var_alpha,Kur_alpha,SE_alpha,LBP_beta,Std_beta,Var_beta,Kur_beta,SE_beta,LBP_gamma,Std_gamma,Var_gamma,Kur_gamma,SE_gamma
-17.961630501979045,0.0001257942111260155,1.5824183552816558e-08,2.589535494305085,-0.0004298537782669433,-22.873867208304578,1.0787745980092294e-05,1.1637546333099746e-10,3.124705720352158,-4.0389057588375025e-06,-24.864478308312737,3.987926291334629e-06,1.5903556105117966e-11,3.104592306765975,-1.2006114732331225e-06,-28.784547740174162,5.617135124447315e-07,3.1552207006299754e-13,2.984460037510958,-5.537230391026711e-08,-34.352098012105344,3.471655615656989e-08,1.2052392713722705e-15,2.9807479690387213,-5.066790753893668e-10
