LBP_delta,Std_delta,Var_delta,Kur_delta,SE_delta,LBP_theta,Std_theta,Var_theta,Kur_theta,SE_theta,LBP_alpha,Std_alpha,Var_alpha,Kur_alpha,SE_alpha,LBP_beta,Std_beta,Var_beta,Kur_beta,SE_beta,LBP_gamma,Std_gamma,Var_gamma,Kur_gamma,SE_gamma
-17.697631104506897,0.00014354756809137329,2.0605904304947447e-08,3.019743065821394,-0.000547865131949289,-23.036924637601103,9.944736154445275e-06,9.8897777181531e-11,2.904411455758785,-3.465662994254817e-06,-24.937798963267152,3.844375134408987e-06,1.477922017406212e-11,3.0106041589099486,-1.1201917699805668e-06,-28.82254449805067,5.511426047372504e-07,3.03758170756561e-13,3.0206438114946006,-5.337269367599585e-08,-34.37421419221709,3.4334775375633185e-08,1.1788768000951868e-15,3.0250702666382048,-4.958803926148354e-10
