LBP_delta,Std_delta,Var_delta,Kur_delta,SE_delta,LBP_theta,Std_theta,Var_theta,Kur_theta,SE_theta,LBP_alpha,Std_alpha,Var_alpha,Kur_alpha,SE_alpha,LBP_beta,Std_beta,Var_beta,Kur_beta,SE_beta,LBP_gamma,Std_gamma,Var_gamma,Kur_gamma,SE_gamma
-17.927648826849705,0.00012793528236264515,1.6367436473209743e-08,3.427106647625777,-0.0004379092510637539,-22.98624295147383,1.019302518336981e-05,1.0389776238881114e-10,4.149858460412325,-3.606129008633221e-06,-24.38003304947039,5.080922565519074e-06,2.5815774116800928e-11,5.771754568850717,-1.8973821710816237e-06,-27.767972920486756,9.338159101433624e-07,8.720121540368763e-13,157.60341971847765,-1.4079916248377765e-07,-29.81043716720977,3.363083391526706e-07,1.1310329898362771e-13,9325.016162232021,-2.9825380334879954e-08
