LBP_delta,Std_delta,Var_delta,Kur_delta,SE_delta,LBP_theta,Std_theta,Var_theta,Kur_theta,SE_theta,LBP_alpha,Std_alpha,Var_alpha,Kur_alpha,SE_alpha,LBP_beta,Std_beta,Var_beta,Kur_beta,SE_beta,LBP_gamma,Std_gamma,Var_gamma,Kur_gamma,SE_gamma
-17.719318157026493,0.00014200273672065392,2.0164777236155354e-08,2.690919738098875,-0.0005382645724071541,-23.040218040702044,9.924926482401144e-06,9.850416568106752e-11,3.2608156289091372,-3.44320120385828e-06,-24.730936883031763,4.2632937678559e-06,1.8175673751038956e-11,4.324420035175919,-1.3592958429121564e-06,-28.52681272196134,6.389712537935447e-07,4.0828426317449444e-13,4.505383051222648,-7.063569642373091e-08,-34.066416895880316,4.004714478013076e-08,1.603773805040754e-15,4.586916987252288,-6.65595684966444e-10
