LBP_delta,Std_delta,Var_delta,Kur_delta,SE_delta,LBP_theta,Std_theta,Var_theta,Kur_theta,SE_theta,LBP_alpha,Std_alpha,Var_alpha,Kur_alpha,SE_alpha,LBP_beta,Std_beta,Var_beta,Kur_beta,SE_beta,LBP_gamma,Std_gamma,Var_gamma,Kur_gamma,SE_gamma
-17.850689517338306,0.00013295964597098724,1.7678267456730264e-08,3.004217012535997,-0.00047560855463772234,-22.958347678780854,1.0341669184290076e-05,1.0695012151729498e-10,3.4232132935575565,-3.724721911192702e-06,-24.889623690324118,3.938100792451322e-06,1.550863785150573e-11,3.0458560650910376,-1.1724948653315034e-06,-28.824331276785667,5.506504144418369e-07,3.0321587892496674e-13,3.0964006371134443,-5.324832290400751e-08,-34.38608915723635,3.413151739585128e-08,1.1649604797432984e-15,3.1235073069177917,-4.898126868219603e-10
