LBP_delta,Std_delta,Var_delta,Kur_delta,SE_delta,LBP_theta,Std_theta,Var_theta,Kur_theta,SE_theta,LBP_alpha,Std_alpha,Var_alpha,Kur_alpha,SE_alpha,LBP_beta,Std_beta,Var_beta,Kur_beta,SE_beta,LBP_gamma,Std_gamma,Var_gamma,Kur_gamma,SE_gamma
-17.88148649152734,0.00013094319009132106,1.7146119031291844e-08,2.9297562523484193,-0.0004617118526767465,-22.84104041144414,1.0966075137084054e-05,1.2025480391217307e-10,4.819367774069411,-4.142842420806573e-06,-24.531323294349114,4.7107569211361036e-06,2.2191230770031698e-11,13.67164799470787,-1.6128369745395241e-06,-28.376456998875323,6.888594754408427e-07,4.745273769046329e-13,14.163493226148699,-8.040052006506906e-08,-33.921015577949035,4.3067041394237934e-08,1.8547700544530038e-15,14.6097141850522,-7.565609487463498e-10
