LBP_delta,Std_delta,Var_delta,Kur_delta,SE_delta,LBP_theta,Std_theta,Var_theta,Kur_theta,SE_theta,LBP_alpha,Std_alpha,Var_alpha,Kur_alpha,SE_alpha,LBP_beta,Std_beta,Var_beta,Kur_beta,SE_beta,LBP_gamma,Std_gamma,Var_gamma,Kur_gamma,SE_gamma
-17.96592568022091,0.00012552539480302114,1.5756624740454328e-08,2.8084486353295732,-0.00042703536918933815,-22.826040500670917,1.1050402366713317e-05,1.2211139246626326e-10,4.700830569943614,-4.203778419257069e-06,-24.173054305002793,5.6349222081300985e-06,3.175234829167778e-11,19.788750708026537,-2.2469402947725905e-06,-27.831191786817826,9.047601973042856e-07,8.185910146260899e-13,40.92856678670618,-1.3221922057068374e-07,-33.33948406346878,5.7600071191252654e-08,3.317768201237374e-15,45.00048169578392,-1.2970552970301637e-09
