LBP_delta,Std_delta,Var_delta,Kur_delta,SE_delta,LBP_theta,Std_theta,Var_theta,Kur_theta,SE_theta,LBP_alpha,Std_alpha,Var_alpha,Kur_alpha,SE_alpha,LBP_beta,Std_beta,Var_beta,Kur_beta,SE_beta,LBP_gamma,Std_gamma,Var_gamma,Kur_gamma,SE_gamma
-17.8816351955428,0.0001309175002214675,1.7139391864237944e-08,2.959716943777657,-0.00046154971895209676,-22.90840291880957,1.0604224139245237e-05,1.1244956959535138e-10,3.0069566997452846,-3.912548202269553e-06,-24.61810337358214,4.510728938392188e-06,2.034667555564871e-11,3.1737350286691286,-1.5207032510670797e-06,-28.415373754899377,6.755849567297941e-07,4.564150337595978e-13,3.6757982033212753,-7.88596005422388e-08,-33.94941950922442,4.245972679592839e-08,1.8028283995848793e-15,3.658200908460488,-7.473262574245728e-10
