LBP_delta,Std_delta,Var_delta,Kur_delta,SE_delta,LBP_theta,Std_theta,Var_theta,Kur_theta,SE_theta,LBP_alpha,Std_alpha,Var_alpha,Kur_alpha,SE_alpha,LBP_beta,Std_beta,Var_beta,Kur_beta,SE_beta,LBP_gamma,Std_gamma,Var_gamma,Kur_gamma,SE_gamma
-17.857919271785438,0.00013249337247378128,1.755449374947614e-08,3.1519490418453135,-0.00047089413299591915,-22.98660988010264,1.0195670970812416e-05,1.03951706545067e-10,3.028824559073263,-3.630239851463152e-06,-24.93976304273524,3.8406015789749355e-06,1.4750220488424766e-11,2.9990027229750167,-1.117817062606154e-06,-28.849536421034134,5.437542798524726e-07,2.956687168578811e-13,2.975706392388539,-5.201476782798529e-08,-34.41138564545514,3.3702532271254966e-08,1.1358606814949823e-15,2.940703879065742,-4.785585658586774e-10
