LBP_delta,Std_delta,Var_delta,Kur_delta,SE_delta,LBP_theta,Std_theta,Var_theta,Kur_theta,SE_theta,LBP_alpha,Std_alpha,Var_alpha,Kur_alpha,SE_alpha,LBP_beta,Std_beta,Var_beta,Kur_beta,SE_beta,LBP_gamma,Std_gamma,Var_gamma,Kur_gamma,SE_gamma
-17.892258198441645,0.00013023767905920351,1.69618530467281e-08,2.744194201637103,-0.0004582573677508302,-22.97692944667794,1.024440537053902e-05,1.0494784139592872e-10,2.91353990958854,-3.667529028946466e-06,-24.6350520228032,4.472665193882464e-06,2.0004733936567662e-11,3.077841273000576,-1.4959712679208504e-06,-28.410823799463046,6.771236725179952e-07,4.584964678842572e-13,2.989536608202408,-7.935545303951368e-08,-33.95221569916076,4.240040804884165e-08,1.7977946027082754e-15,2.9911374543860507,-7.464356107194282e-10
