LBP_delta,Std_delta,Var_delta,Kur_delta,SE_delta,LBP_theta,Std_theta,Var_theta,Kur_theta,SE_theta,LBP_alpha,Std_alpha,Var_alpha,Kur_alpha,SE_alpha,LBP_beta,Std_beta,Var_beta,Kur_beta,SE_beta,LBP_gamma,Std_gamma,Var_gamma,Kur_gamma,SE_gamma
-17.735771272873347,0.00014084003038153896,1.9835914157872815e-08,2.6668153019717438,-0.0005311284376394751,-22.927275537678096,1.0505110731647459e-05,1.1035735148417462e-10,2.9543312807324784,-3.844879901605701e-06,-24.532039259246698,4.709070072507762e-06,2.2175340947788253e-11,3.177896223083161,-1.6510757577587323e-06,-28.32432914380717,7.070497960419646e-07,4.999194140829838e-13,3.6431985059582916,-8.609414049486154e-08,-33.8634749192661,4.4324092470559204e-08,1.9646251733386832e-15,3.7005987313658326,-8.122522675034914e-10
