LBP_delta,Std_delta,Var_delta,Kur_delta,SE_delta,LBP_theta,Std_theta,Var_theta,Kur_theta,SE_theta,LBP_alpha,Std_alpha,Var_alpha,Kur_alpha,SE_alpha,LBP_beta,Std_beta,Var_beta,Kur_beta,SE_beta,LBP_gamma,Std_gamma,Var_gamma,Kur_gamma,SE_gamma
-18.192088759856208,0.00011210838464773243,1.2568289908323929e-08,2.627218114985538,-0.0003460161108685407,-23.009213346123985,1.0082491868742057e-05,1.016566422832497e-10,3.6010447030249955,-3.5423634178907567e-06,-24.743397059060595,4.236814521344994e-06,1.7950597288279813e-11,14.596522924812884,-1.3217117391331918e-06,-28.660904870399506,5.975353019099402e-07,3.5704843702860337e-13,15.796066924831681,-6.110285014302086e-08,-34.19402474268192,3.757178853727189e-08,1.4116392938894757e-15,17.126870134280242,-5.800647991589294e-10
