LBP_delta,Std_delta,Var_delta,Kur_delta,SE_delta,LBP_theta,Std_theta,Var_theta,Kur_theta,SE_theta,LBP_alpha,Std_alpha,Var_alpha,Kur_alpha,SE_alpha,LBP_beta,Std_beta,Var_beta,Kur_beta,SE_beta,LBP_gamma,Std_gamma,Var_gamma,Kur_gamma,SE_gamma
-17.779323097582484,0.00013780353876485072,1.8989815296115714e-08,2.7789317328945153,-0.000508615099748008,-22.798969974067113,1.1201132667082782e-05,1.2546537302558903e-10,5.248879941975665,-4.3033116782697675e-06,-24.42203749148474,4.975326591786868e-06,2.475387469494153e-11,17.162636843315546,-1.7792691315442093e-06,-28.094783345499692,7.930403978156479e-07,6.289130725676011e-13,26.70621565692749,-1.0317515308167472e-07,-33.60071374431562,5.054727109265808e-08,2.555026614914667e-15,28.291596332050496,-1.0112613260226195e-09
