LBP_delta,Std_delta,Var_delta,Kur_delta,SE_delta,LBP_theta,Std_theta,Var_theta,Kur_theta,SE_theta,LBP_alpha,Std_alpha,Var_alpha,Kur_alpha,SE_alpha,LBP_beta,Std_beta,Var_beta,Kur_beta,SE_beta,LBP_gamma,Std_gamma,Var_gamma,Kur_gamma,SE_gamma
-17.918801915554706,0.00012851600026019168,1.6516362322877584e-08,2.773723004808742,-0.0004468214419093042,-22.92474067305844,1.0518495790089522e-05,1.1063875368613098e-10,3.1562395277710986,-3.846060742802796e-06,-24.899442645024976,3.91880861260257e-06,1.535706094220808e-11,4.66148126948792,-1.1548364910392365e-06,-28.74438121345726,5.731085649652981e-07,3.284534272365833e-13,6.594287799115684,-5.697843328196315e-08,-34.30133406597692,3.560901364989351e-08,1.2680018531183024e-15,6.690366961681968,-5.276147739432994e-10
