LBP_delta,Std_delta,Var_delta,Kur_delta,SE_delta,LBP_theta,Std_theta,Var_theta,Kur_theta,SE_theta,LBP_alpha,Std_alpha,Var_alpha,Kur_alpha,SE_alpha,LBP_beta,Std_beta,Var_beta,Kur_beta,SE_beta,LBP_gamma,Std_gamma,Var_gamma,Kur_gamma,SE_gamma
-17.825443572593105,0.00013466298001182765,1.813411818566589e-08,3.1204973132237868,-0.00048555188004884323,-22.882442797942122,1.0741370082884054e-05,1.1537703125747659e-10,3.5257528684952346,-4.00079188325584e-06,-24.559618138768943,4.64458139707316e-06,2.157213635403806e-11,30.784947207452888,-1.5432536033560247e-06,-28.34681900448019,6.991437090510522e-07,4.888019259056623e-13,52.16906223549475,-8.028426213626419e-08,-33.877524514453384,4.401381578365719e-08,1.9372159798377107e-15,55.12373885518961,-7.679297652156356e-10
