LBP_delta,Std_delta,Var_delta,Kur_delta,SE_delta,LBP_theta,Std_theta,Var_theta,Kur_theta,SE_theta,LBP_alpha,Std_alpha,Var_alpha,Kur_alpha,SE_alpha,LBP_beta,Std_beta,Var_beta,Kur_beta,SE_beta,LBP_gamma,Std_gamma,Var_gamma,Kur_gamma,SE_gamma
-17.951477007231002,0.00012479690339072734,1.5574267095914534e-08,3.2958931154004096,-0.00042984510860555856,-22.82960708200576,1.102676180810579e-05,1.2158947597270048e-10,28.848425873069964,-4.113795321111358e-06,-24.673236800997607,4.38801146267512e-06,1.925464459656824e-11,11.947355601213031,-1.4202266312621115e-06,-28.126308885391673,7.8063765508428e-07,6.093951485354832e-13,379.5824844202483,-9.594284738975835e-08,-28.646673230934702,6.017843409437341e-07,3.6214439300508445e-13,7851.639799471828,-9.060064806561324e-08
