LBP_delta,Std_delta,Var_delta,Kur_delta,SE_delta,LBP_theta,Std_theta,Var_theta,Kur_theta,SE_theta,LBP_alpha,Std_alpha,Var_alpha,Kur_alpha,SE_alpha,LBP_beta,Std_beta,Var_beta,Kur_beta,SE_beta,LBP_gamma,Std_gamma,Var_gamma,Kur_gamma,SE_gamma
-17.8578305141893,0.0001325008299998898,1.7556469950659695e-08,3.1449354480675398,-0.00047053111300993577,-22.99684146540603,1.014273996145031e-05,1.0287517392560104e-10,3.1867867542580264,-3.590727301233079e-06,-24.97718909926751,3.7693995673457238e-06,1.4208373098306131e-11,3.085811675889599,-1.0778259595456492e-06,-28.841420285826455,5.459653344909172e-07,2.980781464657791e-13,3.0000132339851793,-5.243485669685048e-08,-34.403670567709376,3.3832792618084424e-08,1.144657856338308e-15,2.9698254459446103,-4.821838459941418e-10
