LBP_delta,Std_delta,Var_delta,Kur_delta,SE_delta,LBP_theta,Std_theta,Var_theta,Kur_theta,SE_theta,LBP_alpha,Std_alpha,Var_alpha,Kur_alpha,SE_alpha,LBP_beta,Std_beta,Var_beta,Kur_beta,SE_beta,LBP_gamma,Std_gamma,Var_gamma,Kur_gamma,SE_gamma
-17.775764957365507,0.0001380516757092318,1.9058265166126904e-08,2.8445325613764174,-0.0005101242598794897,-22.916336349477707,1.0561177119928505e-05,1.1153846215850134e-10,2.9975670009105286,-3.8838673928473214e-06,-24.649645167212956,4.440149074705753e-06,1.9714923805610357e-11,3.1002777562933077,-1.4761160830341741e-06,-28.41840517157472,6.74561744487894e-07,4.550335471265509e-13,3.034571027676238,-7.878557302337301e-08,-33.96371026988183,4.215741979252985e-08,1.7772480435635874e-15,3.045508502286078,-7.382958391244684e-10
