LBP_delta,Std_delta,Var_delta,Kur_delta,SE_delta,LBP_theta,Std_theta,Var_theta,Kur_theta,SE_theta,LBP_alpha,Std_alpha,Var_alpha,Kur_alpha,SE_alpha,LBP_beta,Std_beta,Var_beta,Kur_beta,SE_beta,LBP_gamma,Std_gamma,Var_gamma,Kur_gamma,SE_gamma
-17.938538290225438,0.00012725798083936202,1.6194593687311428e-08,3.366665762864113,-0.00043666753514915943,-23.014347737307446,1.0057635371565889e-05,1.0115602926737332e-10,3.4681102307809293,-3.528765926383762e-06,-24.91687763272669,3.8847997498135475e-06,1.50916690961514e-11,3.7191758599203335,-1.1393146804216083e-06,-28.861117862055302,5.406147414707574e-07,2.922642986954939e-13,3.7077839468774303,-5.130292913575407e-08,-34.42709218137874,3.343889463159023e-08,1.1181596741825936e-15,3.7495060663640682,-4.700890171364789e-10
