LBP_delta,Std_delta,Var_delta,Kur_delta,SE_delta,LBP_theta,Std_theta,Var_theta,Kur_theta,SE_theta,LBP_alpha,Std_alpha,Var_alpha,Kur_alpha,SE_alpha,LBP_beta,Std_beta,Var_beta,Kur_beta,SE_beta,LBP_gamma,Std_gamma,Var_gamma,Kur_gamma,SE_gamma
-18.105513982283064,0.00011706734156712721,1.370476246159443e-08,2.8959361428718573,-0.00037391241712706114,-22.920698167080094,1.053769963500986e-05,1.1104311359768692e-10,2.965502055747524,-3.868213664962752e-06,-24.599879752538914,4.552018138701888e-06,2.0720869135071e-11,3.0312536536736383,-1.5480956436247457e-06,-28.428021526075135,6.713261323572609e-07,4.5067877598575857e-13,2.986826770465653,-7.810026029205722e-08,-33.96752842545012,4.2077014552460496e-08,1.7704751536479723e-15,3.00321970928323,-7.359622153129746e-10
