LBP_delta,Std_delta,Var_delta,Kur_delta,SE_delta,LBP_theta,Std_theta,Var_theta,Kur_theta,SE_theta,LBP_alpha,Std_alpha,Var_alpha,Kur_alpha,SE_alpha,LBP_beta,Std_beta,Var_beta,Kur_beta,SE_beta,LBP_gamma,Std_gamma,Var_gamma,Kur_gamma,SE_gamma
-18.057866987758093,0.00011989016844044712,1.4373652488678781e-08,2.835426365926473,-0.00039141491349188373,-23.080651287429088,9.728937577048374e-06,9.465222637810388e-11,11.08523666454048,-3.2822468450724875e-06,-24.96958844383369,3.783752300229221e-06,1.4316781469489922e-11,3.360241961951553,-1.0839009635857262e-06,-28.822956129259232,5.510291449519531e-07,3.036331185864805e-13,6.879846393196069,-5.3060865129474374e-08,-34.36423156437005,3.450658033907432e-08,1.1907040866969903e-15,6.846223163408479,-4.984555657293527e-10
