LBP_delta,Std_delta,Var_delta,Kur_delta,SE_delta,LBP_theta,Std_theta,Var_theta,Kur_theta,SE_theta,LBP_alpha,Std_alpha,Var_alpha,Kur_alpha,SE_alpha,LBP_beta,Std_beta,Var_beta,Kur_beta,SE_beta,LBP_gamma,Std_gamma,Var_gamma,Kur_gamma,SE_gamma
-17.932315883230142,0.0001276576804438929,1.6296483376315074e-08,3.222212344016973,-0.0004385934087511038,-23.100570724275947,9.63309811546473e-06,9.279657930217013e-11,3.1326224433782617,-3.2549338843939072e-06,-25.0494190122789,3.635697473285637e-06,1.3218296117255565e-11,3.1316861801684706,-1.0055250527840268e-06,-28.95311644884223,5.163101031818493e-07,2.665761226476519e-13,2.970237170192694,-4.707090535978278e-08,-34.51786911974668,3.1955083233000533e-08,1.0211273444279916e-15,2.992041739207626,-4.314955892470435e-10
