LBP_delta,Std_delta,Var_delta,Kur_delta,SE_delta,LBP_theta,Std_theta,Var_theta,Kur_theta,SE_theta,LBP_alpha,Std_alpha,Var_alpha,Kur_alpha,SE_alpha,LBP_beta,Std_beta,Var_beta,Kur_beta,SE_beta,LBP_gamma,Std_gamma,Var_gamma,Kur_gamma,SE_gamma
-17.76168730801552,0.0001390255029832161,1.9328090479736223e-08,2.927941713380661,-0.0005163729634866321,-23.0524504402742,9.867880833922627e-06,9.737507215249752e-11,3.1968122767190774,-3.402869311150857e-06,-24.965096624317322,3.792259750130924e-06,1.4381234012463059e-11,2.9346225967882,-1.091413866020013e-06,-28.873958321040686,5.371549894043221e-07,2.885354826419574e-13,3.0666007345712023,-5.0784694073866656e-08,-34.43412508867979,3.3321515110034655e-08,1.1103233692282679e-15,3.032748435181259,-4.678411118926034e-10
