LBP_delta,Std_delta,Var_delta,Kur_delta,SE_delta,LBP_theta,Std_theta,Var_theta,Kur_theta,SE_theta,LBP_alpha,Std_alpha,Var_alpha,Kur_alpha,SE_alpha,LBP_beta,Std_beta,Var_beta,Kur_beta,SE_beta,LBP_gamma,Std_gamma,Var_gamma,Kur_gamma,SE_gamma
-17.86200541024284,0.00013222506201812753,1.7483467025697674e-08,3.3008011507073225,-0.00046872893844589696,-23.05621710784805,9.848426316776265e-06,9.69915009169713e-11,3.142034610457527,-3.394812516044748e-06,-25.022527217026223,3.6849131137611782e-06,1.3578584655969102e-11,3.1788441607083793,-1.0317708139668012e-06,-28.839435252652294,5.465075639976931e-07,2.986705175066926e-13,3.1376808043288147,-5.24659365866644e-08,-34.395076220045375,3.39784914720491e-08,1.1545378827161134e-15,3.1390575713842424,-4.85576947739282e-10
