LBP_delta,Std_delta,Var_delta,Kur_delta,SE_delta,LBP_theta,Std_theta,Var_theta,Kur_theta,SE_theta,LBP_alpha,Std_alpha,Var_alpha,Kur_alpha,SE_alpha,LBP_beta,Std_beta,Var_beta,Kur_beta,SE_beta,LBP_gamma,Std_gamma,Var_gamma,Kur_gamma,SE_gamma
-18.02643013272507,0.0001217756111391586,1.4829299468315569e-08,3.0007601069501026,-0.0004020672453964689,-23.002097230899484,1.01194740422119e-05,1.0240375489100043e-10,3.0109122900733274,-3.579465274756677e-06,-24.974078813294835,3.775266250180132e-06,1.4252635259749154e-11,2.946683693470897,-1.0831321960628528e-06,-28.887275817339184,5.335900756665777e-07,2.847183688498642e-13,3.0566403138232494,-5.013912070298899e-08,-34.45135765377116,3.303564103648605e-08,1.091353578691561e-15,3.0712892846164745,-4.601377453038253e-10
