LBP_delta,Std_delta,Var_delta,Kur_delta,SE_delta,LBP_theta,Std_theta,Var_theta,Kur_theta,SE_theta,LBP_alpha,Std_alpha,Var_alpha,Kur_alpha,SE_alpha,LBP_beta,Std_beta,Var_beta,Kur_beta,SE_beta,LBP_gamma,Std_gamma,Var_gamma,Kur_gamma,SE_gamma
-17.673137903423104,0.0001453159170791817,2.1116715756563606e-08,2.7361329451403913,-0.0005632447066662818,-22.884690145964466,1.0731222521251182e-05,1.151591368006086e-10,2.923997364604965,-4.00354008660903e-06,-24.971934701524777,3.7793166275300536e-06,1.4283234171125139e-11,2.9502346829997257,-1.0843090483544923e-06,-28.911761539264372,5.270971752018635e-07,2.7783143210578403e-13,3.075917362746771,-4.8953165294808015e-08,-34.472034986236835,3.269585550895547e-08,1.069018967462494e-15,3.089147896543761,-4.5081999349322845e-10
