LBP_delta,Std_delta,Var_delta,Kur_delta,SE_delta,LBP_theta,Std_theta,Var_theta,Kur_theta,SE_theta,LBP_alpha,Std_alpha,Var_alpha,Kur_alpha,SE_alpha,LBP_beta,Std_beta,Var_beta,Kur_beta,SE_beta,LBP_gamma,Std_gamma,Var_gamma,Kur_gamma,SE_gamma
-17.83493672268288,0.00013402574654962983,1.7962900738185615e-08,3.467593974600001,-0.000479063705465905,-22.94933095404906,1.0390012529477585e-05,1.0795236036270122e-10,3.0945492385228865,-3.7585273622088847e-06,-24.938544674323897,3.842941133161197e-06,1.4768196552942264e-11,3.151351126487805,-1.1184047968932147e-06,-28.915402985194333,5.261382107289821e-07,2.7682141678909473e-13,3.6422257515044696,-4.8729317297825444e-08,-34.4946360308136,3.232845545938581e-08,1.0451290323894923e-15,3.3447167648304816,-4.4091367684586306e-10
