LBP_delta,Std_delta,Var_delta,Kur_delta,SE_delta,LBP_theta,Std_theta,Var_theta,Kur_theta,SE_theta,LBP_alpha,Std_alpha,Var_alpha,Kur_alpha,SE_alpha,LBP_beta,Std_beta,Var_beta,Kur_beta,SE_beta,LBP_gamma,Std_gamma,Var_gamma,Kur_gamma,SE_gamma
-17.775060400254635,0.00013808809313650718,1.9068321466076685e-08,3.4985548378968265,-0.0005078232577110748,-22.891211654851844,1.0695879325404173e-05,1.1440183454360843e-10,3.046626195034149,-3.977231806435641e-06,-25.078935208107467,3.5824357249825516e-06,1.2833845723631262e-11,2.991852622546909,-9.783333551475942e-07,-28.97963389877028,5.095096169651214e-07,2.5960004977994477e-13,3.046807998051216,-4.5854422045026455e-08,-34.540343454555384,3.1598008913283e-08,9.984341672839118e-16,3.0238035294300927,-4.219838783127232e-10
