LBP_delta,Std_delta,Var_delta,Kur_delta,SE_delta,LBP_theta,Std_theta,Var_theta,Kur_theta,SE_theta,LBP_alpha,Std_alpha,Var_alpha,Kur_alpha,SE_alpha,LBP_beta,Std_beta,Var_beta,Kur_beta,SE_beta,LBP_gamma,Std_gamma,Var_gamma,Kur_gamma,SE_gamma
-18.056520852707372,0.00011997082017929714,1.4392997694493248e-08,2.9806516664542504,-0.0003912742856281566,-22.87306231770668,1.0793880959248238e-05,1.1650786616242169e-10,3.1740779743544154,-4.0436123617639635e-06,-24.96605574585274,3.790437329551912e-06,1.4367415149260627e-11,2.9122026731536694,-1.0911162700813113e-06,-28.899532328691333,5.303299981841291e-07,2.812499069739784e-13,3.0167016585880204,-4.954454237755794e-08,-34.47356036074736,3.267092854613034e-08,1.0673895720663545e-15,2.956829820990492,-4.503928818180906e-10
