LBP_delta,Std_delta,Var_delta,Kur_delta,SE_delta,LBP_theta,Std_theta,Var_theta,Kur_theta,SE_theta,LBP_alpha,Std_alpha,Var_alpha,Kur_alpha,SE_alpha,LBP_beta,Std_beta,Var_beta,Kur_beta,SE_beta,LBP_gamma,Std_gamma,Var_gamma,Kur_gamma,SE_gamma
-17.59516133052529,0.00015109714871888437,2.2830348350976663e-08,3.4299893029887376,-0.0006005959154241876,-22.830065364187607,1.1028386375454241e-05,1.2162530604630473e-10,3.123128635785102,-4.213984052612725e-06,-24.93195140430106,3.855631559742086e-06,1.4865894724479193e-11,3.092217362320311,-1.1257985510127241e-06,-28.87477170827026,5.36936554807368e-07,2.883008638884057e-13,3.005864209299553,-5.0764564594388124e-08,-34.443049765094095,3.317315459530487e-08,1.1004581858039967e-15,2.971771042631549,-4.639931257886973e-10
