LBP_delta,Std_delta,Var_delta,Kur_delta,SE_delta,LBP_theta,Std_theta,Var_theta,Kur_theta,SE_theta,LBP_alpha,Std_alpha,Var_alpha,Kur_alpha,SE_alpha,LBP_beta,Std_beta,Var_beta,Kur_beta,SE_beta,LBP_gamma,Std_gamma,Var_gamma,Kur_gamma,SE_gamma
-17.80922189782078,0.00013574758307319284,1.842740631021339e-08,2.789385385918078,-0.0004948614767334019,-22.90105147770071,1.063980251336846e-05,1.1320539752348178e-10,2.962233169998649,-3.939242762960341e-06,-25.028662440418785,3.6736264043194364e-06,1.349553095851295e-11,3.107102423134186,-1.026033914964718e-06,-28.905182963495616,5.288338717343413e-07,2.7966526389353377e-13,3.0898130978301483,-4.92777033155568e-08,-34.46523026609425,3.280728796885674e-08,1.0763181438714921e-15,3.053824377609651,-4.539703465808367e-10
