LBP_delta,Std_delta,Var_delta,Kur_delta,SE_delta,LBP_theta,Std_theta,Var_theta,Kur_theta,SE_theta,LBP_alpha,Std_alpha,Var_alpha,Kur_alpha,SE_alpha,LBP_beta,Std_beta,Var_beta,Kur_beta,SE_beta,LBP_gamma,Std_gamma,Var_gamma,Kur_gamma,SE_gamma
-18.07071562423105,0.00011910827764606159,1.4186781803811294e-08,2.7211322796436286,-0.00038751505095468807,-22.956094119701596,1.0354461528041302e-05,1.0721487353568742e-10,3.234652526596243,-3.7353644459789223e-06,-24.953391915495352,3.8145187364820298e-06,1.455055319097246e-11,3.2188241986588597,-1.101757552164194e-06,-28.88062106880974,5.353684956645107e-07,2.866194261500812e-13,3.0817347070336885,-5.043569207100514e-08,-34.444746690858146,3.314502005377756e-08,1.0985923543653168e-15,3.0398146971477704,-4.629167292179473e-10
