LBP_delta,Std_delta,Var_delta,Kur_delta,SE_delta,LBP_theta,Std_theta,Var_theta,Kur_theta,SE_theta,LBP_alpha,Std_alpha,Var_alpha,Kur_alpha,SE_alpha,LBP_beta,Std_beta,Var_beta,Kur_beta,SE_beta,LBP_gamma,Std_gamma,Var_gamma,Kur_gamma,SE_gamma
-17.709530586382577,0.00014269413871027706,2.0361617222267786e-08,2.8605607649953155,-0.0005431673891550747,-22.92909747470163,1.0490517825023234e-05,1.100509642371302e-10,2.9758497917347886,-3.8356003718068784e-06,-24.933941729730762,3.851796127132488e-06,1.4836333404992833e-11,3.001003878809955,-1.1240226143895988e-06,-28.88848808510701,5.332667597267246e-07,2.8437343702944025e-13,3.0341317978822326,-5.008955257600404e-08,-34.4481602213419,3.3088490021441536e-08,1.094848171899036e-15,3.065823123866616,-4.614514681883449e-10
