LBP_delta,Std_delta,Var_delta,Kur_delta,SE_delta,LBP_theta,Std_theta,Var_theta,Kur_theta,SE_theta,LBP_alpha,Std_alpha,Var_alpha,Kur_alpha,SE_alpha,LBP_beta,Std_beta,Var_beta,Kur_beta,SE_beta,LBP_gamma,Std_gamma,Var_gamma,Kur_gamma,SE_gamma
-17.90258227564585,0.0001295322081049483,1.6778592936543637e-08,2.6756890045966015,-0.0004543615792131873,-22.93708900569867,1.0452677056885294e-05,1.0925845765553622e-10,2.8852317623968995,-3.8094894145693913e-06,-25.023429767451375,3.6832504686140585e-06,1.356633401454568e-11,3.1779051138339764,-1.030405174702988e-06,-28.906819628265808,5.284012924243445e-07,2.7920792583571757e-13,3.1771407985411955,-4.9145360677069966e-08,-34.46746325414622,3.277067928076975e-08,1.073917420523072e-15,3.153623190087639,-4.525303089924568e-10
