LBP_delta,Std_delta,Var_delta,Kur_delta,SE_delta,LBP_theta,Std_theta,Var_theta,Kur_theta,SE_theta,LBP_alpha,Std_alpha,Var_alpha,Kur_alpha,SE_alpha,LBP_beta,Std_beta,Var_beta,Kur_beta,SE_beta,LBP_gamma,Std_gamma,Var_gamma,Kur_gamma,SE_gamma
-17.9099518876431,0.00012906522617619364,1.6657832607912018e-08,2.6969490047540448,-0.00045075172613261605,-22.89444140362851,1.067865296356241e-05,1.1403362911620021e-10,3.1833350929670114,-3.958355923903545e-06,-24.955322944106193,3.810837068541884e-06,1.45224791629729e-11,2.925850082799935,-1.1020224509430468e-06,-28.86780939926069,5.388089903041347e-07,2.9031512803256114e-13,3.1191135176051783,-5.104853405084953e-08,-34.4391454928364,3.323797564103272e-08,1.1047630247138846e-15,3.0896865775645637,-4.653497333245502e-10
