LBP_delta,Std_delta,Var_delta,Kur_delta,SE_delta,LBP_theta,Std_theta,Var_theta,Kur_theta,SE_theta,LBP_alpha,Std_alpha,Var_alpha,Kur_alpha,SE_alpha,LBP_beta,Std_beta,Var_beta,Kur_beta,SE_beta,LBP_gamma,Std_gamma,Var_gamma,Kur_gamma,SE_gamma
-17.96820451132882,0.00012538476144554418,1.572133840275602e-08,2.8997086116025392,-0.00042553443003543785,-22.961815577310723,1.0320179471183763e-05,1.0650610431744279e-10,3.0269249426990936,-3.7214008183452937e-06,-24.722952913511804,4.280347035894138e-06,1.8321370747687732e-11,3.2225833511103086,-1.374737611011189e-06,-28.642477295855205,6.030663063849091e-07,3.63688969896737e-13,3.172450055896742,-6.345347486928776e-08,-34.21436990772826,3.7191523805544006e-08,1.3832094429783465e-15,3.1315423743792112,-5.788106934161922e-10
