LBP_delta,Std_delta,Var_delta,Kur_delta,SE_delta,LBP_theta,Std_theta,Var_theta,Kur_theta,SE_theta,LBP_alpha,Std_alpha,Var_alpha,Kur_alpha,SE_alpha,LBP_beta,Std_beta,Var_beta,Kur_beta,SE_beta,LBP_gamma,Std_gamma,Var_gamma,Kur_gamma,SE_gamma
-17.808091209044065,0.00013582184029478625,1.8447572301062423e-08,3.235343568571018,-0.0004936768584062209,-22.899727773538206,1.065060997063362e-05,1.1343549274656027e-10,2.9068003547576686,-3.949952038839278e-06,-24.870457796385992,3.976020242547054e-06,1.580873696914393e-11,3.289220139828618,-1.192849773285366e-06,-28.780113148568766,5.629603855556715e-07,3.169243957049903e-13,3.6026755456493804,-5.549070691207868e-08,-34.341767054283764,3.489635244921488e-08,1.2177554142598255e-15,3.4892773912701944,-5.10906167057125e-10
