LBP_delta,Std_delta,Var_delta,Kur_delta,SE_delta,LBP_theta,Std_theta,Var_theta,Kur_theta,SE_theta,LBP_alpha,Std_alpha,Var_alpha,Kur_alpha,SE_alpha,LBP_beta,Std_beta,Var_beta,Kur_beta,SE_beta,LBP_gamma,Std_gamma,Var_gamma,Kur_gamma,SE_gamma
-17.801944749802388,0.00013625326937425917,1.8564953415174433e-08,2.6799308120960363,-0.0004988602790555656,-22.899702303619698,1.0651058248206858e-05,1.1344504180669534e-10,3.0882787260623217,-3.941967260483599e-06,-24.789553788517082,4.140156263935066e-06,1.714089388980076e-11,2.984448697052939,-1.2914136130490603e-06,-28.70895464134502,5.83350487609897e-07,3.4029779139470465e-13,2.929735143333094,-5.959025540270668e-08,-34.27098571548506,3.6153471648570223e-08,1.3070735122439708e-15,3.0718563994778427,-5.483000538696806e-10
