LBP_delta,Std_delta,Var_delta,Kur_delta,SE_delta,LBP_theta,Std_theta,Var_theta,Kur_theta,SE_theta,LBP_alpha,Std_alpha,Var_alpha,Kur_alpha,SE_alpha,LBP_beta,Std_beta,Var_beta,Kur_beta,SE_beta,LBP_gamma,Std_gamma,Var_gamma,Kur_gamma,SE_gamma
-17.88648979913969,0.00013061487886210498,1.7060246580162357e-08,2.6858353572935014,-0.0004609524949659404,-22.661938403350398,1.199497856137646e-05,1.438795106878809e-10,3.1214908879879975,-4.945437494697037e-06,-24.591511684173813,4.571100481142632e-06,2.0894959608702407e-11,3.091799996117488,-1.560048166450981e-06,-28.44644736218176,6.65169494480058e-07,4.42450456386856e-13,2.9607121694530396,-7.67197320695062e-08,-34.00140001907623,4.137040606435236e-08,1.7115104979294022e-15,2.946473721311429,-7.121491622571239e-10
