LBP_delta,Std_delta,Var_delta,Kur_delta,SE_delta,LBP_theta,Std_theta,Var_theta,Kur_theta,SE_theta,LBP_alpha,Std_alpha,Var_alpha,Kur_alpha,SE_alpha,LBP_beta,Std_beta,Var_beta,Kur_beta,SE_beta,LBP_gamma,Std_gamma,Var_gamma,Kur_gamma,SE_gamma
-17.650018347440067,0.00014700993025195823,2.1611919592685625e-08,3.0852912161886494,-0.0005735928192905966,-22.967709616105406,1.029471164920874e-05,1.0598108794035413e-10,4.577872201811603,-3.6799082295817234e-06,-24.762166050656806,4.197234642054587e-06,1.76167786404631e-11,9.756840811085981,-1.3139127425141133e-06,-27.971540295879038,8.43444911673845e-07,7.113993190285003e-13,810.4738775741855,-1.0825733549499278e-07,-29.2172223090126,4.524314002676946e-07,2.0469417194818687e-13,9683.461221814168,-5.189257115669359e-08
