LBP_delta,Std_delta,Var_delta,Kur_delta,SE_delta,LBP_theta,Std_theta,Var_theta,Kur_theta,SE_theta,LBP_alpha,Std_alpha,Var_alpha,Kur_alpha,SE_alpha,LBP_beta,Std_beta,Var_beta,Kur_beta,SE_beta,LBP_gamma,Std_gamma,Var_gamma,Kur_gamma,SE_gamma
-17.825697042415843,0.00013463051061067994,1.8125374387292404e-08,2.7768192450261378,-0.0004874677039936371,-22.90253233159437,1.063353304915976e-05,1.1307202510757289e-10,2.9904442717891793,-3.934105610653454e-06,-24.769277661110497,4.182343457754639e-06,1.749199679862303e-11,3.180524593294301,-1.315380184054556e-06,-28.66385364865679,5.966549642166519e-07,3.559971463243742e-13,3.103230149422411,-6.215724084735832e-08,-34.23381128407854,3.683174788967353e-08,1.3565776526084704e-15,3.07183247270179,-5.68052581855604e-10
