LBP_delta,Std_delta,Var_delta,Kur_delta,SE_delta,LBP_theta,Std_theta,Var_theta,Kur_theta,SE_theta,LBP_alpha,Std_alpha,Var_alpha,Kur_alpha,SE_alpha,LBP_beta,Std_beta,Var_beta,Kur_beta,SE_beta,LBP_gamma,Std_gamma,Var_gamma,Kur_gamma,SE_gamma
-18.00559837761799,0.00012306280098919647,1.5144452987306575e-08,3.0649804043939426,-0.00041048845294556975,-22.553246334516686,1.2655717174011807e-05,1.6016717718857742e-10,3.0166395610467047,-5.491372206593337e-06,-24.581408474240853,4.594253045557581e-06,2.1107161046615106e-11,3.24102330407079,-1.573295247362252e-06,-28.448644711378215,6.644392632267883e-07,4.414795345173573e-13,3.0341694351774646,-7.649284621843272e-08,-34.00178540212538,4.136243639903242e-08,1.710851144864002e-15,3.045866473315946,-7.113119830574405e-10
