LBP_delta,Std_delta,Var_delta,Kur_delta,SE_delta,LBP_theta,Std_theta,Var_theta,Kur_theta,SE_theta,LBP_alpha,Std_alpha,Var_alpha,Kur_alpha,SE_alpha,LBP_beta,Std_beta,Var_beta,Kur_beta,SE_beta,LBP_gamma,Std_gamma,Var_gamma,Kur_gamma,SE_gamma
-18.014328763188328,0.00012252610724095562,1.5012646955622157e-08,3.249018283624143,-0.0004060067347029821,-22.954630307093247,1.0360522093762714e-05,1.0734041805534533e-10,3.313474352405629,-3.7371336679359515e-06,-24.945092162499922,3.8303817199990915e-06,1.46718241209032e-11,3.0389463445125653,-1.1121243999303225e-06,-28.866348175597768,5.392027936986744e-07,2.907396527324552e-13,3.028167612343819,-5.1169511898090665e-08,-34.43430345511173,3.331853799224839e-08,1.1101249739408993e-15,3.02851698980053,-4.678539701405889e-10
