LBP_delta,Std_delta,Var_delta,Kur_delta,SE_delta,LBP_theta,Std_theta,Var_theta,Kur_theta,SE_theta,LBP_alpha,Std_alpha,Var_alpha,Kur_alpha,SE_alpha,LBP_beta,Std_beta,Var_beta,Kur_beta,SE_beta,LBP_gamma,Std_gamma,Var_gamma,Kur_gamma,SE_gamma
-18.080877388706774,0.00011848986330423001,1.4039847705855113e-08,3.1953867095553594,-0.00038160471072470236,-22.973008993801844,1.0266778781599394e-05,1.0540674655029955e-10,3.1850023199516735,-3.674539310181657e-06,-24.818294034442307,4.0810861955614064e-06,1.6655264535601877e-11,2.9647448159802505,-1.256407173691172e-06,-28.72778350647865,5.778844607543983e-07,3.3395044998140173e-13,3.1082789082569837,-5.8462855160474755e-08,-34.30037896040694,3.562602297390955e-08,1.269213512937531e-15,3.106865314357095,-5.326098339995764e-10
