LBP_delta,Std_delta,Var_delta,Kur_delta,SE_delta,LBP_theta,Std_theta,Var_theta,Kur_theta,SE_theta,LBP_alpha,Std_alpha,Var_alpha,Kur_alpha,SE_alpha,LBP_beta,Std_beta,Var_beta,Kur_beta,SE_beta,LBP_gamma,Std_gamma,Var_gamma,Kur_gamma,SE_gamma
-18.0615966191952,0.00011966087952074705,1.431872608767874e-08,3.1760195110280764,-0.0003890110491942411,-22.497442350235673,1.3017754472399262e-05,1.6946193150367098e-10,3.0847984920750484,-5.787665556285249e-06,-24.448324492168478,4.910365033993776e-06,2.4111684767068694e-11,3.0871260611464093,-1.789792755609529e-06,-28.364734299709852,6.929089853202268e-07,4.801228619375063e-13,3.1103969953483896,-8.292893992520128e-08,-33.92889941665058,4.28976105210292e-08,1.8402049884139156e-15,3.088684553086787,-7.633820577385583e-10
