LBP_delta,Std_delta,Var_delta,Kur_delta,SE_delta,LBP_theta,Std_theta,Var_theta,Kur_theta,SE_theta,LBP_alpha,Std_alpha,Var_alpha,Kur_alpha,SE_alpha,LBP_beta,Std_beta,Var_beta,Kur_beta,SE_beta,LBP_gamma,Std_gamma,Var_gamma,Kur_gamma,SE_gamma
-17.942767939700108,0.00012684843009290646,1.6090524217034973e-08,3.6819402393489424,-0.0004314082399872825,-22.481164838214607,1.3125733221906099e-05,1.7228487261264945e-10,5.910208404972358,-5.828435880713659e-06,-24.585955617965368,4.583814774357413e-06,2.10113578856173e-11,5.993049372603148,-1.5531170764124467e-06,-28.360679406174608,6.943151886839738e-07,4.820735812372621e-13,106.5960318609984,-8.051387597514882e-08,-29.608798155646326,3.719876836608704e-07,1.3837483679537978e-13,7413.001459996566,-3.651650982046951e-08
