LBP_delta,Std_delta,Var_delta,Kur_delta,SE_delta,LBP_theta,Std_theta,Var_theta,Kur_theta,SE_theta,LBP_alpha,Std_alpha,Var_alpha,Kur_alpha,SE_alpha,LBP_beta,Std_beta,Var_beta,Kur_beta,SE_beta,LBP_gamma,Std_gamma,Var_gamma,Kur_gamma,SE_gamma
-17.92187599461501,0.0001283029663135786,1.6461651164863287e-08,2.764118679463294,-0.0004449542069639487,-22.492362940533845,1.3056245494239608e-05,1.7046554640585207e-10,10.23825731231081,-5.7287100789642075e-06,-24.42422607017571,4.969882807665584e-06,2.4699735121929946e-11,26.154573483888612,-1.777069140645332e-06,-27.49229826350023,1.071822982911943e-06,1.148804506698255e-12,1230.6413153283838,-1.6368445971495433e-07,-28.538269692006857,6.353094932979059e-07,4.0361815227444194e-13,9756.646298480822,-9.869541146625823e-08
