LBP_delta,Std_delta,Var_delta,Kur_delta,SE_delta,LBP_theta,Std_theta,Var_theta,Kur_theta,SE_theta,LBP_alpha,Std_alpha,Var_alpha,Kur_alpha,SE_alpha,LBP_beta,Std_beta,Var_beta,Kur_beta,SE_beta,LBP_gamma,Std_gamma,Var_gamma,Kur_gamma,SE_gamma
-17.96948660960543,0.00012530672222237573,1.570177463411563e-08,2.95172831155924,-0.0004244930755374993,-22.92284122551367,1.052463311006274e-05,1.1076790210142893e-10,2.946226864852967,-3.859379623997996e-06,-24.779612716951483,4.160784632921176e-06,1.7312128761553004e-11,3.598844033704476,-1.301215475741938e-06,-28.656575606208964,5.98829511684172e-07,3.585967840639039e-13,4.057874528392334,-6.251283522471044e-08,-34.21844970699912,3.711573347173625e-08,1.3775776711449624e-15,4.236509497667448,-5.760215471561056e-10
