LBP_delta,Std_delta,Var_delta,Kur_delta,SE_delta,LBP_theta,Std_theta,Var_theta,Kur_theta,SE_theta,LBP_alpha,Std_alpha,Var_alpha,Kur_alpha,SE_alpha,LBP_beta,Std_beta,Var_beta,Kur_beta,SE_beta,LBP_gamma,Std_gamma,Var_gamma,Kur_gamma,SE_gamma
-17.870647167856127,0.00013165162908817374,1.7332151441570072e-08,2.898876832869943,-0.0004662885334702599,-22.635280113644004,1.2156565431193381e-05,1.4778208308288593e-10,3.3049366252509897,-5.063394720919601e-06,-24.685632802991066,4.3609684402582046e-06,1.9018045736928075e-11,3.1066313112278423,-1.4254721184161198e-06,-28.693937805552935,5.877471875038072e-07,3.454467564186355e-13,3.0524905585118414,-6.039878466549271e-08,-34.2741936362141,3.609552927683132e-08,1.3028872337745867e-15,3.028263481650658,-5.462881881523046e-10
