LBP_delta,Std_delta,Var_delta,Kur_delta,SE_delta,LBP_theta,Std_theta,Var_theta,Kur_theta,SE_theta,LBP_alpha,Std_alpha,Var_alpha,Kur_alpha,SE_alpha,LBP_beta,Std_beta,Var_beta,Kur_beta,SE_beta,LBP_gamma,Std_gamma,Var_gamma,Kur_gamma,SE_gamma
-17.97618833328264,0.00012488737564171997,1.5596856594676068e-08,3.2845096316192044,-0.0004209757948038666,-22.984771893602584,1.0207513577869025e-05,1.041933334423805e-10,2.909770078279877,-3.6429232364562267e-06,-24.902593376371424,3.912645690012225e-06,1.530879629557124e-11,2.9361777763428414,-1.159689864700864e-06,-28.891077707070465,5.32576690287669e-07,2.8363793103776775e-13,2.8838441162595245,-5.001057811032412e-08,-34.46018629201843,3.289013173000865e-08,1.0817607652173218e-15,2.885298106444857,-4.565144780615072e-10
