LBP_delta,Std_delta,Var_delta,Kur_delta,SE_delta,LBP_theta,Std_theta,Var_theta,Kur_theta,SE_theta,LBP_alpha,Std_alpha,Var_alpha,Kur_alpha,SE_alpha,LBP_beta,Std_beta,Var_beta,Kur_beta,SE_beta,LBP_gamma,Std_gamma,Var_gamma,Kur_gamma,SE_gamma
-17.797796848215715,0.00013652786096431284,1.863985681949074e-08,2.8441420565508353,-0.0005000349431389538,-22.388951423049143,1.374865547037498e-05,1.8902552724307186e-10,6.349214231406909,-6.350000042287917e-06,-23.784963785663983,6.841647364935214e-06,4.680813866612496e-11,33.62154062080516,-3.2077346519623483e-06,-27.69641187302267,9.67833297762313e-07,9.36701292257474e-13,26.504641215131628,-1.519626647962835e-07,-33.237114038547695,6.06250885194762e-08,3.675401357994325e-15,24.84048915389671,-1.4472038188589891e-09
