LBP_delta,Std_delta,Var_delta,Kur_delta,SE_delta,LBP_theta,Std_theta,Var_theta,Kur_theta,SE_theta,LBP_alpha,Std_alpha,Var_alpha,Kur_alpha,SE_alpha,LBP_beta,Std_beta,Var_beta,Kur_beta,SE_beta,LBP_gamma,Std_gamma,Var_gamma,Kur_gamma,SE_gamma
-17.921742555427038,0.0001283278531407574,1.64680378917158e-08,2.6969120573906804,-0.0004453358795858769,-22.866209496387174,1.083092288924544e-05,1.173088906327808e-10,3.1445919196952947,-4.070638853551007e-06,-24.845237631598778,4.026476504864349e-06,1.621251304422462e-11,2.991228001829117,-1.224464169084654e-06,-28.72914821156205,5.774903490257653e-07,3.3349510321790014e-13,3.197662514976143,-5.836783753984501e-08,-34.294559821660876,3.572982950506659e-08,1.2766207164611269e-15,3.193345550722802,-5.353421961257726e-10
