LBP_delta,Std_delta,Var_delta,Kur_delta,SE_delta,LBP_theta,Std_theta,Var_theta,Kur_theta,SE_theta,LBP_alpha,Std_alpha,Var_alpha,Kur_alpha,SE_alpha,LBP_beta,Std_beta,Var_beta,Kur_beta,SE_beta,LBP_gamma,Std_gamma,Var_gamma,Kur_gamma,SE_gamma
-17.92253471159261,0.00012827724207856416,1.6455050835282556e-08,3.408927139057291,-0.00044152885962804274,-22.86499381991187,1.0836355127331262e-05,1.1742659244563851e-10,3.08684759725377,-4.077543597873484e-06,-24.78656543892634,4.146347454712998e-06,1.7192197215204956e-11,3.0726129237108557,-1.2939970293932375e-06,-28.70374153731886,5.848731799483212e-07,3.420766366228613e-13,2.9315637018460223,-5.987951726129382e-08,-34.26231160561991,3.6310611779441775e-08,1.3184605277973357e-15,2.934481778664779,-5.529645972423521e-10
