LBP_delta,Std_delta,Var_delta,Kur_delta,SE_delta,LBP_theta,Std_theta,Var_theta,Kur_theta,SE_theta,LBP_alpha,Std_alpha,Var_alpha,Kur_alpha,SE_alpha,LBP_beta,Std_beta,Var_beta,Kur_beta,SE_beta,LBP_gamma,Std_gamma,Var_gamma,Kur_gamma,SE_gamma
-17.78624961777531,0.0001373254675197838,1.8858284029527195e-08,2.840740710020567,-0.0005056456800571762,-22.832987951036,1.1009453770465324e-05,1.2120807232401315e-10,3.3676154135384304,-4.193813760421644e-06,-24.78758285563268,4.14423734975666e-06,1.7174703211118107e-11,3.2109982319145027,-1.291114610359313e-06,-28.66189222677378,5.972401447225857e-07,3.5669579046825516e-13,3.149245159211716,-6.228214325433178e-08,-34.21738376974778,3.713552099839335e-08,1.3790469198221136e-15,3.0824454621628425,-5.772181918220953e-10
