LBP_delta,Std_delta,Var_delta,Kur_delta,SE_delta,LBP_theta,Std_theta,Var_theta,Kur_theta,SE_theta,LBP_alpha,Std_alpha,Var_alpha,Kur_alpha,SE_alpha,LBP_beta,Std_beta,Var_beta,Kur_beta,SE_beta,LBP_gamma,Std_gamma,Var_gamma,Kur_gamma,SE_gamma
-17.898327150575923,0.00012984482584029814,1.6859678797497355e-08,2.84186080167247,-0.0004548918901523118,-22.88110800215112,1.074857774342428e-05,1.1553192350643579e-10,3.3810132047108303,-4.007640388200089e-06,-24.850540639772962,4.015814325230444e-06,1.6126764694726042e-11,3.0811267690393813,-1.2175124470654603e-06,-28.761358727419147,5.682642003580047e-07,3.2292420140852253e-13,3.2742205956970514,-5.65626149161555e-08,-34.32392616631487,3.520903522684472e-08,1.2396761616051925e-15,3.2340421856448156,-5.202830398271855e-10
