LBP_delta,Std_delta,Var_delta,Kur_delta,SE_delta,LBP_theta,Std_theta,Var_theta,Kur_theta,SE_theta,LBP_alpha,Std_alpha,Var_alpha,Kur_alpha,SE_alpha,LBP_beta,Std_beta,Var_beta,Kur_beta,SE_beta,LBP_gamma,Std_gamma,Var_gamma,Kur_gamma,SE_gamma
-18.03150378601328,0.00012148071237750466,1.4757563479746015e-08,2.9381485741612643,-0.00040033592432951314,-22.90362671044087,1.0629607236622164e-05,1.1298855000485027e-10,2.93726129804007,-3.933197153525259e-06,-24.837296182580047,4.042495210351297e-06,1.6341767525713172e-11,3.114295564304017,-1.2325972133979833e-06,-28.721811327675038,5.796127173157605e-07,3.359509020741597e-13,2.927110464232211,-5.883907584433277e-08,-34.2789107318376,3.601049670205982e-08,1.2967558727290609e-15,2.9464372482385235,-5.440142677503732e-10
