LBP_delta,Std_delta,Var_delta,Kur_delta,SE_delta,LBP_theta,Std_theta,Var_theta,Kur_theta,SE_theta,LBP_alpha,Std_alpha,Var_alpha,Kur_alpha,SE_alpha,LBP_beta,Std_beta,Var_beta,Kur_beta,SE_beta,LBP_gamma,Std_gamma,Var_gamma,Kur_gamma,SE_gamma
-17.99886509433939,0.00012347565979079517,1.524623856077219e-08,2.984444098086929,-0.0004129906156137778,-22.79600513273078,1.1217428597474085e-05,1.2583070433942941e-10,3.8031344889676295,-4.33731211222571e-06,-24.40153013051683,5.0266053332116245e-06,2.5266761175871547e-11,9.469325164266829,-1.8318076099598462e-06,-28.064535122298363,8.0512536123164e-07,6.482268472983788e-13,17.47073145090834,-1.0729614448535076e-07,-33.591660621387476,5.0776594845346156e-08,2.578262584088434e-15,19.053488948218636,-1.03011173717682e-09
