LBP_delta,Std_delta,Var_delta,Kur_delta,SE_delta,LBP_theta,Std_theta,Var_theta,Kur_theta,SE_theta,LBP_alpha,Std_alpha,Var_alpha,Kur_alpha,SE_alpha,LBP_beta,Std_beta,Var_beta,Kur_beta,SE_beta,LBP_gamma,Std_gamma,Var_gamma,Kur_gamma,SE_gamma
-17.90164771200387,0.00012962418335743636,1.680242891108228e-08,3.44674264847626,-0.00045184142198866973,-22.621486427759283,1.2237636039307966e-05,1.4975973583056915e-10,36.05021203651289,-4.992394336312433e-06,-24.53272795058518,4.707450626039251e-06,2.2160091396597336e-11,34.658595637098436,-1.6096749086555866e-06,-28.428670378383956,6.711083810812613e-07,4.5038645915751147e-13,24.95935027641687,-7.654004821943008e-08,-33.98926664750658,4.162215144783271e-08,1.7324034911463226e-15,25.98323714133189,-7.097607227834773e-10
