LBP_delta,Std_delta,Var_delta,Kur_delta,SE_delta,LBP_theta,Std_theta,Var_theta,Kur_theta,SE_theta,LBP_alpha,Std_alpha,Var_alpha,Kur_alpha,SE_alpha,LBP_beta,Std_beta,Var_beta,Kur_beta,SE_beta,LBP_gamma,Std_gamma,Var_gamma,Kur_gamma,SE_gamma
-17.91652891426269,0.00012866557499631426,1.6554830189132167e-08,2.7699799130883784,-0.0004479190439179644,-22.847357050321126,1.093140330547012e-05,1.1949557822684306e-10,2.8614799346043696,-4.155478257026523e-06,-24.84557261050294,4.0258015208257e-06,1.6207077885082516e-11,2.927665988231172,-1.2242027670851552e-06,-28.670823657914077,5.94579142064296e-07,3.535243561779142e-13,2.9383606411610876,-6.179342960685503e-08,-34.22627573092901,3.697078371277335e-08,1.366838848336667e-15,2.943231624480433,-5.725791940573771e-10
