LBP_delta,Std_delta,Var_delta,Kur_delta,SE_delta,LBP_theta,Std_theta,Var_theta,Kur_theta,SE_theta,LBP_alpha,Std_alpha,Var_alpha,Kur_alpha,SE_alpha,LBP_beta,Std_beta,Var_beta,Kur_beta,SE_beta,LBP_gamma,Std_gamma,Var_gamma,Kur_gamma,SE_gamma
-17.763721104347905,0.0001388433756727716,1.9277482968210383e-08,2.8971496455720147,-0.0005157558158992585,-22.855308893004924,1.0889681548973749e-05,1.185851642380593e-10,2.9454679929691716,-4.116733331239743e-06,-24.834350394120772,4.048454912321584e-06,1.6389987177100765e-11,3.2200831123693643,-1.2356688625168311e-06,-28.67062418444466,5.946384751789425e-07,3.535949161631378e-13,2.9977606047625245,-6.179714589321163e-08,-34.231605145011216,3.687239852462678e-08,1.359573772958899e-15,2.986510373055133,-5.695073630102022e-10
