LBP_delta,Std_delta,Var_delta,Kur_delta,SE_delta,LBP_theta,Std_theta,Var_theta,Kur_theta,SE_theta,LBP_alpha,Std_alpha,Var_alpha,Kur_alpha,SE_alpha,LBP_beta,Std_beta,Var_beta,Kur_beta,SE_beta,LBP_gamma,Std_gamma,Var_gamma,Kur_gamma,SE_gamma
-18.05675906054482,0.00011994626181685507,1.4387105723837544e-08,3.009304367372121,-0.0003905559820247148,-22.7066833198049,1.172886225371251e-05,1.3756620976656213e-10,10.166949147128577,-4.669911573052894e-06,-24.31903617356538,5.238275855150753e-06,2.7439533934655356e-11,10.474496195813833,-1.9827825597653987e-06,-27.972740944197618,8.429396366587839e-07,7.105472310504426e-13,12.467232263648311,-1.1815075012390102e-07,-33.353472513910944,5.719855628013889e-08,3.2716748405322157e-15,103.55314351482967,-1.2887385954248163e-09
