LBP_delta,Std_delta,Var_delta,Kur_delta,SE_delta,LBP_theta,Std_theta,Var_theta,Kur_theta,SE_theta,LBP_alpha,Std_alpha,Var_alpha,Kur_alpha,SE_alpha,LBP_beta,Std_beta,Var_beta,Kur_beta,SE_beta,LBP_gamma,Std_gamma,Var_gamma,Kur_gamma,SE_gamma
-17.85831905641751,0.00013237070429671446,1.752200335600822e-08,2.9591658845067985,-0.0004710723971520975,-22.92443513284216,1.0518471452168252e-05,1.1063824169007849e-10,3.1290404731495602,-3.853277350826924e-06,-24.906697121836654,3.904625948781295e-06,1.524610379989623e-11,3.0761536038891677,-1.1539678424442602e-06,-28.710821796654898,5.828063000193861e-07,3.396631833422867e-13,3.1028187228744057,-5.9420543094543524e-08,-33.48868563329978,5.345884228680281e-08,2.857847818645257e-15,2788.2565410101693,-1.0359479795418933e-09
