LBP_delta,Std_delta,Var_delta,Kur_delta,SE_delta,LBP_theta,Std_theta,Var_theta,Kur_theta,SE_theta,LBP_alpha,Std_alpha,Var_alpha,Kur_alpha,SE_alpha,LBP_beta,Std_beta,Var_beta,Kur_beta,SE_beta,LBP_gamma,Std_gamma,Var_gamma,Kur_gamma,SE_gamma
-17.937308127492507,0.00012732838018847923,1.6212516401421913e-08,3.749049563021301,-0.0004325657971069391,-23.240200094095176,8.983523045694796e-06,8.070368631252949e-11,3.9268301445912743,-2.830414951564771e-06,-25.08753122189201,3.567069457778235e-06,1.272398451661431e-11,3.915082649451291,-9.652278015455596e-07,-28.647287580978848,6.016172590917694e-07,3.619433264370932e-13,212.0893741891813,-6.028212431711203e-08,-30.640844469992157,2.2203281633202377e-07,4.92985715283302e-14,9471.274729304194,-1.34858555874666e-08
