LBP_delta,Std_delta,Var_delta,Kur_delta,SE_delta,LBP_theta,Std_theta,Var_theta,Kur_theta,SE_theta,LBP_alpha,Std_alpha,Var_alpha,Kur_alpha,SE_alpha,LBP_beta,Std_beta,Var_beta,Kur_beta,SE_beta,LBP_gamma,Std_gamma,Var_gamma,Kur_gamma,SE_gamma
-18.02180910140805,0.00012205684681000673,1.489787385320145e-08,2.7891378452677227,-0.00040466282873671903,-22.9076495890088,1.0605483978430635e-05,1.124762904167489e-10,3.024135409799628,-3.91483825760876e-06,-24.906805978220554,3.9044111265944775e-06,1.5244426245474758e-11,2.8985779717253535,-1.15419068377243e-06,-28.85903989330574,5.411767076833859e-07,2.9287222893902884e-13,3.1133864061819962,-5.1489963883470456e-08,-34.43025869502183,3.338599388402585e-08,1.1146245876242112e-15,3.098846307764643,-4.694091539464029e-10
