LBP_delta,Std_delta,Var_delta,Kur_delta,SE_delta,LBP_theta,Std_theta,Var_theta,Kur_theta,SE_theta,LBP_alpha,Std_alpha,Var_alpha,Kur_alpha,SE_alpha,LBP_beta,Std_beta,Var_beta,Kur_beta,SE_beta,LBP_gamma,Std_gamma,Var_gamma,Kur_gamma,SE_gamma
-18.0202407171414,0.00012216711169600974,1.492480318014532e-08,3.3710518088404378,-0.0004038816877729457,-22.833656951645306,1.100758859028437e-05,1.2116700657295867e-10,4.809996961724753,-4.164543869251714e-06,-24.643003670042464,4.454917476103852e-06,1.984628971889551e-11,8.205970329913532,-1.4621213929742332e-06,-28.38549555323092,6.857533653567335e-07,4.702576780980857e-13,15.005733957284589,-7.918669622542812e-08,-33.93344046458649,4.280032104543071e-08,1.831867481591939e-15,15.238499903921914,-7.43151108225386e-10
