LBP_delta,Std_delta,Var_delta,Kur_delta,SE_delta,LBP_theta,Std_theta,Var_theta,Kur_theta,SE_theta,LBP_alpha,Std_alpha,Var_alpha,Kur_alpha,SE_alpha,LBP_beta,Std_beta,Var_beta,Kur_beta,SE_beta,LBP_gamma,Std_gamma,Var_gamma,Kur_gamma,SE_gamma
-17.79331143441917,0.0001368243603087523,1.872090557389927e-08,2.907910036064581,-0.000501216331188718,-22.97234640525428,1.0271132074419113e-05,1.0549615409016108e-10,6.218204525873167,-3.647809850496626e-06,-24.674288466811642,4.3857748923179e-06,1.923502140608609e-11,22.052439594990524,-1.3955309600108637e-06,-28.401220636870672,6.803827463024351e-07,4.629206814660438e-13,24.87529993471592,-7.736665474792879e-08,-33.92474604676957,4.298678803077615e-08,1.84786394520288e-15,26.04622873304804,-7.434688529218931e-10
