LBP_delta,Std_delta,Var_delta,Kur_delta,SE_delta,LBP_theta,Std_theta,Var_theta,Kur_theta,SE_theta,LBP_alpha,Std_alpha,Var_alpha,Kur_alpha,SE_alpha,LBP_beta,Std_beta,Var_beta,Kur_beta,SE_beta,LBP_gamma,Std_gamma,Var_gamma,Kur_gamma,SE_gamma
-17.897169175012383,0.0001299199844475364,1.6879202358848096e-08,2.975938744680472,-0.0004546609228239675,-22.857797469242605,1.0875752212010716e-05,1.1828198617705597e-10,3.1746225629373197,-4.101525258227348e-06,-24.797447121364485,4.12384807562296e-06,1.700612295081919e-11,5.506437757047849,-1.2702382687006665e-06,-28.62276497979149,6.090395598251282e-07,3.7092918543198587e-13,7.237834709232471,-6.395536299784426e-08,-34.17619438959777,3.790824452856458e-08,1.4370350032374466e-15,7.1654595414932025,-5.951552442608162e-10
