LBP_delta,Std_delta,Var_delta,Kur_delta,SE_delta,LBP_theta,Std_theta,Var_theta,Kur_theta,SE_theta,LBP_alpha,Std_alpha,Var_alpha,Kur_alpha,SE_alpha,LBP_beta,Std_beta,Var_beta,Kur_beta,SE_beta,LBP_gamma,Std_gamma,Var_gamma,Kur_gamma,SE_gamma
-17.984514294876096,0.0001243671274683233,1.5467182394722175e-08,3.001301258641782,-0.00041853770983761135,-22.643826288289134,1.2102998666867586e-05,1.4648257673019858e-10,6.827887494448846,-4.9669750626939694e-06,-23.932134788163847,6.356277020341456e-06,4.040225755932085e-11,29.022153410020362,-2.7932535267517343e-06,-27.44592381340118,1.0969664221879632e-06,1.2033353314078606e-12,45.007186077493145,-1.891430367502833e-07,-32.941635853860404,7.027723401328541e-08,4.93888962055808e-15,47.37501821106281,-1.8878120623638154e-09
