LBP_delta,Std_delta,Var_delta,Kur_delta,SE_delta,LBP_theta,Std_theta,Var_theta,Kur_theta,SE_theta,LBP_alpha,Std_alpha,Var_alpha,Kur_alpha,SE_alpha,LBP_beta,Std_beta,Var_beta,Kur_beta,SE_beta,LBP_gamma,Std_gamma,Var_gamma,Kur_gamma,SE_gamma
-17.964601018136204,0.00012557994186228753,1.5770321798135513e-08,2.825671618599174,-0.0004276915767288876,-22.71596380823243,1.1675364622424707e-05,1.3631413906656644e-10,6.982006005231224,-4.64167283965191e-06,-24.00455990945511,6.130218646649911e-06,3.7579580655734264e-11,21.394911173855338,-2.6052108408386626e-06,-27.675448774884572,9.780310460510767e-07,9.565447270397634e-13,27.960363753487073,-1.527711593312453e-07,-33.176118934912104,6.250248752722631e-08,3.90656094709108e-15,29.466418956692095,-1.512484320733159e-09
