LBP_delta,Std_delta,Var_delta,Kur_delta,SE_delta,LBP_theta,Std_theta,Var_theta,Kur_theta,SE_theta,LBP_alpha,Std_alpha,Var_alpha,Kur_alpha,SE_alpha,LBP_beta,Std_beta,Var_beta,Kur_beta,SE_beta,LBP_gamma,Std_gamma,Var_gamma,Kur_gamma,SE_gamma
-17.975787372507945,0.00012488595008423747,1.5596500528442654e-08,3.1590082538760726,-0.00042136085155357637,-22.669158716610507,1.1940599407875666e-05,1.4257791421936068e-10,4.559969019147892,-4.8712322610288636e-06,-23.9995161200923,6.145698634528238e-06,3.776961170644225e-11,14.392314861376002,-2.6383910454340083e-06,-27.610716241994858,1.0102041036815014e-06,1.0205123310949456e-12,19.384780490258713,-1.6390091969100826e-07,-33.12381148554342,6.415872512486419e-08,4.116342009647879e-15,19.495676508069682,-1.603759104820726e-09
