LBP_delta,Std_delta,Var_delta,Kur_delta,SE_delta,LBP_theta,Std_theta,Var_theta,Kur_theta,SE_theta,LBP_alpha,Std_alpha,Var_alpha,Kur_alpha,SE_alpha,LBP_beta,Std_beta,Var_beta,Kur_beta,SE_beta,LBP_gamma,Std_gamma,Var_gamma,Kur_gamma,SE_gamma
-18.007943284115743,0.0001229203399626883,1.5109409976542867e-08,3.361114826322014,-0.0004084445794001868,-22.304256780464595,1.4342396990477275e-05,2.0570435143245158e-10,8.50487605309023,-6.817240087636292e-06,-23.487704430224557,7.937969130518849e-06,6.301135391707016e-11,29.2929874051966,-4.236425706384502e-06,-26.946189788056902,1.4083454461746838e-06,1.9834368957609693e-12,80.49006838198562,-3.0351505789202397e-07,-29.46271756991603,4.0016984432282456e-07,1.6013590430535363e-13,8980.266171841122,-4.186139238994427e-08
