LBP_delta,Std_delta,Var_delta,Kur_delta,SE_delta,LBP_theta,Std_theta,Var_theta,Kur_theta,SE_theta,LBP_alpha,Std_alpha,Var_alpha,Kur_alpha,SE_alpha,LBP_beta,Std_beta,Var_beta,Kur_beta,SE_beta,LBP_gamma,Std_gamma,Var_gamma,Kur_gamma,SE_gamma
-18.15982090318551,0.00011392878397007415,1.2979767816899824e-08,3.3084229509748724,-0.0003540326417521638,-22.978057267555574,1.023809092430515e-05,1.0481850577433948e-10,3.5707938871632408,-3.655909319222212e-06,-24.95038691505058,3.820252006255663e-06,1.459432539130042e-11,2.974460563458578,-1.107128586416037e-06,-28.89540185010745,5.314264993107826e-07,2.8241412416971323e-13,4.110856422768952,-4.966158636697452e-08,-34.46205519431937,3.285941270413977e-08,1.079741003260982e-15,3.829513072920978,-4.5469600122833127e-10
