LBP_delta,Std_delta,Var_delta,Kur_delta,SE_delta,LBP_theta,Std_theta,Var_theta,Kur_theta,SE_theta,LBP_alpha,Std_alpha,Var_alpha,Kur_alpha,SE_alpha,LBP_beta,Std_beta,Var_beta,Kur_beta,SE_beta,LBP_gamma,Std_gamma,Var_gamma,Kur_gamma,SE_gamma
-17.691222439986053,0.0001438115199903841,2.0681753281944644e-08,3.0911000586622848,-0.0005503956668608883,-22.651201413760223,1.2056600771749015e-05,1.4536162216933896e-10,49.280414196084664,-4.796165142754468e-06,-24.63075730690454,4.482280264240867e-06,2.009083636720318e-11,16.729847278882737,-1.4729857342296489e-06,-28.32084598302328,7.082823263143029e-07,5.016638537692007e-13,92.00928350926984,-8.265513330471269e-08,-33.86127790093488,4.43728096443985e-08,1.9689462357380244e-15,80.79419822896944,-7.844352225544139e-10
