LBP_delta,Std_delta,Var_delta,Kur_delta,SE_delta,LBP_theta,Std_theta,Var_theta,Kur_theta,SE_theta,LBP_alpha,Std_alpha,Var_alpha,Kur_alpha,SE_alpha,LBP_beta,Std_beta,Var_beta,Kur_beta,SE_beta,LBP_gamma,Std_gamma,Var_gamma,Kur_gamma,SE_gamma
-17.79463387157754,0.00013675409463063346,1.8701682398244252e-08,2.9664014535390235,-0.0005011108259256672,-23.052239360761813,9.868841773626187e-06,9.739403795286926e-11,3.6108902880269547,-3.401662005516162e-06,-25.083774248473222,3.5737783625694823e-06,1.2771891784769811e-11,3.1598669562958412,-9.72258148403779e-07,-28.927313293805447,5.230144990046011e-07,2.7354416616903387e-13,3.259890527155375,-4.8174275975541686e-08,-34.480748500208755,3.2553717770163795e-08,1.059744540659478e-15,3.2427713812001073,-4.4666204218859544e-10
