LBP_delta,Std_delta,Var_delta,Kur_delta,SE_delta,LBP_theta,Std_theta,Var_theta,Kur_theta,SE_theta,LBP_alpha,Std_alpha,Var_alpha,Kur_alpha,SE_alpha,LBP_beta,Std_beta,Var_beta,Kur_beta,SE_beta,LBP_gamma,Std_gamma,Var_gamma,Kur_gamma,SE_gamma
-18.06722320936773,0.00011926333792989632,1.4223743774180647e-08,3.8327875188166747,-0.0003854472494071116,-22.902843665960447,1.0632913202050213e-05,1.1305884316233372e-10,3.155491568670734,-3.931660246398878e-06,-24.768853430647347,4.18322432846149e-06,1.7499365782232083e-11,3.388584397879401,-1.3152602035628302e-06,-28.52458096818133,6.396843575153399e-07,4.091960772498132e-13,52.8067042175769,-6.99347769431609e-08,-30.128634945649758,2.868414689802156e-07,8.227802832672799e-14,9493.366689970026,-2.193303581185097e-08
