LBP_delta,Std_delta,Var_delta,Kur_delta,SE_delta,LBP_theta,Std_theta,Var_theta,Kur_theta,SE_theta,LBP_alpha,Std_alpha,Var_alpha,Kur_alpha,SE_alpha,LBP_beta,Std_beta,Var_beta,Kur_beta,SE_beta,LBP_gamma,Std_gamma,Var_gamma,Kur_gamma,SE_gamma
-17.953678884344647,0.00012627131786111315,1.5944445714382274e-08,3.237572977429663,-0.0004298388761449474,-22.93354700170632,1.0470962832713411e-05,1.0964106264406565e-10,2.8899401146286543,-3.8257010813221195e-06,-24.984689278840214,3.755290893743063e-06,1.4102209696629573e-11,3.1667494272323333,-1.0701506673022817e-06,-28.89855878192319,5.305883267502425e-07,2.8152397248362213e-13,3.0200088416608493,-4.960149939850439e-08,-34.473346555417244,3.267442163133968e-08,1.0676178289425584e-15,3.0283731458450402,-4.5034586596056916e-10
