LBP_delta,Std_delta,Var_delta,Kur_delta,SE_delta,LBP_theta,Std_theta,Var_theta,Kur_theta,SE_theta,LBP_alpha,Std_alpha,Var_alpha,Kur_alpha,SE_alpha,LBP_beta,Std_beta,Var_beta,Kur_beta,SE_beta,LBP_gamma,Std_gamma,Var_gamma,Kur_gamma,SE_gamma
-17.921145009962533,0.00012836266770473596,1.6476974460276467e-08,2.9616427150529954,-0.0004458748888190697,-22.941928743221922,1.0428428048064768e-05,1.0875211155366396e-10,2.93819342470294,-3.79251640754086e-06,-24.880699570021193,3.95571263418757e-06,1.5647662444271165e-11,2.998386851212996,-1.1833553408495831e-06,-28.76327853709843,5.677189763841825e-07,3.223048361467039e-13,3.0621417364582157,-5.649994274793041e-08,-34.32195329687418,3.524378446379868e-08,1.2421243433306973e-15,3.0539060524947215,-5.215464560272626e-10
