LBP_delta,Std_delta,Var_delta,Kur_delta,SE_delta,LBP_theta,Std_theta,Var_theta,Kur_theta,SE_theta,LBP_alpha,Std_alpha,Var_alpha,Kur_alpha,SE_alpha,LBP_beta,Std_beta,Var_beta,Kur_beta,SE_beta,LBP_gamma,Std_gamma,Var_gamma,Kur_gamma,SE_gamma
-17.816629755729565,0.00013525957084036577,1.8295151503919926e-08,3.0901334544050707,-0.0004899442653950783,-22.8434301745501,1.0954781460140964e-05,1.200072368394482e-10,3.0752519329747727,-4.159264339389016e-06,-24.863955255156615,3.988969254889483e-06,1.5911875716453553e-11,3.1890258046014255,-1.2004976480957072e-06,-28.687924223288693,5.895170356808454e-07,3.475303353579311e-13,3.3296536166550075,-6.068543626361129e-08,-34.24562433897437,3.66148415466142e-08,1.3406466214836657e-15,3.3240190176073985,-5.610473272512482e-10
