LBP_delta,Std_delta,Var_delta,Kur_delta,SE_delta,LBP_theta,Std_theta,Var_theta,Kur_theta,SE_theta,LBP_alpha,Std_alpha,Var_alpha,Kur_alpha,SE_alpha,LBP_beta,Std_beta,Var_beta,Kur_beta,SE_beta,LBP_gamma,Std_gamma,Var_gamma,Kur_gamma,SE_gamma
-17.81017736024319,0.00013568774337966826,1.841116370346671e-08,4.089844299655887,-0.00048715147408761033,-22.799180514044686,1.1199817096505134e-05,1.254359029951687e-10,3.966681780955623,-4.320173076245267e-06,-24.219902918409545,5.5044602108980166e-06,3.0299082213359434e-11,14.874855075459525,-2.157668883431413e-06,-27.65542539669248,9.878718584219618e-07,9.758908086620605e-13,17.915305072099628,-1.583172387481851e-07,-30.766002566739285,2.085611756653761e-07,4.3497763994923866e-14,4225.369164607159,-1.2678856297132938e-08
