LBP_delta,Std_delta,Var_delta,Kur_delta,SE_delta,LBP_theta,Std_theta,Var_theta,Kur_theta,SE_theta,LBP_alpha,Std_alpha,Var_alpha,Kur_alpha,SE_alpha,LBP_beta,Std_beta,Var_beta,Kur_beta,SE_beta,LBP_gamma,Std_gamma,Var_gamma,Kur_gamma,SE_gamma
-17.827862471517708,0.00013447379301690716,1.808320100835399e-08,2.6167612420980593,-0.00048774846921889,-22.860464220325827,1.0861910436278207e-05,1.1798109832572942e-10,3.1316582339123116,-4.091173964024225e-06,-24.694730210816484,4.341176383277435e-06,1.884581239072575e-11,2.967868318661751,-1.4147130839608455e-06,-28.54199295429583,6.34139709071806e-07,4.021331706216748e-13,3.0659206291987906,-6.997448871920266e-08,-34.09051617762501,3.956748633556146e-08,1.5655859749148429e-15,2.9457889869008937,-6.532583280092158e-10
