LBP_delta,Std_delta,Var_delta,Kur_delta,SE_delta,LBP_theta,Std_theta,Var_theta,Kur_theta,SE_theta,LBP_alpha,Std_alpha,Var_alpha,Kur_alpha,SE_alpha,LBP_beta,Std_beta,Var_beta,Kur_beta,SE_beta,LBP_gamma,Std_gamma,Var_gamma,Kur_gamma,SE_gamma
-17.804702035505382,0.00013606784005698212,1.8514457097772464e-08,2.7467010608885563,-0.0004968764112363391,-22.60706539565188,1.232844177715677e-05,1.519904766527444e-10,2.9498170909568584,-5.220337234252882e-06,-24.134361143962888,5.74499988715477e-06,3.300502370340832e-11,2.9686643574165434,-2.4186643541728425e-06,-27.99271120980945,8.345646462101713e-07,6.964981487039084e-13,2.9539525287825854,-1.1879627887137177e-07,-33.542835826159596,5.2031428100081504e-08,2.707269510133951e-15,2.9573439442222855,-1.1109039331108798e-09
