LBP_delta,Std_delta,Var_delta,Kur_delta,SE_delta,LBP_theta,Std_theta,Var_theta,Kur_theta,SE_theta,LBP_alpha,Std_alpha,Var_alpha,Kur_alpha,SE_alpha,LBP_beta,Std_beta,Var_beta,Kur_beta,SE_beta,LBP_gamma,Std_gamma,Var_gamma,Kur_gamma,SE_gamma
-18.122310440765506,0.00011605621850217569,1.3469045853024747e-08,3.004376341600744,-0.00036793412677202174,-22.89505843247363,1.0674926015575375e-05,1.1395404543800795e-10,3.169074517616012,-3.958096425930949e-06,-24.699410234467614,4.331029458153365e-06,1.8757816167392234e-11,3.021125083951542,-1.4080042910695144e-06,-28.58229060904624,6.214904327125609e-07,3.862503579532462e-13,2.985676411667358,-6.73064712188078e-08,-34.13337167834364,3.872866385340346e-08,1.4999094038699195e-15,2.9823605351923845,-6.264997107189334e-10
