LBP_delta,Std_delta,Var_delta,Kur_delta,SE_delta,LBP_theta,Std_theta,Var_theta,Kur_theta,SE_theta,LBP_alpha,Std_alpha,Var_alpha,Kur_alpha,SE_alpha,LBP_beta,Std_beta,Var_beta,Kur_beta,SE_beta,LBP_gamma,Std_gamma,Var_gamma,Kur_gamma,SE_gamma
-17.979650088931688,0.00012465883679789905,1.553982559180523e-08,2.95579646598154,-0.00042026001226686866,-22.72533358657049,1.1620852186232663e-05,1.3504420553426846e-10,6.362371233746661,-4.633049367786414e-06,-24.512502798292413,4.7552789161019415e-06,2.261267756992366e-11,21.34540717232536,-1.655941179905755e-06,-27.221864752457495,1.227006226691361e-06,1.5055442803393716e-12,1635.1760097733027,-2.0712036849991644e-07,-28.094449625055287,7.931579140441737e-07,6.290994766109049e-13,9764.45870379298,-1.50226251051978e-07
