LBP_delta,Std_delta,Var_delta,Kur_delta,SE_delta,LBP_theta,Std_theta,Var_theta,Kur_theta,SE_theta,LBP_alpha,Std_alpha,Var_alpha,Kur_alpha,SE_alpha,LBP_beta,Std_beta,Var_beta,Kur_beta,SE_beta,LBP_gamma,Std_gamma,Var_gamma,Kur_gamma,SE_gamma
-17.90664884709299,0.00012930552145006273,1.6719917877472635e-08,2.676081108687902,-0.000452772652529625,-22.83932748579063,1.0977235118468911e-05,1.2049969084614718e-10,2.8799383673697427,-4.181894152335882e-06,-24.53984308678925,4.690733238069878e-06,2.2002978310733523e-11,3.054600610389,-1.6393155198048767e-06,-28.419839795735317,6.7407806705483e-07,4.5438124048437585e-13,2.9208253281627257,-7.874534024966333e-08,-33.972750157984954,4.1967299751495824e-08,1.7612542484319013e-15,2.9016020484650995,-7.324117938304117e-10
