LBP_delta,Std_delta,Var_delta,Kur_delta,SE_delta,LBP_theta,Std_theta,Var_theta,Kur_theta,SE_theta,LBP_alpha,Std_alpha,Var_alpha,Kur_alpha,SE_alpha,LBP_beta,Std_beta,Var_beta,Kur_beta,SE_beta,LBP_gamma,Std_gamma,Var_gamma,Kur_gamma,SE_gamma
-17.8401789417567,0.00013367441835167984,1.786885012165992e-08,2.8260829594197623,-0.0004801002533786094,-22.90264800455393,1.0633424370755922e-05,1.1306971384858599e-10,2.87365295209026,-3.939582240968867e-06,-24.522882681013016,4.730681239322871e-06,2.2379344988081372e-11,3.055097429606752,-1.6663757010465983e-06,-28.299987511070995,7.157078366987135e-07,5.122377075119523e-13,3.057857428463696,-8.833014789637333e-08,-33.83877214587977,4.487495042335964e-08,2.0137611754989857e-15,3.0170104886267337,-8.337736121347267e-10
