LBP_delta,Std_delta,Var_delta,Kur_delta,SE_delta,LBP_theta,Std_theta,Var_theta,Kur_theta,SE_theta,LBP_alpha,Std_alpha,Var_alpha,Kur_alpha,SE_alpha,LBP_beta,Std_beta,Var_beta,Kur_beta,SE_beta,LBP_gamma,Std_gamma,Var_gamma,Kur_gamma,SE_gamma
-17.982343992390128,0.0001244818488969283,1.549573070479769e-08,3.047988259908047,-0.0004194590104637723,-22.845824448487864,1.0941138598214164e-05,1.1970851382533182e-10,3.1167373710352204,-4.154843493390805e-06,-24.855855489381938,4.005155014447203e-06,1.6041266689751576e-11,3.83827786495718,-1.2076827184779215e-06,-28.80883400272627,5.54933740877702e-07,3.0795145676452053e-13,3.425708066957034,-5.40064213472811e-08,-34.38288560593452,3.418623344350482e-08,1.1686985570538076e-15,3.388288271418386,-4.913052388549542e-10
