LBP_delta,Std_delta,Var_delta,Kur_delta,SE_delta,LBP_theta,Std_theta,Var_theta,Kur_theta,SE_theta,LBP_alpha,Std_alpha,Var_alpha,Kur_alpha,SE_alpha,LBP_beta,Std_beta,Var_beta,Kur_beta,SE_beta,LBP_gamma,Std_gamma,Var_gamma,Kur_gamma,SE_gamma
-17.986763019761927,0.00012422729420452272,1.5432420625377045e-08,3.4997861999613438,-0.00041595967918602126,-22.662200700161264,1.1993317293216666e-05,1.4383965969576993e-10,3.200566388182733,-4.940415499772585e-06,-23.98857868094082,6.179399867630945e-06,3.8184982724077336e-11,2.9804170943716963,-2.7800762985382302e-06,-27.724821847165707,9.541823476141825e-07,9.104639524985124e-13,3.3010361708888434,-1.534465977374995e-07,-33.254533080163135,6.009936585919764e-08,3.6119337766776914e-15,3.3633426711774406,-1.466129398977371e-09
