LBP_delta,Std_delta,Var_delta,Kur_delta,SE_delta,LBP_theta,Std_theta,Var_theta,Kur_theta,SE_theta,LBP_alpha,Std_alpha,Var_alpha,Kur_alpha,SE_alpha,LBP_beta,Std_beta,Var_beta,Kur_beta,SE_beta,LBP_gamma,Std_gamma,Var_gamma,Kur_gamma,SE_gamma
-18.01700786279672,0.00012236190994684384,1.4972437005839525e-08,3.205999859527773,-0.0004052195116965355,-22.63942907270036,1.213085499896417e-05,1.47157643005894e-10,4.418186468251371,-5.017609326275786e-06,-23.690095890140423,7.173994474790741e-06,5.146619672432808e-11,24.996398629165547,-3.5502386185236133e-06,-27.242701870149737,1.214290084878744e-06,1.474500410234827e-12,36.13604583370666,-2.3384672479568827e-07,-32.74521960440515,7.752930405426962e-08,6.010792987139388e-15,38.78925684752374,-2.3160055516979714e-09
