LBP_delta,Std_delta,Var_delta,Kur_delta,SE_delta,LBP_theta,Std_theta,Var_theta,Kur_theta,SE_theta,LBP_alpha,Std_alpha,Var_alpha,Kur_alpha,SE_alpha,LBP_beta,Std_beta,Var_beta,Kur_beta,SE_beta,LBP_gamma,Std_gamma,Var_gamma,Kur_gamma,SE_gamma
-17.769229725418313,0.00013850180345920034,1.918274956145096e-08,3.369104546412,-0.0005115634475745007,-22.91398495621416,1.0573564067085475e-05,1.1180025708076112e-10,3.1541182139121053,-3.886072114395003e-06,-24.537716199027763,4.695723943245408e-06,2.204982335116821e-11,3.2237950199351357,-1.6411068200962382e-06,-28.299883029381327,7.15744382845572e-07,5.122900215749886e-13,5.374151404668288,-8.789711197882123e-08,-31.504405319248065,1.4417573565266345e-07,2.0786642750986687e-14,5604.179716217185,-6.232101362187642e-09
