LBP_delta,Std_delta,Var_delta,Kur_delta,SE_delta,LBP_theta,Std_theta,Var_theta,Kur_theta,SE_theta,LBP_alpha,Std_alpha,Var_alpha,Kur_alpha,SE_alpha,LBP_beta,Std_beta,Var_beta,Kur_beta,SE_beta,LBP_gamma,Std_gamma,Var_gamma,Kur_gamma,SE_gamma
-17.88611970879005,0.00013063700590254827,1.7066027311182432e-08,2.623260412495707,-0.00046109873393163347,-22.543649333627805,1.272461702505095e-05,1.6191587843421648e-10,3.599325927727676,-5.528091036846654e-06,-23.697083606211578,7.14897313866608e-06,5.110781693736914e-11,5.562416888173412,-3.6486280778065695e-06,-27.35830738192654,1.1460908171829646e-06,1.3135241612311155e-12,4.231299843943522,-2.1806577691746704e-07,-32.87771080092687,7.25597552439982e-08,5.264918081068923e-15,4.122183643667619,-2.1112431853405088e-09
