LBP_delta,Std_delta,Var_delta,Kur_delta,SE_delta,LBP_theta,Std_theta,Var_theta,Kur_theta,SE_theta,LBP_alpha,Std_alpha,Var_alpha,Kur_alpha,SE_alpha,LBP_beta,Std_beta,Var_beta,Kur_beta,SE_beta,LBP_gamma,Std_gamma,Var_gamma,Kur_gamma,SE_gamma
-17.853164444936795,0.00013281101768803267,1.7638766419330928e-08,2.9527229893853835,-0.00047370293306118853,-22.840439197356066,1.0968710065638663e-05,1.2031260050404292e-10,3.1075509438771185,-4.170675463674827e-06,-24.578234635341133,4.60155016254291e-06,2.1174263898398684e-11,2.9869451276547836,-1.5814937497804753e-06,-28.355804446211405,6.96009710788663e-07,4.844295175121184e-13,2.888237766795664,-8.378391231976381e-08,-33.90490331095473,4.341539845544163e-08,1.8848968230447634e-15,2.855552975889186,-7.825753962170822e-10
