LBP_delta,Std_delta,Var_delta,Kur_delta,SE_delta,LBP_theta,Std_theta,Var_theta,Kur_theta,SE_theta,LBP_alpha,Std_alpha,Var_alpha,Kur_alpha,SE_alpha,LBP_beta,Std_beta,Var_beta,Kur_beta,SE_beta,LBP_gamma,Std_gamma,Var_gamma,Kur_gamma,SE_gamma
-17.98173484211456,0.00012453763221432452,1.5509621837550357e-08,2.718455026673927,-0.00042090998842242335,-22.751869235736716,1.1467691355218275e-05,1.3150794501854794e-10,3.1002745084290924,-4.542857895542286e-06,-24.065339330659977,5.946724666683218e-06,3.5363534261338634e-11,2.946170478933122,-2.584552668258799e-06,-27.78214179243391,9.272236786352197e-07,8.597437502218291e-13,3.0511205864069795,-1.4545029557497502e-07,-33.317007975348815,5.825102334848534e-08,3.3931817211457847e-15,3.0263918818424287,-1.382462776953961e-09
