LBP_delta,Std_delta,Var_delta,Kur_delta,SE_delta,LBP_theta,Std_theta,Var_theta,Kur_theta,SE_theta,LBP_alpha,Std_alpha,Var_alpha,Kur_alpha,SE_alpha,LBP_beta,Std_beta,Var_beta,Kur_beta,SE_beta,LBP_gamma,Std_gamma,Var_gamma,Kur_gamma,SE_gamma
-17.584915930933203,0.00015186994465896098,2.3064480090715873e-08,3.2172224380493404,-0.0006086807648624359,-23.006521090919833,1.0096101385894571e-05,1.0193126319426228e-10,3.2286634217919685,-3.5574586813570627e-06,-24.668449567581952,4.3985940363075785e-06,1.934762949624059e-11,2.8504393362236407,-1.4518447134705858e-06,-28.56072184613095,6.282290827203896e-07,3.946717803757021e-13,3.5577154765522963,-6.858780792324947e-08,-34.1272714698622,3.884697069867162e-08,1.5090871324634514e-15,3.4300099013404104,-6.29438619600237e-10
