LBP_delta,Std_delta,Var_delta,Kur_delta,SE_delta,LBP_theta,Std_theta,Var_theta,Kur_theta,SE_theta,LBP_alpha,Std_alpha,Var_alpha,Kur_alpha,SE_alpha,LBP_beta,Std_beta,Var_beta,Kur_beta,SE_beta,LBP_gamma,Std_gamma,Var_gamma,Kur_gamma,SE_gamma
-17.808352895060253,0.00013579857830571488,1.8441253869853375e-08,2.6694836392602848,-0.0004961144268845955,-22.932994153051425,1.047354872126244e-05,1.0969522281665806e-10,3.2774619542332415,-3.813442128004946e-06,-24.71505993434975,4.29727274312657e-06,1.8466553028818555e-11,2.9547488520813556,-1.386742429817262e-06,-28.534145385150627,6.366328681581742e-07,4.053014088193031e-13,3.0326306625198054,-7.046363897254496e-08,-34.07076495424074,3.9960175555484056e-08,1.5968156304251053e-15,3.0669013427794147,-6.653104702531482e-10
