LBP_delta,Std_delta,Var_delta,Kur_delta,SE_delta,LBP_theta,Std_theta,Var_theta,Kur_theta,SE_theta,LBP_alpha,Std_alpha,Var_alpha,Kur_alpha,SE_alpha,LBP_beta,Std_beta,Var_beta,Kur_beta,SE_beta,LBP_gamma,Std_gamma,Var_gamma,Kur_gamma,SE_gamma
-17.98101212968082,0.00012457919126828557,1.5519974897060077e-08,3.402389940915641,-0.0004192297170126284,-23.045698405120806,9.901206821338685e-06,9.80338965189237e-11,2.9146901297822567,-3.433794952212112e-06,-24.813694404493802,4.0904807459914e-06,1.673203273332636e-11,2.9244554911809764,-1.2623788870936729e-06,-28.689832209928042,5.889546351489662e-07,3.4686756226345186e-13,3.4307104751496387,-6.060409318822235e-08,-34.259569431684994,3.636043093336608e-08,1.322080937660085e-15,3.121037017289411,-5.542445655741418e-10
