LBP_delta,Std_delta,Var_delta,Kur_delta,SE_delta,LBP_theta,Std_theta,Var_theta,Kur_theta,SE_theta,LBP_alpha,Std_alpha,Var_alpha,Kur_alpha,SE_alpha,LBP_beta,Std_beta,Var_beta,Kur_beta,SE_beta,LBP_gamma,Std_gamma,Var_gamma,Kur_gamma,SE_gamma
-17.820150820326855,0.00013491664995312182,1.820250243457321e-08,3.133545107581298,-0.0004882394276763025,-22.971669473233376,1.0273869843945307e-05,1.0555240157032878e-10,3.1021702544169436,-3.6799767308733054e-06,-24.95712616229984,3.8074026624734316e-06,1.4496315034209775e-11,3.1540528127826946,-1.0989152718153526e-06,-28.614747266502732,6.114859483561878e-07,3.739150650370663e-13,169.10597989944242,-6.268146922122104e-08,-30.61924310594923,2.2444260706674442e-07,5.0374483866917037e-14,9009.470590476903,-1.383990807733558e-08
