LBP_delta,Std_delta,Var_delta,Kur_delta,SE_delta,LBP_theta,Std_theta,Var_theta,Kur_theta,SE_theta,LBP_alpha,Std_alpha,Var_alpha,Kur_alpha,SE_alpha,LBP_beta,Std_beta,Var_beta,Kur_beta,SE_beta,LBP_gamma,Std_gamma,Var_gamma,Kur_gamma,SE_gamma
-17.679453086696988,0.0001448541309076962,2.098271924102399e-08,2.9214346427553597,-0.0005588850268719795,-22.977445263249244,1.0244298615618497e-05,1.0494565412596305e-10,2.9928597141384428,-3.6598395536328927e-06,-24.73580428804851,4.252926229978752e-06,1.808738151764128e-11,3.1515161515800076,-1.3579549142486593e-06,-28.568125883719503,6.259075352822798e-07,3.9176024272313835e-13,3.465750596816472,-6.811418696689921e-08,-34.125753949191626,3.8876457034342375e-08,1.5113789115430686e-15,3.266652691290851,-6.306016396728367e-10
