LBP_delta,Std_delta,Var_delta,Kur_delta,SE_delta,LBP_theta,Std_theta,Var_theta,Kur_theta,SE_theta,LBP_alpha,Std_alpha,Var_alpha,Kur_alpha,SE_alpha,LBP_beta,Std_beta,Var_beta,Kur_beta,SE_beta,LBP_gamma,Std_gamma,Var_gamma,Kur_gamma,SE_gamma
-17.872651846449635,0.0001315195543799663,1.7297393184304915e-08,3.2106451970026315,-0.0004641955496451217,-22.994704095726476,1.0156853761338869e-05,1.0316167832922351e-10,3.119395120051035,-3.6032666108697738e-06,-24.77161279844774,4.1774629648371186e-06,1.7451196822585728e-11,3.158829643785058,-1.3121494735497014e-06,-28.664540852575833,5.96449956687451e-07,3.557525508324621e-13,3.028970287601208,-6.215593526565723e-08,-34.21985169194363,3.708972428704569e-08,1.3756476476890667e-15,3.0085625816034622,-5.759554857752093e-10
