LBP_delta,Std_delta,Var_delta,Kur_delta,SE_delta,LBP_theta,Std_theta,Var_theta,Kur_theta,SE_theta,LBP_alpha,Std_alpha,Var_alpha,Kur_alpha,SE_alpha,LBP_beta,Std_beta,Var_beta,Kur_beta,SE_beta,LBP_gamma,Std_gamma,Var_gamma,Kur_gamma,SE_gamma
-18.299430543099202,0.00010613089878762577,1.1263767677469267e-08,3.078983904711571,-0.00031058681876418835,-22.912040885972715,1.0583940854721535e-05,1.1201980401624361e-10,3.2873886288188063,-3.891739795707164e-06,-24.837840032895762,4.041393738102391e-06,1.6332863346373214e-11,3.6452434621750998,-1.2312485695144836e-06,-28.814780364219903,5.532861635993105e-07,3.06125578830443e-13,3.3363110442217603,-5.3711181993389896e-08,-34.37810979222359,3.4267964562424875e-08,1.1742933952516072e-15,3.2449905174659803,-4.936724685614111e-10
