LBP_delta,Std_delta,Var_delta,Kur_delta,SE_delta,LBP_theta,Std_theta,Var_theta,Kur_theta,SE_theta,LBP_alpha,Std_alpha,Var_alpha,Kur_alpha,SE_alpha,LBP_beta,Std_beta,Var_beta,Kur_beta,SE_beta,LBP_gamma,Std_gamma,Var_gamma,Kur_gamma,SE_gamma
-17.998902729214556,0.00012347738981899749,1.5246665796512663e-08,2.835594130154887,-0.0004135790578464987,-22.749100991808,1.1484028493378466e-05,1.3188291043672846e-10,2.932842905677656,-4.559371555687715e-06,-24.383548519313912,5.0720043450692906e-06,2.572522807640176e-11,2.964209863707523,-1.9058193552064067e-06,-28.179762350107872,7.600503068713219e-07,5.776764689751906e-13,2.952168092114662,-9.919755708386991e-08,-33.71749320868292,4.7680342278356894e-08,2.273415039781268e-15,2.945012114501081,-9.378500035439722e-10
