LBP_delta,Std_delta,Var_delta,Kur_delta,SE_delta,LBP_theta,Std_theta,Var_theta,Kur_theta,SE_theta,LBP_alpha,Std_alpha,Var_alpha,Kur_alpha,SE_alpha,LBP_beta,Std_beta,Var_beta,Kur_beta,SE_beta,LBP_gamma,Std_gamma,Var_gamma,Kur_gamma,SE_gamma
-18.10516363671303,0.00011708530737208206,1.3708969202414935e-08,2.843670601018489,-0.00037454081946423977,-22.789032777033153,1.1256256662438741e-05,1.2670331405069656e-10,3.2265823457423592,-4.378841242437874e-06,-24.820947329273388,4.075675953972789e-06,1.6611134481792004e-11,3.8459717110381297,-1.2490322668220698e-06,-28.81825505640016,5.523259130028584e-07,3.0506391417444106e-13,3.630188615328662,-5.351238744887219e-08,-34.38667145883223,3.412158252785361e-08,1.1642823942051246e-15,3.633025268781277,-4.893195122219333e-10
