LBP_delta,Std_delta,Var_delta,Kur_delta,SE_delta,LBP_theta,Std_theta,Var_theta,Kur_theta,SE_theta,LBP_alpha,Std_alpha,Var_alpha,Kur_alpha,SE_alpha,LBP_beta,Std_beta,Var_beta,Kur_beta,SE_beta,LBP_gamma,Std_gamma,Var_gamma,Kur_gamma,SE_gamma
-18.040794997214192,0.0001209159631737622,1.4620670150238616e-08,2.9234371442932896,-0.00039705580935682944,-22.865238251294418,1.0836029648008333e-05,1.1741953853251559e-10,3.155719312183508,-4.073923936754703e-06,-24.49221599654222,4.803772781563102e-06,2.3076232936886503e-11,3.317394051376056,-1.7138197130267131e-06,-28.322356696675435,7.077473635195778e-07,5.009063305689134e-13,3.135011038085687,-8.638401976697833e-08,-33.86022419193374,4.439619318328433e-08,1.9710219691675023e-15,3.122691160365212,-8.158598961604471e-10
