LBP_delta,Std_delta,Var_delta,Kur_delta,SE_delta,LBP_theta,Std_theta,Var_theta,Kur_theta,SE_theta,LBP_alpha,Std_alpha,Var_alpha,Kur_alpha,SE_alpha,LBP_beta,Std_beta,Var_beta,Kur_beta,SE_beta,LBP_gamma,Std_gamma,Var_gamma,Kur_gamma,SE_gamma
-17.894693536369054,0.00013004351035372175,1.691131458511854e-08,3.0138782188722257,-0.0004554593340960393,-22.733357317359342,1.1574654662539505e-05,1.339726305570475e-10,3.0526323053615116,-4.621236855370363e-06,-24.681456890109644,4.3700813175103846e-06,1.9097610721653302e-11,2.963531684134161,-1.4327606585048764e-06,-28.615036033093975,6.113976652591376e-07,3.7380710508432455e-13,3.0468353718170427,-6.518836134731044e-08,-34.172114764351825,3.798564823813803e-08,1.4429094720715591e-15,3.013831449762935,-6.033017489420049e-10
