LBP_delta,Std_delta,Var_delta,Kur_delta,SE_delta,LBP_theta,Std_theta,Var_theta,Kur_theta,SE_theta,LBP_alpha,Std_alpha,Var_alpha,Kur_alpha,SE_alpha,LBP_beta,Std_beta,Var_beta,Kur_beta,SE_beta,LBP_gamma,Std_gamma,Var_gamma,Kur_gamma,SE_gamma
-17.99798363483395,0.00012350001041578335,1.5252252572698594e-08,2.812194169841056,-0.0004141412665148631,-22.7888995269384,1.1255986596015782e-05,1.2669723424968695e-10,3.039185424777151,-4.385384588354725e-06,-24.748619173538753,4.225766808863439e-06,1.7857105122891897e-11,3.1244237598685696,-1.3410799862525266e-06,-28.674464738175764,5.934976983886691e-07,3.522395179926477e-13,2.9831982173328377,-6.15760656646745e-08,-34.23401384316833,3.6828017552299276e-08,1.3563028768324636e-15,2.9339454482206704,-5.683359577999954e-10
