LBP_delta,Std_delta,Var_delta,Kur_delta,SE_delta,LBP_theta,Std_theta,Var_theta,Kur_theta,SE_theta,LBP_alpha,Std_alpha,Var_alpha,Kur_alpha,SE_alpha,LBP_beta,Std_beta,Var_beta,Kur_beta,SE_beta,LBP_gamma,Std_gamma,Var_gamma,Kur_gamma,SE_gamma
-17.815840110242025,0.0001352881765484501,1.8302890713804607e-08,3.2225191014903025,-0.0004892004805378124,-22.83323466018338,1.1009422296292994e-05,1.2120737929811331e-10,3.192220368326527,-4.196262776198616e-06,-24.721317761703308,4.2838468291043815e-06,1.8351343655227667e-11,2.9264582461398185,-1.3791460884765614e-06,-28.686255823875513,5.900090787458909e-07,3.481107130025749e-13,3.0494344216638387,-6.087783440254752e-08,-34.2537249396214,3.6466840281607545e-08,1.3298304401242749e-15,3.034876108949908,-5.574357589655021e-10
