LBP_delta,Std_delta,Var_delta,Kur_delta,SE_delta,LBP_theta,Std_theta,Var_theta,Kur_theta,SE_theta,LBP_alpha,Std_alpha,Var_alpha,Kur_alpha,SE_alpha,LBP_beta,Std_beta,Var_beta,Kur_beta,SE_beta,LBP_gamma,Std_gamma,Var_gamma,Kur_gamma,SE_gamma
-17.996841458027582,0.00012358513280594558,1.5273285050663207e-08,2.8018405009779785,-0.00041474333687821637,-22.934734192038338,1.0456203872887415e-05,1.0933219943138579e-10,3.002367380460426,-3.815212733878287e-06,-24.886614425831077,3.944027449032029e-06,1.5555352518718094e-11,2.831997215818625,-1.1782158148245211e-06,-28.72898805566209,5.775365008720342e-07,3.3354840983951323e-13,3.472774205165917,-5.8383768845696045e-08,-34.30540338625238,3.5536635203534714e-08,1.2628524415891029e-15,3.2716148525358966,-5.301634408352847e-10
