LBP_delta,Std_delta,Var_delta,Kur_delta,SE_delta,LBP_theta,Std_theta,Var_theta,Kur_theta,SE_theta,LBP_alpha,Std_alpha,Var_alpha,Kur_alpha,SE_alpha,LBP_beta,Std_beta,Var_beta,Kur_beta,SE_beta,LBP_gamma,Std_gamma,Var_gamma,Kur_gamma,SE_gamma
-17.93225826396811,0.00012766139483157214,1.629743173034255e-08,3.4020768081154613,-0.00043779065608012173,-22.89100650733255,1.0697469451224894e-05,1.1443585265988983e-10,3.1701918957180792,-3.9736960648438564e-06,-24.802900952215364,4.112618141344227e-06,1.6913627976513645e-11,2.9052053009023173,-1.2762753737967098e-06,-28.68253563826221,5.911075719349407e-07,3.4940816159882103e-13,3.016710859373051,-6.109233766305295e-08,-34.24483445465339,3.662930494940139e-08,1.3417059810762416e-15,3.0538068385514596,-5.622201710627413e-10
