LBP_delta,Std_delta,Var_delta,Kur_delta,SE_delta,LBP_theta,Std_theta,Var_theta,Kur_theta,SE_theta,LBP_alpha,Std_alpha,Var_alpha,Kur_alpha,SE_alpha,LBP_beta,Std_beta,Var_beta,Kur_beta,SE_beta,LBP_gamma,Std_gamma,Var_gamma,Kur_gamma,SE_gamma
-18.13394444030524,0.00011541535189935086,1.3320703454050993e-08,2.6667914358978857,-0.0003650707427626716,-22.890020248543696,1.0699047975617535e-05,1.1446962758456569e-10,3.069070440870183,-3.98027943904328e-06,-24.795847965936705,4.127147805328061e-06,1.7033349007024236e-11,3.248194897627075,-1.2810129630167533e-06,-28.663189484032863,5.968531447870807e-07,3.562336764422279e-13,3.162957569219121,-6.218109031061956e-08,-34.214245557128415,3.719383410847892e-08,1.3833812956890499e-15,3.2000435867320967,-5.785988048387539e-10
