LBP_delta,Std_delta,Var_delta,Kur_delta,SE_delta,LBP_theta,Std_theta,Var_theta,Kur_theta,SE_theta,LBP_alpha,Std_alpha,Var_alpha,Kur_alpha,SE_alpha,LBP_beta,Std_beta,Var_beta,Kur_beta,SE_beta,LBP_gamma,Std_gamma,Var_gamma,Kur_gamma,SE_gamma
-17.8574696552366,0.00013252070887913758,1.7561738281829138e-08,2.8648461763834816,-0.00047241251259532775,-22.7363880006696,1.1556249578313766e-05,1.335469043162771e-10,3.1508663395531493,-4.605549851607001e-06,-24.61809080078842,4.510756704355031e-06,2.034692604588386e-11,17.38445440680307,-1.4899748585320495e-06,-28.53455053274724,6.365038881678833e-07,4.051371996528332e-13,18.77637558463382,-6.904278990132438e-08,-34.086110256813974,3.9654748681338876e-08,1.572499092980147e-15,19.591178528237712,-6.442642106420105e-10
