LBP_delta,Std_delta,Var_delta,Kur_delta,SE_delta,LBP_theta,Std_theta,Var_theta,Kur_theta,SE_theta,LBP_alpha,Std_alpha,Var_alpha,Kur_alpha,SE_alpha,LBP_beta,Std_beta,Var_beta,Kur_beta,SE_beta,LBP_gamma,Std_gamma,Var_gamma,Kur_gamma,SE_gamma
-17.739076563987233,0.00014059006109727907,1.9765565279336663e-08,2.8439715016740283,-0.000528132840011292,-22.817526999376188,1.109669873899385e-05,1.231367229039877e-10,20.764406514328957,-4.161706846594287e-06,-24.489060567873334,4.811331381047884e-06,2.3148909658256136e-11,170.90355981522285,-1.6303220571452329e-06,-27.905350789067136,8.718249700668914e-07,7.600787784321361e-13,703.8467776548961,-1.1576395937448182e-07,-28.034248860057964,8.173820276343527e-07,6.681133790996458e-13,6598.582349142458,-1.6489046585719838e-07
