LBP_delta,Std_delta,Var_delta,Kur_delta,SE_delta,LBP_theta,Std_theta,Var_theta,Kur_theta,SE_theta,LBP_alpha,Std_alpha,Var_alpha,Kur_alpha,SE_alpha,LBP_beta,Std_beta,Var_beta,Kur_beta,SE_beta,LBP_gamma,Std_gamma,Var_gamma,Kur_gamma,SE_gamma
-17.999966915229702,0.00012340916636651464,1.5229822343278086e-08,2.6329979316230365,-0.0004146316325437013,-22.947022210667345,1.0402008846017973e-05,1.0820178803263618e-10,3.1093702470453537,-3.769652247268194e-06,-24.80656253912586,4.105096271678322e-06,1.685181539974726e-11,3.1685027796701455,-1.269105753241782e-06,-28.657460264331895,5.985653412559592e-07,3.5828046775286283e-13,3.2685663334576613,-6.249940947690301e-08,-34.205925818394185,3.7348880001157795e-08,1.394938837340885e-15,3.2981603674709756,-5.831720898404225e-10
