LBP_delta,Std_delta,Var_delta,Kur_delta,SE_delta,LBP_theta,Std_theta,Var_theta,Kur_theta,SE_theta,LBP_alpha,Std_alpha,Var_alpha,Kur_alpha,SE_alpha,LBP_beta,Std_beta,Var_beta,Kur_beta,SE_beta,LBP_gamma,Std_gamma,Var_gamma,Kur_gamma,SE_gamma
-17.83075241795249,0.0001342975104344467,1.803582130889032e-08,2.831386261184738,-0.00048478236243199024,-23.022462072268592,1.0015608953232696e-05,1.0031242270407496e-10,3.404843087971256,-3.5017542254334737e-06,-24.84653140728301,4.0238723604378045e-06,1.619154877309531e-11,2.997405527065425,-1.2225442789135687e-06,-28.720651106351852,5.799490661772396e-07,3.3634091935985217e-13,2.9337902281890136,-5.890745558491677e-08,-34.27417047250202,3.60959461345766e-08,1.3029173273502552e-15,2.943804250097354,-5.465714561853997e-10
