LBP_delta,Std_delta,Var_delta,Kur_delta,SE_delta,LBP_theta,Std_theta,Var_theta,Kur_theta,SE_theta,LBP_alpha,Std_alpha,Var_alpha,Kur_alpha,SE_alpha,LBP_beta,Std_beta,Var_beta,Kur_beta,SE_beta,LBP_gamma,Std_gamma,Var_gamma,Kur_gamma,SE_gamma
-17.835772455720555,0.0001338278212916654,1.790988575167393e-08,4.060962733629367,-0.000476011316975945,-22.434543958262346,1.3438691366135009e-05,1.805984256342316e-10,65.28866835510003,-5.758613113206024e-06,-23.817450802909818,6.7314127795545155e-06,4.531191800874985e-11,152.22335969022112,-2.9596018788999503e-06,-27.262015124605572,1.2026205775529255e-06,1.4462962535537322e-12,190.57816227324062,-2.1528296114340305e-07,-32.743692570563596,7.75885256777492e-08,6.019979316846747e-15,174.29441241017454,-2.2023799095952694e-09
