LBP_delta,Std_delta,Var_delta,Kur_delta,SE_delta,LBP_theta,Std_theta,Var_theta,Kur_theta,SE_theta,LBP_alpha,Std_alpha,Var_alpha,Kur_alpha,SE_alpha,LBP_beta,Std_beta,Var_beta,Kur_beta,SE_beta,LBP_gamma,Std_gamma,Var_gamma,Kur_gamma,SE_gamma
-17.882532130487604,0.00013083804238435428,1.7118593334970086e-08,2.7655841633152396,-0.0004616013172779275,-22.87572152130075,1.0779406835849688e-05,1.1619561173276298e-10,3.641587589086404,-4.020758232386311e-06,-24.70765908838634,4.313187631222222e-06,1.860358754212836e-11,7.549670191272871,-1.3844084165555556e-06,-28.104821509887337,7.890694119271058e-07,6.226305368389885e-13,233.59879763115973,-9.963766975480625e-08,-29.525133904956466,3.878729007083131e-07,1.5044538710388092e-13,4277.35260152421,-4.047865917445822e-08
