LBP_delta,Std_delta,Var_delta,Kur_delta,SE_delta,LBP_theta,Std_theta,Var_theta,Kur_theta,SE_theta,LBP_alpha,Std_alpha,Var_alpha,Kur_alpha,SE_alpha,LBP_beta,Std_beta,Var_beta,Kur_beta,SE_beta,LBP_gamma,Std_gamma,Var_gamma,Kur_gamma,SE_gamma
-17.967970262622607,0.00012527981438275161,1.5695031891776698e-08,2.9235617207878444,-0.00042506795045418584,-22.833370012175493,1.100702454917501e-05,1.2115458942614132e-10,7.076814233868616,-4.1705114504306256e-06,-24.563169263777247,4.636311805636926e-06,2.1495387159088335e-11,55.03462591618514,-1.5594693808665667e-06,-28.166751841019092,7.650101309271339e-07,5.852405004211505e-13,307.7747933249003,-9.417938100560307e-08,-28.85122405548144,5.43279520100127e-07,2.9515263696022433e-13,7916.108189971176,-7.462014358553837e-08
