LBP_delta,Std_delta,Var_delta,Kur_delta,SE_delta,LBP_theta,Std_theta,Var_theta,Kur_theta,SE_theta,LBP_alpha,Std_alpha,Var_alpha,Kur_alpha,SE_alpha,LBP_beta,Std_beta,Var_beta,Kur_beta,SE_beta,LBP_gamma,Std_gamma,Var_gamma,Kur_gamma,SE_gamma
-17.837593117415096,0.00013375375160109353,1.7890066067367033e-08,3.1962027500486396,-0.0004797784650279076,-23.05135396343281,9.870932479586609e-06,9.743530801655784e-11,2.9854808689524255,-3.415947659342024e-06,-24.962417940990004,3.797340484579299e-06,1.4419794755824946e-11,3.081740780976228,-1.0932696441096113e-06,-28.872753943097585,5.374785390742378e-07,2.88883179965377e-13,3.4748902387761498,-5.079101943889877e-08,-33.18022391105057,6.237352361560891e-08,3.890456448226922e-15,5037.719634183713,-1.317780715296006e-09
