LBP_delta,Std_delta,Var_delta,Kur_delta,SE_delta,LBP_theta,Std_theta,Var_theta,Kur_theta,SE_theta,LBP_alpha,Std_alpha,Var_alpha,Kur_alpha,SE_alpha,LBP_beta,Std_beta,Var_beta,Kur_beta,SE_beta,LBP_gamma,Std_gamma,Var_gamma,Kur_gamma,SE_gamma
-17.983469383090398,0.00012442886896359983,1.54825434315607e-08,3.2938481384101035,-0.00041765123311243105,-22.955287733578327,1.0358202558892282e-05,1.072923602510426e-10,3.128632626146519,-3.7406274640631276e-06,-24.995589988960063,3.73487949979679e-06,1.394932487800232e-11,2.8371446665984825,-1.0610618495122486e-06,-28.895241061142407,5.314692207340696e-07,2.8245953258767926e-13,2.980450282233944,-4.976723050918445e-08,-34.45799946717972,3.292611460725756e-08,1.0841290231302595e-15,3.0466406973268816,-4.5712007824544866e-10
