LBP_delta,Std_delta,Var_delta,Kur_delta,SE_delta,LBP_theta,Std_theta,Var_theta,Kur_theta,SE_theta,LBP_alpha,Std_alpha,Var_alpha,Kur_alpha,SE_alpha,LBP_beta,Std_beta,Var_beta,Kur_beta,SE_beta,LBP_gamma,Std_gamma,Var_gamma,Kur_gamma,SE_gamma
-17.91177240241312,0.00012897352511123924,1.6634170179619457e-08,3.048694008759748,-0.00044785734746136444,-22.70384682604371,1.1746858088136222e-05,1.3798867494281137e-10,9.496766747136341,-4.704088129531898e-06,-23.996869826190487,6.153836101441978e-06,3.7869698763410604e-11,39.563098238929754,-2.604012738255654e-06,-27.82281954178721,9.085555748158453e-07,8.25473232528951e-13,32.58630620494289,-1.3383326129472244e-07,-33.3465158664567,5.739791017640462e-08,3.294520092618613e-15,31.665452755521056,-1.2956642267048512e-09
