LBP_delta,Std_delta,Var_delta,Kur_delta,SE_delta,LBP_theta,Std_theta,Var_theta,Kur_theta,SE_theta,LBP_alpha,Std_alpha,Var_alpha,Kur_alpha,SE_alpha,LBP_beta,Std_beta,Var_beta,Kur_beta,SE_beta,LBP_gamma,Std_gamma,Var_gamma,Kur_gamma,SE_gamma
-17.673547382722077,0.0001452897959801799,2.11091248159623e-08,2.948552003119933,-0.0005615979294127914,-22.96168729692113,1.0325974686540996e-05,1.0662575322708544e-10,2.9323417838439223,-3.721232508189754e-06,-24.963015408462017,3.7962083204888294e-06,1.4411197612548619e-11,3.004348007731565,-1.093361873916062e-06,-28.844746949203667,5.450578750345367e-07,2.970880871371646e-13,3.5753116143186117,-5.2138644464714323e-08,-34.41183182768926,3.369501536648235e-08,1.1353540605474818e-15,3.5124188155168032,-4.775217762914795e-10
