LBP_delta,Std_delta,Var_delta,Kur_delta,SE_delta,LBP_theta,Std_theta,Var_theta,Kur_theta,SE_theta,LBP_alpha,Std_alpha,Var_alpha,Kur_alpha,SE_alpha,LBP_beta,Std_beta,Var_beta,Kur_beta,SE_beta,LBP_gamma,Std_gamma,Var_gamma,Kur_gamma,SE_gamma
-17.66093823350636,0.00014615958566483226,2.136262448171544e-08,2.8741990383128417,-0.0005675408331281559,-22.93277828450263,1.0476357667639305e-05,1.0975406998030486e-10,3.227519472423873,-3.820537077573989e-06,-24.895621925170598,3.926308139525851e-06,1.5415895606506948e-11,3.9285550976094483,-1.1623711046273879e-06,-28.78241015951285,5.623141623812777e-07,3.16197217214558e-13,4.206590470886734,-5.527166982342656e-08,-34.34738637288677,3.4798443208538245e-08,1.2109316497378616e-15,4.18033617671992,-5.073430855881397e-10
