LBP_delta,Std_delta,Var_delta,Kur_delta,SE_delta,LBP_theta,Std_theta,Var_theta,Kur_theta,SE_theta,LBP_alpha,Std_alpha,Var_alpha,Kur_alpha,SE_alpha,LBP_beta,Std_beta,Var_beta,Kur_beta,SE_beta,LBP_gamma,Std_gamma,Var_gamma,Kur_gamma,SE_gamma
-17.736486290475867,0.00014078933915463197,1.982163801959799e-08,3.073151557196084,-0.0005278666351102259,-22.918574700171288,1.0550900714110726e-05,1.1132150587902222e-10,3.0447138752342098,-3.875861377844155e-06,-24.829451425885306,4.058383838793218e-06,1.6470479382977978e-11,3.716758238794439,-1.2378068231785636e-06,-28.724916722894264,5.787134479031793e-07,3.349092547839858e-13,3.6339116236156586,-5.8513618979895525e-08,-34.269445308632534,3.618132762109165e-08,1.3090884684247696e-15,3.6498406613631986,-5.479399724468429e-10
