LBP_delta,Std_delta,Var_delta,Kur_delta,SE_delta,LBP_theta,Std_theta,Var_theta,Kur_theta,SE_theta,LBP_alpha,Std_alpha,Var_alpha,Kur_alpha,SE_alpha,LBP_beta,Std_beta,Var_beta,Kur_beta,SE_beta,LBP_gamma,Std_gamma,Var_gamma,Kur_gamma,SE_gamma
-17.882585654071335,0.00013086712904080092,1.712620546338164e-08,3.121302257749987,-0.00046098511321055006,-22.89656869775282,1.0667166800229419e-05,1.1378844754391673e-10,3.121569649314327,-3.953019387460777e-06,-24.96153691181851,3.7990155574898696e-06,1.4432519206050066e-11,3.1607810351316314,-1.0936130292902379e-06,-28.952748306287816,5.164051522382638e-07,2.666742812582244e-13,3.0844892337779557,-4.7043329465357845e-08,-34.51914914302896,3.193463843729958e-08,1.0198211321210516e-15,3.1154675545386246,-4.305015026332705e-10
