LBP_delta,Std_delta,Var_delta,Kur_delta,SE_delta,LBP_theta,Std_theta,Var_theta,Kur_theta,SE_theta,LBP_alpha,Std_alpha,Var_alpha,Kur_alpha,SE_alpha,LBP_beta,Std_beta,Var_beta,Kur_beta,SE_beta,LBP_gamma,Std_gamma,Var_gamma,Kur_gamma,SE_gamma
-17.933930262112046,0.00012755454062727983,1.627016083463638e-08,3.4965971732735963,-0.0004379488233575815,-22.95132190531616,1.0379611209149583e-05,1.0773632885310367e-10,2.9603976332068687,-3.7567199702759364e-06,-24.831577180620695,4.054072446642962e-06,1.643550340262965e-11,3.633090142517186,-1.2368448516276073e-06,-28.683465958917527,5.908325812216779e-07,3.4908313903307057e-13,4.053739217517489,-6.081531722274736e-08,-34.23756024116202,3.676277225370411e-08,1.351501423777717e-15,4.1570129937680935,-5.644023448441797e-10
