LBP_delta,Std_delta,Var_delta,Kur_delta,SE_delta,LBP_theta,Std_theta,Var_theta,Kur_theta,SE_theta,LBP_alpha,Std_alpha,Var_alpha,Kur_alpha,SE_alpha,LBP_beta,Std_beta,Var_beta,Kur_beta,SE_beta,LBP_gamma,Std_gamma,Var_gamma,Kur_gamma,SE_gamma
-17.631438193059317,0.00014838219870227175,2.2017276891720457e-08,2.7699606391160567,-0.0005844143145437326,-22.8273088871022,1.1042423995836362e-05,1.219351277038227e-10,3.0571767213243617,-4.2287941558520916e-06,-24.920154812778147,3.87843973951077e-06,1.5042294813016366e-11,2.9195926414350613,-1.1395160586203346e-06,-28.868532480913515,5.386140952280482e-07,2.9010514357832896e-13,3.8054613003475297,-5.095670757984721e-08,-34.45940857220705,3.290292292940946e-08,1.0826023372986587e-15,3.7312584529317756,-4.5598304566655944e-10
