LBP_delta,Std_delta,Var_delta,Kur_delta,SE_delta,LBP_theta,Std_theta,Var_theta,Kur_theta,SE_theta,LBP_alpha,Std_alpha,Var_alpha,Kur_alpha,SE_alpha,LBP_beta,Std_beta,Var_beta,Kur_beta,SE_beta,LBP_gamma,Std_gamma,Var_gamma,Kur_gamma,SE_gamma
-17.84928101095057,0.00013306246160665127,1.7705618688821543e-08,3.16599559533575,-0.00047503614781704433,-22.717157996383182,1.1668203678242982e-05,1.3614697707696305e-10,3.1446173540148705,-4.693219823821597e-06,-24.77876521933293,4.162549858222519e-06,1.7326821322188312e-11,2.9993665062207118,-1.3044474714499415e-06,-28.76992957740593,5.658341685754947e-07,3.2016830632752134e-13,3.0485495225665917,-5.6140045783614965e-08,-34.348052074390715,3.4786862173685424e-08,1.210125779890986e-15,3.0373218378378795,-5.085583530446005e-10
