LBP_delta,Std_delta,Var_delta,Kur_delta,SE_delta,LBP_theta,Std_theta,Var_theta,Kur_theta,SE_theta,LBP_alpha,Std_alpha,Var_alpha,Kur_alpha,SE_alpha,LBP_beta,Std_beta,Var_beta,Kur_beta,SE_beta,LBP_gamma,Std_gamma,Var_gamma,Kur_gamma,SE_gamma
-17.809397797576832,0.00013573716877287892,1.842457898647702e-08,2.7342594029622913,-0.0004949433812657029,-22.670565215620083,1.1940928995317802e-05,1.4258578527122142e-10,6.654909035645332,-4.866064702740898e-06,-24.697054191971784,4.3359896368987246e-06,1.8800806131293133e-11,19.084300435886725,-1.3885973227620514e-06,-28.114870952802747,7.851150309194655e-07,6.164056117756733e-13,607.012802190411,-9.540303137632883e-08,-28.383581594046372,6.863978891169286e-07,4.711420621841755e-13,7025.853988626677,-1.1740725439982344e-07
