LBP_delta,Std_delta,Var_delta,Kur_delta,SE_delta,LBP_theta,Std_theta,Var_theta,Kur_theta,SE_theta,LBP_alpha,Std_alpha,Var_alpha,Kur_alpha,SE_alpha,LBP_beta,Std_beta,Var_beta,Kur_beta,SE_beta,LBP_gamma,Std_gamma,Var_gamma,Kur_gamma,SE_gamma
-17.825845428171128,0.00013463774787126937,1.81273231518475e-08,3.4906735041240857,-0.0004835553558726268,-22.677250575020345,1.1903418246430287e-05,1.4169136594944947e-10,2.914096985045424,-4.883750680828159e-06,-24.737807926832833,4.248672527537573e-06,1.805121824625251e-11,2.8669381487459296,-1.3575649491201878e-06,-28.765824579067974,5.669967310691172e-07,3.214852930430648e-13,3.04445771003456,-5.635564799882997e-08,-34.35263521389701,3.470723641526102e-08,1.204592259584821e-15,3.059206914132815,-5.061662442788486e-10
