LBP_delta,Std_delta,Var_delta,Kur_delta,SE_delta,LBP_theta,Std_theta,Var_theta,Kur_theta,SE_theta,LBP_alpha,Std_alpha,Var_alpha,Kur_alpha,SE_alpha,LBP_beta,Std_beta,Var_beta,Kur_beta,SE_beta,LBP_gamma,Std_gamma,Var_gamma,Kur_gamma,SE_gamma
-17.885609934162392,0.00013067398751598293,1.707569101332726e-08,2.8410955377444527,-0.00046021886930868074,-22.748880191064135,1.1483665299973727e-05,1.3187456872182069e-10,3.115303038120794,-4.554215906206905e-06,-24.76740392218292,4.186258358048748e-06,1.7524759040333006e-11,3.1162500778297275,-1.3180316654649517e-06,-28.793142395084434,5.59304785928224e-07,3.1282184356221645e-13,3.040249528088867,-5.4919370228215706e-08,-34.37454097698293,3.4329165478359785e-08,1.1784916024406093e-15,2.912106573000125,-4.960304105512571e-10
