LBP_delta,Std_delta,Var_delta,Kur_delta,SE_delta,LBP_theta,Std_theta,Var_theta,Kur_theta,SE_theta,LBP_alpha,Std_alpha,Var_alpha,Kur_alpha,SE_alpha,LBP_beta,Std_beta,Var_beta,Kur_beta,SE_beta,LBP_gamma,Std_gamma,Var_gamma,Kur_gamma,SE_gamma
-18.016879112504224,0.00012237240085095376,1.4975004490026508e-08,3.0245187626742562,-0.0004063112396182205,-22.713350734571264,1.169114484864107e-05,1.3668286787190665e-10,3.0155616481091885,-4.711937962984636e-06,-24.695616957154872,4.339252325228908e-06,1.8829110742004482e-11,3.1445913647506982,-1.4115259001841745e-06,-28.72159811067258,5.796744338654405e-07,3.36022449277219e-13,2.9986374700610683,-5.8833017491406036e-08,-34.28860824617206,3.583631225018505e-08,1.2842412756927632e-15,2.971161778136456,-5.388619747798359e-10
