LBP_delta,Std_delta,Var_delta,Kur_delta,SE_delta,LBP_theta,Std_theta,Var_theta,Kur_theta,SE_theta,LBP_alpha,Std_alpha,Var_alpha,Kur_alpha,SE_alpha,LBP_beta,Std_beta,Var_beta,Kur_beta,SE_beta,LBP_gamma,Std_gamma,Var_gamma,Kur_gamma,SE_gamma
-17.941428617761478,0.00012707532746985406,1.614813885157065e-08,3.0753897692018035,-0.00043601102176117797,-22.523902420364056,1.2852694560954532e-05,1.651917574771902e-10,3.0799788657522433,-5.644836399821437e-06,-24.766134330630774,4.188921842249836e-06,1.754706620047776e-11,3.4147119002316835,-1.3175420672734262e-06,-28.82487331934073,5.505012197098766e-07,3.0305159290206184e-13,3.0934178810003967,-5.32422661679843e-08,-34.40313570683319,3.384184253723503e-08,1.1452703063150101e-15,3.010350150509082,-4.822375576615727e-10
