LBP_delta,Std_delta,Var_delta,Kur_delta,SE_delta,LBP_theta,Std_theta,Var_theta,Kur_theta,SE_theta,LBP_alpha,Std_alpha,Var_alpha,Kur_alpha,SE_alpha,LBP_beta,Std_beta,Var_beta,Kur_beta,SE_beta,LBP_gamma,Std_gamma,Var_gamma,Kur_gamma,SE_gamma
-17.842139831048435,0.0001335452399834795,1.7834331122245134e-08,2.988911544684522,-0.0004780679250671884,-22.606930318633093,1.2329486906945964e-05,1.5201624738855196e-10,3.042574542483853,-5.217561883195912e-06,-24.74975480708549,4.2233688001293466e-06,1.7836844021906e-11,2.936977618504615,-1.3418899516462272e-06,-28.79296449001141,5.593545058385295e-07,3.128774632018655e-13,2.8843374789655556,-5.496369213759223e-08,-34.366329628421994,3.447040119886384e-08,1.1882085588106335e-15,2.878990596570256,-5.000770090390616e-10
