LBP_delta,Std_delta,Var_delta,Kur_delta,SE_delta,LBP_theta,Std_theta,Var_theta,Kur_theta,SE_theta,LBP_alpha,Std_alpha,Var_alpha,Kur_alpha,SE_alpha,LBP_beta,Std_beta,Var_beta,Kur_beta,SE_beta,LBP_gamma,Std_gamma,Var_gamma,Kur_gamma,SE_gamma
-18.052933039788364,0.00012018276947338186,1.4443898078292045e-08,3.4838701729391315,-0.00039053656778075067,-22.890592098510744,1.0699687145876378e-05,1.1448330501963219e-10,3.1482349462585177,-3.971965840067148e-06,-24.908174856158624,3.901740250881243e-06,1.522357698534683e-11,3.07094030578379,-1.152350387104785e-06,-28.8157861313282,5.530081502796264e-07,3.0581801427569386e-13,3.4623274812335634,-5.3624045755976874e-08,-34.375717201205575,3.43089824821053e-08,1.1771062789574085e-15,3.592567119565801,-4.941997011127551e-10
