LBP_delta,Std_delta,Var_delta,Kur_delta,SE_delta,LBP_theta,Std_theta,Var_theta,Kur_theta,SE_theta,LBP_alpha,Std_alpha,Var_alpha,Kur_alpha,SE_alpha,LBP_beta,Std_beta,Var_beta,Kur_beta,SE_beta,LBP_gamma,Std_gamma,Var_gamma,Kur_gamma,SE_gamma
-17.941976086178606,0.0001269605916319512,1.6118991827535083e-08,2.8969306996264006,-0.00043602393061288754,-22.772969017523764,1.1347558260903767e-05,1.2876707848460533e-10,2.934330657313949,-4.45335104082358e-06,-24.844746349602197,4.027464809844023e-06,1.6220472794531956e-11,3.048351725946214,-1.2240017938455922e-06,-28.818311681469144,5.523101217281295e-07,3.0504647056334124e-13,9.157834202012086,-5.33013887677458e-08,-32.56724431612645,8.474351216618818e-08,7.181462854260885e-15,7088.870936623043,-2.263361954875476e-09
