LBP_delta,Std_delta,Var_delta,Kur_delta,SE_delta,LBP_theta,Std_theta,Var_theta,Kur_theta,SE_theta,LBP_alpha,Std_alpha,Var_alpha,Kur_alpha,SE_alpha,LBP_beta,Std_beta,Var_beta,Kur_beta,SE_beta,LBP_gamma,Std_gamma,Var_gamma,Kur_gamma,SE_gamma
-17.530775185679502,0.00015603405626870475,2.4346626715665323e-08,5.106039769612704,-0.0006310377882243984,-20.088740255291327,4.342702802831292e-05,1.8859067633718762e-09,19.365275825004233,-5.32036238494415e-05,-21.62993124074735,2.009647939319514e-05,4.0386848400111685e-10,29.54341730162902,-2.4298158865184103e-05,-25.38002777862619,3.081743666442665e-06,9.49714402565948e-12,43.02973961720786,-1.3605081665626502e-06,-27.715337198940638,9.58675340491253e-07,9.190584084660197e-13,2357.8455501634494,-2.3555069984110918e-07
