LBP_delta,Std_delta,Var_delta,Kur_delta,SE_delta,LBP_theta,Std_theta,Var_theta,Kur_theta,SE_theta,LBP_alpha,Std_alpha,Var_alpha,Kur_alpha,SE_alpha,LBP_beta,Std_beta,Var_beta,Kur_beta,SE_beta,LBP_gamma,Std_gamma,Var_gamma,Kur_gamma,SE_gamma
-17.910809377381348,0.00012902682318968164,1.664792110242137e-08,4.441294710581233,-0.00044605205262695087,-22.633601669199503,1.216452956827465e-05,1.4797577961742823e-10,22.206898605946435,-4.9514897814807e-06,-24.807756627643354,4.10262830662525e-06,1.6831559022322768e-11,8.046625767112078,-1.2575553432180379e-06,-28.678357159064074,5.923435095276449e-07,3.5087083327952714e-13,84.68494336131221,-5.995027200554317e-08,-29.944812057502286,3.14455071344216e-07,9.888199189409598e-14,9610.262514658229,-2.6043728271413418e-08
