LBP_delta,Std_delta,Var_delta,Kur_delta,SE_delta,LBP_theta,Std_theta,Var_theta,Kur_theta,SE_theta,LBP_alpha,Std_alpha,Var_alpha,Kur_alpha,SE_alpha,LBP_beta,Std_beta,Var_beta,Kur_beta,SE_beta,LBP_gamma,Std_gamma,Var_gamma,Kur_gamma,SE_gamma
-17.74202629645759,0.0001404001219461448,1.971219424249233e-08,2.5650749154144172,-0.0005290492005330826,-22.550261562688956,1.2683498960328194e-05,1.6087114587664637e-10,3.325370114782455,-5.4956893594266765e-06,-24.75165902540081,4.219349661521218e-06,1.780291156617922e-11,2.907297035075948,-1.3403483169697198e-06,-28.827922530049406,5.496624978048075e-07,3.0212886149302e-13,3.13407269951109,-5.310272371513339e-08,-34.41708495460415,3.3606629575684264e-08,1.1294055514372564e-15,2.9607048925453268,-4.7590955764515e-10
