LBP_delta,Std_delta,Var_delta,Kur_delta,SE_delta,LBP_theta,Std_theta,Var_theta,Kur_theta,SE_theta,LBP_alpha,Std_alpha,Var_alpha,Kur_alpha,SE_alpha,LBP_beta,Std_beta,Var_beta,Kur_beta,SE_beta,LBP_gamma,Std_gamma,Var_gamma,Kur_gamma,SE_gamma
-17.720490194159268,0.00014165762976135177,2.006688406960421e-08,4.218006781223525,-0.0005328695605891437,-22.34456111451054,1.4055803385844409e-05,1.9756560882151517e-10,69.77595251090099,-6.286879412725423e-06,-23.978029599119267,6.211998739174833e-06,3.858892833550972e-11,217.2229204477643,-2.5181877509946044e-06,-27.897248307312537,8.753636816915091e-07,7.662615752245136e-13,108.5055980242652,-1.2175606250508546e-07,-29.320816272465553,4.2959349392865986e-07,1.845505700258335e-13,9568.590560918377,-4.7209876527110394e-08
