LBP_delta,Std_delta,Var_delta,Kur_delta,SE_delta,LBP_theta,Std_theta,Var_theta,Kur_theta,SE_theta,LBP_alpha,Std_alpha,Var_alpha,Kur_alpha,SE_alpha,LBP_beta,Std_beta,Var_beta,Kur_beta,SE_beta,LBP_gamma,Std_gamma,Var_gamma,Kur_gamma,SE_gamma
-18.051975110145822,0.00012024265256041332,1.445829549476427e-08,2.976455673111778,-0.00039313937501172136,-22.9243039769252,1.0520809596103913e-05,1.1068743455747218e-10,2.8544118687216375,-3.86017690636324e-06,-24.9920437943537,3.741467940610559e-06,1.3998582350616619e-11,3.091317509910798,-1.062921796480265e-06,-28.90297530266224,5.29415803746083e-07,2.802810932561111e-13,3.176842076477455,-4.9358661432495115e-08,-34.46668498055649,3.278343350256536e-08,1.0747535122171247e-15,3.186375222921033,-4.5307516802168175e-10
