LBP_delta,Std_delta,Var_delta,Kur_delta,SE_delta,LBP_theta,Std_theta,Var_theta,Kur_theta,SE_theta,LBP_alpha,Std_alpha,Var_alpha,Kur_alpha,SE_alpha,LBP_beta,Std_beta,Var_beta,Kur_beta,SE_beta,LBP_gamma,Std_gamma,Var_gamma,Kur_gamma,SE_gamma
-17.415027350658946,0.00016532699966965384,2.733301681976972e-08,5.645433719741852,-0.000697903629944676,-20.3606113447958,3.790725864603679e-05,1.436960258057531e-09,41.32695775312954,-4.00422575658258e-05,-22.349688554890058,1.402248814599037e-05,1.9663017380444042e-10,45.994871367262874,-1.2123147973373859e-05,-26.19234826945187,2.0530702471878732e-06,4.215097439888075e-12,47.095925443074556,-6.240674151348827e-07,-28.10298170286235,7.897409211606636e-07,6.236907225556935e-13,2993.517185980819,-1.6072621331218457e-07
