LBP_delta,Std_delta,Var_delta,Kur_delta,SE_delta,LBP_theta,Std_theta,Var_theta,Kur_theta,SE_theta,LBP_alpha,Std_alpha,Var_alpha,Kur_alpha,SE_alpha,LBP_beta,Std_beta,Var_beta,Kur_beta,SE_beta,LBP_gamma,Std_gamma,Var_gamma,Kur_gamma,SE_gamma
-17.96822549198843,0.0001253736980187964,1.5718564154908353e-08,2.7284357828606476,-0.00042656064953075853,-23.06854658385071,9.784880824678066e-06,9.57438927531525e-11,3.134658382949025,-3.3531961740897938e-06,-24.956484725826577,3.8085905217175606e-06,1.4505361762116842e-11,3.1879304980364833,-1.0988134886113771e-06,-28.888439291160967,5.332764953408203e-07,2.84383820482988e-13,2.9641240826143207,-5.0096381532586544e-08,-34.44332209170247,3.3168637712349856e-08,1.1001585276931173e-15,2.949576728954839,-4.638012763452781e-10
