LBP_delta,Std_delta,Var_delta,Kur_delta,SE_delta,LBP_theta,Std_theta,Var_theta,Kur_theta,SE_theta,LBP_alpha,Std_alpha,Var_alpha,Kur_alpha,SE_alpha,LBP_beta,Std_beta,Var_beta,Kur_beta,SE_beta,LBP_gamma,Std_gamma,Var_gamma,Kur_gamma,SE_gamma
-17.753490441901658,0.0001395958903219427,1.9487012594775853e-08,2.953204840612239,-0.000519848858755754,-22.934114140846944,1.0468929670835947e-05,1.0959848845290925e-10,3.221455740144221,-3.815520206224583e-06,-24.98898845624083,3.747190999428573e-06,1.404144038619851e-11,3.1041828358752444,-1.065635139703643e-06,-28.90927791520217,5.277485868256376e-07,2.7851857089645755e-13,3.079726834707813,-4.9062500018555964e-08,-34.46734916134367,3.2772549377784665e-08,1.0740399927193339e-15,3.049266759803325,-4.52898554893285e-10
