LBP_delta,Std_delta,Var_delta,Kur_delta,SE_delta,LBP_theta,Std_theta,Var_theta,Kur_theta,SE_theta,LBP_alpha,Std_alpha,Var_alpha,Kur_alpha,SE_alpha,LBP_beta,Std_beta,Var_beta,Kur_beta,SE_beta,LBP_gamma,Std_gamma,Var_gamma,Kur_gamma,SE_gamma
-17.888535372664567,0.0001304005610473838,1.7004306321472465e-08,2.883938642966153,-0.0004585377344740356,-22.964766755950112,1.03097340060951e-05,1.0629061527643373e-10,2.856635718973505,-3.7119226261414084e-06,-24.964929118590447,3.7925178668729004e-06,1.4383191770550173e-11,3.112191226672244,-1.090937512146193e-06,-28.879568017999496,5.356468010881664e-07,2.869174955159858e-13,3.142376343603726,-5.050248672665608e-08,-34.43495682387281,3.330766066585905e-08,1.1094002590320144e-15,3.054910248840975,-4.675398097037056e-10
