LBP_delta,Std_delta,Var_delta,Kur_delta,SE_delta,LBP_theta,Std_theta,Var_theta,Kur_theta,SE_theta,LBP_alpha,Std_alpha,Var_alpha,Kur_alpha,SE_alpha,LBP_beta,Std_beta,Var_beta,Kur_beta,SE_beta,LBP_gamma,Std_gamma,Var_gamma,Kur_gamma,SE_gamma
-17.855068874798537,0.00013265114258260925,1.7596325628471728e-08,2.892145229215289,-0.00047340641437953936,-22.935453466213676,1.0462143387020694e-05,1.0945644425058084e-10,3.1567296965674188,-3.810288605777924e-06,-24.983001629385523,3.7584616530095514e-06,1.412603399714329e-11,3.0039486547760705,-1.073117063787128e-06,-28.884019779014405,5.344593173270263e-07,2.8564676187767104e-13,2.8593531788755895,-5.03558197333983e-08,-34.442996756939884,3.3174033737950897e-08,1.1005165144467042e-15,2.921330417778807,-4.6428591065299104e-10
