LBP_delta,Std_delta,Var_delta,Kur_delta,SE_delta,LBP_theta,Std_theta,Var_theta,Kur_theta,SE_theta,LBP_alpha,Std_alpha,Var_alpha,Kur_alpha,SE_alpha,LBP_beta,Std_beta,Var_beta,Kur_beta,SE_beta,LBP_gamma,Std_gamma,Var_gamma,Kur_gamma,SE_gamma
-17.496207398166327,0.00015866267668868125,2.5173844974016998e-08,5.421279741267771,-0.0006473043035304194,-18.88972302128567,7.906898660629842e-05,6.251904642946999e-09,35.080168782294656,-0.00016004789713855173,-19.989992234088984,4.56276676406049e-05,2.0818840543215033e-09,27.726767140386947,-0.00011501988075587145,-23.67839643209608,7.216081311477131e-06,5.2071829493849505e-11,19.720457376523573,-7.053141467170604e-06,-27.999988308478017,8.315198573120778e-07,6.914252731042981e-13,2482.715605165837,-1.931051930038038e-07
