LBP_delta,Std_delta,Var_delta,Kur_delta,SE_delta,LBP_theta,Std_theta,Var_theta,Kur_theta,SE_theta,LBP_alpha,Std_alpha,Var_alpha,Kur_alpha,SE_alpha,LBP_beta,Std_beta,Var_beta,Kur_beta,SE_beta,LBP_gamma,Std_gamma,Var_gamma,Kur_gamma,SE_gamma
-17.949172714500037,0.00012658566260334616,1.6023929976728193e-08,2.9828719905949628,-0.000433581038632303,-22.968795034041946,1.0288144410049867e-05,1.0584591540204033e-10,2.9303828375685383,-3.697230859417503e-06,-24.76068198801198,4.200356757470497e-06,1.764299689002807e-11,3.2407772898775176,-1.3255306820782764e-06,-28.570479547951063,6.25171493262903e-07,3.90839395988568e-13,3.0925204443656433,-6.802851266090676e-08,-34.119031378597086,3.900735224767539e-08,1.5215735293742266e-15,3.0553494964554644,-6.350446360106425e-10
