LBP_delta,Std_delta,Var_delta,Kur_delta,SE_delta,LBP_theta,Std_theta,Var_theta,Kur_theta,SE_theta,LBP_alpha,Std_alpha,Var_alpha,Kur_alpha,SE_alpha,LBP_beta,Std_beta,Var_beta,Kur_beta,SE_beta,LBP_gamma,Std_gamma,Var_gamma,Kur_gamma,SE_gamma
-17.749154371241662,0.00013988735890311423,1.9568473180888696e-08,3.261026693868235,-0.0005206332243703061,-22.954002575043003,1.03613408661536e-05,1.0735738454462463e-10,2.9300419153770396,-3.749558863081706e-06,-24.758105190729175,4.2057722184354735e-06,1.7688519953363642e-11,3.11061402684546,-1.329762673890775e-06,-28.59411948475831,6.178255241668886e-07,3.817083783120906e-13,3.0481394382737443,-6.649336926051695e-08,-34.13815889697109,3.863607355739081e-08,1.4927461799321133e-15,3.02357076594065,-6.233074599737534e-10
