LBP_delta,Std_delta,Var_delta,Kur_delta,SE_delta,LBP_theta,Std_theta,Var_theta,Kur_theta,SE_theta,LBP_alpha,Std_alpha,Var_alpha,Kur_alpha,SE_alpha,LBP_beta,Std_beta,Var_beta,Kur_beta,SE_beta,LBP_gamma,Std_gamma,Var_gamma,Kur_gamma,SE_gamma
-18.080815746668478,0.00011851955959135747,1.4046886005729336e-08,3.118749463080983,-0.00038177845830987095,-22.927882802183518,1.0500777017713126e-05,1.1026631797573218e-10,2.9523220910008012,-3.843254864709157e-06,-24.75205457512275,4.218514527044192e-06,1.7795864814882882e-11,3.233436950023965,-1.3365238279288546e-06,-28.526193931967637,6.391689759437139e-07,4.085369798089359e-13,3.0766055926069216,-7.098447254605621e-08,-34.07213417105083,3.993282786033437e-08,1.5946307409230967e-15,3.044156010656133,-6.645044467440719e-10
