LBP_delta,Std_delta,Var_delta,Kur_delta,SE_delta,LBP_theta,Std_theta,Var_theta,Kur_theta,SE_theta,LBP_alpha,Std_alpha,Var_alpha,Kur_alpha,SE_alpha,LBP_beta,Std_beta,Var_beta,Kur_beta,SE_beta,LBP_gamma,Std_gamma,Var_gamma,Kur_gamma,SE_gamma
-17.67217329336107,0.00014538945850991466,2.1138094645806193e-08,2.677715984913175,-0.0005636808119004825,-22.903299852233197,1.062567359479541e-05,1.1290493934313244e-10,3.0963047581321383,-3.928874868351993e-06,-24.684395661193786,4.363666857972244e-06,1.9041588447365356e-11,3.003009791745329,-1.4277927388346839e-06,-28.467390964756692,6.582404910676866e-07,4.332805440810293e-13,2.9830286538641735,-7.518354055134693e-08,-34.00501467790726,4.129570403649272e-08,1.7053351718696012e-15,2.995118157373889,-7.095221765715281e-10
