LBP_delta,Std_delta,Var_delta,Kur_delta,SE_delta,LBP_theta,Std_theta,Var_theta,Kur_theta,SE_theta,LBP_alpha,Std_alpha,Var_alpha,Kur_alpha,SE_alpha,LBP_beta,Std_beta,Var_beta,Kur_beta,SE_beta,LBP_gamma,Std_gamma,Var_gamma,Kur_gamma,SE_gamma
-17.983722896748326,0.00012441733665562486,1.547967366047909e-08,3.0197831029013122,-0.000419476443783106,-22.890870856040628,1.0698183818756747e-05,1.1445113701990868e-10,3.201597267774934,-3.9696587270021415e-06,-24.700131403069513,4.3294686674662075e-06,1.8744298942571617e-11,3.0633877866969637,-1.4058685403883116e-06,-28.57564195419373,6.23559838576232e-07,3.888268722852165e-13,2.9957187094441866,-6.77244449184143e-08,-34.127692522210424,3.8838793331917263e-08,1.5084518674793807e-15,3.000969990147179,-6.298123985016911e-10
