LBP_delta,Std_delta,Var_delta,Kur_delta,SE_delta,LBP_theta,Std_theta,Var_theta,Kur_theta,SE_theta,LBP_alpha,Std_alpha,Var_alpha,Kur_alpha,SE_alpha,LBP_beta,Std_beta,Var_beta,Kur_beta,SE_beta,LBP_gamma,Std_gamma,Var_gamma,Kur_gamma,SE_gamma
-17.871504563359156,0.00013158407775756384,1.7314369519308608e-08,3.3382569328353524,-0.0004639978470736082,-22.941722446367258,1.0425653622504412e-05,1.0869425345643936e-10,3.289454216517263,-3.784726627579481e-06,-24.772513118624516,4.1755829288717996e-06,1.7435492795885596e-11,3.1279404357982603,-1.3110464719425793e-06,-28.588409867117843,6.195918102370074e-07,3.8389401131277185e-13,3.014579887694264,-6.687890562184185e-08,-34.12973089208005,3.8799229390008736e-08,1.5053802012585175e-15,3.00933926029483,-6.286134953996048e-10
