LBP_delta,Std_delta,Var_delta,Kur_delta,SE_delta,LBP_theta,Std_theta,Var_theta,Kur_theta,SE_theta,LBP_alpha,Std_alpha,Var_alpha,Kur_alpha,SE_alpha,LBP_beta,Std_beta,Var_beta,Kur_beta,SE_beta,LBP_gamma,Std_gamma,Var_gamma,Kur_gamma,SE_gamma
-17.744287983347537,0.0001402297023498061,1.966436942111521e-08,2.65229069409407,-0.0005272278066999729,-22.823862188569,1.1062172142537983e-05,1.223716525111434e-10,3.025232086575156,-4.242160083522563e-06,-24.649291807422927,4.440931596209655e-06,1.9721873442213237e-11,2.940077376097457,-1.4779960813311994e-06,-28.515428035374438,6.426188393953687e-07,4.129589727458506e-13,2.907171516536988,-7.181536166425622e-08,-34.06467496976067,4.008203903632741e-08,1.606569853309674e-15,2.8639422030936035,-6.700806554996474e-10
