LBP_delta,Std_delta,Var_delta,Kur_delta,SE_delta,LBP_theta,Std_theta,Var_theta,Kur_theta,SE_theta,LBP_alpha,Std_alpha,Var_alpha,Kur_alpha,SE_alpha,LBP_beta,Std_beta,Var_beta,Kur_beta,SE_beta,LBP_gamma,Std_gamma,Var_gamma,Kur_gamma,SE_gamma
-17.904524673987368,0.0001294438270037971,1.6755704349388947e-08,2.5182826688536544,-0.0004545201017004294,-22.90502230575238,1.0612498454530504e-05,1.1262512344741232e-10,2.904763481411104,-3.925495661415993e-06,-24.6838333454791,4.36489373022955e-06,1.9052297276197238e-11,2.9567389147916723,-1.4293980078373055e-06,-28.51915379129992,6.414228056828713e-07,4.114232156500865e-13,3.0192185420304742,-7.152458046517841e-08,-34.06656560903793,4.004416734605987e-08,1.6035353384392476e-15,3.061925488515651,-6.684011339820179e-10
