LBP_delta,Std_delta,Var_delta,Kur_delta,SE_delta,LBP_theta,Std_theta,Var_theta,Kur_theta,SE_theta,LBP_alpha,Std_alpha,Var_alpha,Kur_alpha,SE_alpha,LBP_beta,Std_beta,Var_beta,Kur_beta,SE_beta,LBP_gamma,Std_gamma,Var_gamma,Kur_gamma,SE_gamma
-17.87694199767343,0.00013123901676192633,1.7223679520637178e-08,3.496383133933344,-0.00046210270430215494,-22.62576537948094,1.2214514930801963e-05,1.4919437499478406e-10,16.794855884359933,-5.035478252095651e-06,-24.612689085564234,4.522831488538009e-06,2.0456004673710944e-11,17.762475525263817,-1.5100296672146944e-06,-27.964228580307342,8.465337533252116e-07,7.166193955188703e-13,1056.5219740807388,-1.0882457536977344e-07,-28.08897730271799,7.953310236521051e-07,6.325514371835053e-13,9774.090879711832,-1.509525384988729e-07
