LBP_delta,Std_delta,Var_delta,Kur_delta,SE_delta,LBP_theta,Std_theta,Var_theta,Kur_theta,SE_theta,LBP_alpha,Std_alpha,Var_alpha,Kur_alpha,SE_alpha,LBP_beta,Std_beta,Var_beta,Kur_beta,SE_beta,LBP_gamma,Std_gamma,Var_gamma,Kur_gamma,SE_gamma
-17.613746432211432,0.0001495984435824796,2.237969432230034e-08,2.747145138755843,-0.0005947918879523663,-22.860137071642296,1.0861206314653463e-05,1.1796580260946825e-10,3.0123448491474285,-4.099212225244876e-06,-24.47215911500422,4.852192896432595e-06,2.3543775904190935e-11,3.262943222318794,-1.748418874054979e-06,-28.272075658774614,7.257662368022902e-07,5.267366304821579e-13,3.5953031837975455,-9.058388704722624e-08,-33.31483162211912,5.83139733327283e-08,3.400519485850148e-15,1627.4391753913692,-1.2721247847311453e-09
