LBP_delta,Std_delta,Var_delta,Kur_delta,SE_delta,LBP_theta,Std_theta,Var_theta,Kur_theta,SE_theta,LBP_alpha,Std_alpha,Var_alpha,Kur_alpha,SE_alpha,LBP_beta,Std_beta,Var_beta,Kur_beta,SE_beta,LBP_gamma,Std_gamma,Var_gamma,Kur_gamma,SE_gamma
-17.945059599298546,0.00012678458124133486,1.607433004054064e-08,3.0949079853131987,-0.00043346577757545103,-22.91987858673548,1.0543984614888039e-05,1.1117561155899567e-10,3.3279806507472913,-3.867347300394112e-06,-24.852222371174992,4.01243932610066e-06,1.6099669345639123e-11,3.4928625161055558,-1.2128789684439973e-06,-28.62867892393817,6.072409697401721e-07,3.687415953309845e-13,66.79688728099909,-6.287780431567361e-08,-31.101185816380696,1.7638248688771778e-07,3.111078168069593e-14,9080.418188769474,-8.771293960575706e-09
