LBP_delta,Std_delta,Var_delta,Kur_delta,SE_delta,LBP_theta,Std_theta,Var_theta,Kur_theta,SE_theta,LBP_alpha,Std_alpha,Var_alpha,Kur_alpha,SE_alpha,LBP_beta,Std_beta,Var_beta,Kur_beta,SE_beta,LBP_gamma,Std_gamma,Var_gamma,Kur_gamma,SE_gamma
-18.03512479207576,0.00012125880410113019,1.4703697572036268e-08,2.696446042239146,-0.00040040629820977357,-22.90677460801255,1.0612079099702299e-05,1.1261622281833835e-10,2.971114134601462,-3.921292230608972e-06,-24.769183430337936,4.182540353116994e-06,1.749364380545203e-11,2.8750688604165524,-1.31770631481208e-06,-28.564407373785325,6.270724831876911e-07,3.932198991711771e-13,2.927436382575742,-6.84938192253089e-08,-34.10655669917675,3.925141419371396e-08,1.5406735162064898e-15,2.940021012415682,-6.431317933608167e-10
