LBP_delta,Std_delta,Var_delta,Kur_delta,SE_delta,LBP_theta,Std_theta,Var_theta,Kur_theta,SE_theta,LBP_alpha,Std_alpha,Var_alpha,Kur_alpha,SE_alpha,LBP_beta,Std_beta,Var_beta,Kur_beta,SE_beta,LBP_gamma,Std_gamma,Var_gamma,Kur_gamma,SE_gamma
-18.039538174884598,0.0001209826475241454,1.4636801001951607e-08,2.9157461422328113,-0.0003976740190137489,-22.904828057472034,1.0622652982707274e-05,1.1284075639101976e-10,2.997926880346243,-3.924981602720207e-06,-24.54062522333775,4.688896346648513e-06,2.1985748949613774e-11,3.011199463248015,-1.6383954280261676e-06,-28.342970407953096,7.004901703264991e-07,4.906864787240478e-13,3.092321412073979,-8.469911586852432e-08,-33.873316303539475,4.4106518863053667e-08,1.945385006216909e-15,3.0985146288562033,-8.057717196179585e-10
