LBP_delta,Std_delta,Var_delta,Kur_delta,SE_delta,LBP_theta,Std_theta,Var_theta,Kur_theta,SE_theta,LBP_alpha,Std_alpha,Var_alpha,Kur_alpha,SE_alpha,LBP_beta,Std_beta,Var_beta,Kur_beta,SE_beta,LBP_gamma,Std_gamma,Var_gamma,Kur_gamma,SE_gamma
-18.084528203249516,0.00011826067171197067,1.3985586473766499e-08,3.022293481735673,-0.00038127787441097957,-22.912839008293464,1.0579606944449728e-05,1.1192808309904891e-10,2.866768615622161,-3.902204164730315e-06,-24.674332873440065,4.385677512254232e-06,1.923416724149247e-11,3.138583148696036,-1.4413159279112342e-06,-28.464170228871765,6.593013150888878e-07,4.346782240779369e-13,2.9862257185249477,-7.542790141836895e-08,-34.00434123615911,4.130961224200397e-08,1.7064840635847243e-15,2.9718736509624137,-7.102141536231248e-10
