LBP_delta,Std_delta,Var_delta,Kur_delta,SE_delta,LBP_theta,Std_theta,Var_theta,Kur_theta,SE_theta,LBP_alpha,Std_alpha,Var_alpha,Kur_alpha,SE_alpha,LBP_beta,Std_beta,Var_beta,Kur_beta,SE_beta,LBP_gamma,Std_gamma,Var_gamma,Kur_gamma,SE_gamma
-18.2297390446508,0.00010999095824284211,1.2098010895178638e-08,3.0677154517347036,-0.0003321020647812598,-22.938779133958693,1.0444960291341497e-05,1.0909719548770063e-10,2.8624868063875417,-3.805170764816016e-06,-24.83062707111373,4.055998790411202e-06,1.6451126187817135e-11,3.0974797035301194,-1.240735896931697e-06,-28.67537469971517,5.932277687666158e-07,3.5191918563581734e-13,3.20848307467558,-6.141261013721037e-08,-34.2292450479074,3.6915935452661184e-08,1.3627862903450467e-15,3.1744690407832143,-5.700269737994069e-10
