LBP_delta,Std_delta,Var_delta,Kur_delta,SE_delta,LBP_theta,Std_theta,Var_theta,Kur_theta,SE_theta,LBP_alpha,Std_alpha,Var_alpha,Kur_alpha,SE_alpha,LBP_beta,Std_beta,Var_beta,Kur_beta,SE_beta,LBP_gamma,Std_gamma,Var_gamma,Kur_gamma,SE_gamma
-18.00108859114222,0.00012332477676304203,1.5209000563654155e-08,2.950672935431005,-0.00041222321534735483,-23.103245182986218,9.62021088942218e-06,9.25484575569571e-11,3.04148701948768,-3.245835129413048e-06,-24.89151628433381,3.93437646561349e-06,1.5479318173173297e-11,2.977377048840316,-1.170933785746871e-06,-28.817173393888297,5.526245682148953e-07,3.0539391339469944e-13,3.0159827906653156,-5.36509698939908e-08,-34.3731840187371,3.435246587902713e-08,1.180091911969723e-15,2.965389156420924,-4.964900684343424e-10
