LBP_delta,Std_delta,Var_delta,Kur_delta,SE_delta,LBP_theta,Std_theta,Var_theta,Kur_theta,SE_theta,LBP_alpha,Std_alpha,Var_alpha,Kur_alpha,SE_alpha,LBP_beta,Std_beta,Var_beta,Kur_beta,SE_beta,LBP_gamma,Std_gamma,Var_gamma,Kur_gamma,SE_gamma
-17.826576238759515,0.0001345431076004787,1.810184780279399e-08,3.0524326071198282,-0.00048559062965564885,-22.819143269907418,1.108700995442407e-05,1.2292178972949843e-10,7.377045222749138,-4.23068742851235e-06,-24.8481824471014,4.020511379750547e-06,1.6164511754703647e-11,4.4183248400911905,-1.2187894620969545e-06,-28.53432843488986,6.365741356668404e-07,4.05226630199985e-13,142.80203831413925,-6.830649570884574e-08,-29.544252444195184,3.841837977918303e-07,1.4759719048575395e-13,9671.651921713408,-3.8064858310871916e-08
