LBP_delta,Std_delta,Var_delta,Kur_delta,SE_delta,LBP_theta,Std_theta,Var_theta,Kur_theta,SE_theta,LBP_alpha,Std_alpha,Var_alpha,Kur_alpha,SE_alpha,LBP_beta,Std_beta,Var_beta,Kur_beta,SE_beta,LBP_gamma,Std_gamma,Var_gamma,Kur_gamma,SE_gamma
-17.92313061785747,0.00012824001223118908,1.6445500737055526e-08,2.5967107216278773,-0.00044605340537329685,-22.94289421220704,1.0423283191524257e-05,1.086448324907121e-10,2.925264224405841,-3.7874834084125793e-06,-24.799757004586077,4.119086963571586e-06,1.6966877413465383e-11,3.3160640650778586,-1.2771069803928881e-06,-28.691052269844196,5.88595801052654e-07,3.4644501701681545e-13,3.151355234400627,-6.058566200583533e-08,-34.25134171854283,3.651032007454887e-08,1.3330034719460062e-15,3.165368495002852,-5.58662083916647e-10
