LBP_delta,Std_delta,Var_delta,Kur_delta,SE_delta,LBP_theta,Std_theta,Var_theta,Kur_theta,SE_theta,LBP_alpha,Std_alpha,Var_alpha,Kur_alpha,SE_alpha,LBP_beta,Std_beta,Var_beta,Kur_beta,SE_beta,LBP_gamma,Std_gamma,Var_gamma,Kur_gamma,SE_gamma
-18.135690616925743,0.00011531225627403965,1.3296916447009796e-08,3.192391451040519,-0.000362109227642439,-23.00150517011241,1.0119973776238553e-05,1.02413869231756e-10,3.3942498694646583,-3.5704353236499712e-06,-24.822652219762404,4.072204209152505e-06,1.6582847121039376e-11,2.983621756420409,-1.2510354485249002e-06,-28.762542260301842,5.679280287343525e-07,3.225422458220875e-13,3.0229665522689664,-5.652637709217103e-08,-34.331432663566936,3.507713490788891e-08,1.2304053933462388e-15,3.0402470189708084,-5.165874236210252e-10
