LBP_delta,Std_delta,Var_delta,Kur_delta,SE_delta,LBP_theta,Std_theta,Var_theta,Kur_theta,SE_theta,LBP_alpha,Std_alpha,Var_alpha,Kur_alpha,SE_alpha,LBP_beta,Std_beta,Var_beta,Kur_beta,SE_beta,LBP_gamma,Std_gamma,Var_gamma,Kur_gamma,SE_gamma
-18.023183890942374,0.00012196337187918959,1.4875064080141493e-08,2.834514946267225,-0.0004049241922471777,-23.003019168730688,1.0114545621525429e-05,1.0230403312991923e-10,2.8729699355490337,-3.5811258285931378e-06,-24.855882976640235,4.005102084789845e-06,1.6040842709587962e-11,3.007822920615775,-1.2120840486056497e-06,-28.742031871941464,5.737821713229485e-07,3.292259801280774e-13,3.00437445959914,-5.772185341823435e-08,-34.29662991488404,3.5692867436171134e-08,1.2739807858160858e-15,2.9568855012617083,-5.35024322463431e-10
