LBP_delta,Std_delta,Var_delta,Kur_delta,SE_delta,LBP_theta,Std_theta,Var_theta,Kur_theta,SE_theta,LBP_alpha,Std_alpha,Var_alpha,Kur_alpha,SE_alpha,LBP_beta,Std_beta,Var_beta,Kur_beta,SE_beta,LBP_gamma,Std_gamma,Var_gamma,Kur_gamma,SE_gamma
-17.89543913561517,0.0001300276890538734,1.6907199920690788e-08,3.0683857444605898,-0.0004545098180178537,-22.997846894040446,1.0136932501052491e-05,1.0275740053089431e-10,3.063428958091266,-3.5894773563722372e-06,-24.803681697841544,4.1110126685700615e-06,1.690042516114354e-11,3.2189755082678184,-1.2714974565641145e-06,-28.648698100925444,6.011934500337104e-07,3.614335643634355e-13,3.1233010193835313,-6.308033779290247e-08,-33.88883335718759,4.3765432747355533e-08,1.9154131035633e-15,702.5844522995463,-7.545563827257271e-10
