LBP_delta,Std_delta,Var_delta,Kur_delta,SE_delta,LBP_theta,Std_theta,Var_theta,Kur_theta,SE_theta,LBP_alpha,Std_alpha,Var_alpha,Kur_alpha,SE_alpha,LBP_beta,Std_beta,Var_beta,Kur_beta,SE_beta,LBP_gamma,Std_gamma,Var_gamma,Kur_gamma,SE_gamma
-18.082127598858754,0.00011844456093071879,1.4029114014070757e-08,3.33807494084532,-0.00038010324132379435,-22.877102603475198,1.0766217340072675e-05,1.1591143581368153e-10,3.3626062950108846,-4.0231916610650886e-06,-24.73474586462059,4.255181081148923e-06,1.810656603336771e-11,3.9377393785583665,-1.3541210875966943e-06,-28.631918088978757,6.062586964749917e-07,3.675496070515562e-13,3.604935135669422,-6.39875675978234e-08,-34.19228940511615,3.760440218095479e-08,1.4140910633869972e-15,3.6132664125885223,-5.9032253954009e-10
