LBP_delta,Std_delta,Var_delta,Kur_delta,SE_delta,LBP_theta,Std_theta,Var_theta,Kur_theta,SE_theta,LBP_alpha,Std_alpha,Var_alpha,Kur_alpha,SE_alpha,LBP_beta,Std_beta,Var_beta,Kur_beta,SE_beta,LBP_gamma,Std_gamma,Var_gamma,Kur_gamma,SE_gamma
-17.857973148224417,0.0001324922266856143,1.7554190132112206e-08,2.7717407104269567,-0.00047304980712502493,-23.061842578731397,9.817917166852947e-06,9.639149749518579e-11,3.0377966255039293,-3.38039278116157e-06,-24.98852827140991,3.7480901636054894e-06,1.4048179874516225e-11,3.256833283354982,-1.0649495144549607e-06,-28.89715090756904,5.309619439757151e-07,2.8192058595047045e-13,3.2760246483942947,-4.958613425497794e-08,-34.45729501574324,3.293771299933643e-08,1.0848929376266558e-15,3.2662736822381193,-4.568472915179858e-10
