LBP_delta,Std_delta,Var_delta,Kur_delta,SE_delta,LBP_theta,Std_theta,Var_theta,Kur_theta,SE_theta,LBP_alpha,Std_alpha,Var_alpha,Kur_alpha,SE_alpha,LBP_beta,Std_beta,Var_beta,Kur_beta,SE_beta,LBP_gamma,Std_gamma,Var_gamma,Kur_gamma,SE_gamma
-17.900299831428388,0.00012971578932163274,1.6826185999334213e-08,2.8979951071343044,-0.00045401335482990425,-23.017471535845726,1.0035295839783656e-05,1.0070716259197917e-10,3.308326924235632,-3.5183094331080107e-06,-24.982113213540117,3.760131138151129e-06,1.4138586176093705e-11,2.8948772206737283,-1.0740618976221247e-06,-28.79004238605678,5.601723759413711e-07,3.1379309076780087e-13,2.9136114814777874,-5.509825601325848e-08,-34.33351468460397,3.5040638672654916e-08,1.2278463585875592e-15,2.892620165071812,-5.161860758262439e-10
