LBP_delta,Std_delta,Var_delta,Kur_delta,SE_delta,LBP_theta,Std_theta,Var_theta,Kur_theta,SE_theta,LBP_alpha,Std_alpha,Var_alpha,Kur_alpha,SE_alpha,LBP_beta,Std_beta,Var_beta,Kur_beta,SE_beta,LBP_gamma,Std_gamma,Var_gamma,Kur_gamma,SE_gamma
-17.716029147422777,0.00014222985199857668,2.0229330799537025e-08,2.73682955400408,-0.0005401852319122762,-23.065186246811038,9.804097039226407e-06,9.612031875456803e-11,2.8998994533649487,-3.37166565486139e-06,-25.084270159180893,3.5728924463722134e-06,1.2765560433343621e-11,3.0729593359440206,-9.727532616599592e-07,-28.974120060347193,5.109162682326381e-07,2.61035433144765e-13,3.0806758983169615,-4.609029563857698e-08,-34.53626943891605,3.1662439895633084e-08,1.0025101001445775e-15,3.0985858157730912,-4.235268127119782e-10
