LBP_delta,Std_delta,Var_delta,Kur_delta,SE_delta,LBP_theta,Std_theta,Var_theta,Kur_theta,SE_theta,LBP_alpha,Std_alpha,Var_alpha,Kur_alpha,SE_alpha,LBP_beta,Std_beta,Var_beta,Kur_beta,SE_beta,LBP_gamma,Std_gamma,Var_gamma,Kur_gamma,SE_gamma
-17.81242549797191,0.00013553683706301757,1.8370234201046976e-08,2.5721730442241832,-0.0004951248559271612,-23.019033246654875,1.003362270182511e-05,1.0067358452258022e-10,3.2191515035550142,-3.5141840970839714e-06,-24.917479484700728,3.8836320664181256e-06,1.5082598027311118e-11,4.164501702195122,-1.1372042207906112e-06,-28.796283229505875,5.584271522705202e-07,3.1184088439296277e-13,3.7354598875678056,-5.459914014541772e-08,-34.344716797328346,3.4844922760676615e-08,1.2141686421975192e-15,3.911697273748473,-5.088879987233731e-10
