LBP_delta,Std_delta,Var_delta,Kur_delta,SE_delta,LBP_theta,Std_theta,Var_theta,Kur_theta,SE_theta,LBP_alpha,Std_alpha,Var_alpha,Kur_alpha,SE_alpha,LBP_beta,Std_beta,Var_beta,Kur_beta,SE_beta,LBP_gamma,Std_gamma,Var_gamma,Kur_gamma,SE_gamma
-17.94418207437473,0.00012689485094708952,1.610230319688407e-08,3.2452557932142563,-0.0004340959822796707,-23.03438475694481,9.95644244897863e-06,9.913074623982356e-11,3.0725427773768637,-3.468271102775468e-06,-24.977608153978842,3.7686100292143405e-06,1.4202421552294911e-11,3.198600522529789,-1.07714628253702e-06,-28.897015681239584,5.309978417362779e-07,2.8195870792858514e-13,3.210759259571259,-4.96385759009599e-08,-34.46612133094589,3.279267513728782e-08,1.0753595426596949e-15,3.0773397294094265,-4.534423789678282e-10
