LBP_delta,Std_delta,Var_delta,Kur_delta,SE_delta,LBP_theta,Std_theta,Var_theta,Kur_theta,SE_theta,LBP_alpha,Std_alpha,Var_alpha,Kur_alpha,SE_alpha,LBP_beta,Std_beta,Var_beta,Kur_beta,SE_beta,LBP_gamma,Std_gamma,Var_gamma,Kur_gamma,SE_gamma
-17.73537460958635,0.0001408678672683176,1.984375602872435e-08,3.1661373011562324,-0.0005291738458588571,-22.970078789663447,1.02827504565101e-05,1.0573495695085867e-10,3.5061737479741133,-3.6845687374652606e-06,-24.96774949423973,3.7872325716044017e-06,1.4343130551421289e-11,3.31601173161756,-1.0864515163549381e-06,-28.85443345530255,5.424243828833708e-07,2.942242111464056e-13,4.031606643363215,-5.155314019988378e-08,-34.420426794100806,3.3550521631061486e-08,1.1256375017163246e-15,3.913681299778016,-4.726655998923063e-10
