LBP_delta,Std_delta,Var_delta,Kur_delta,SE_delta,LBP_theta,Std_theta,Var_theta,Kur_theta,SE_theta,LBP_alpha,Std_alpha,Var_alpha,Kur_alpha,SE_alpha,LBP_beta,Std_beta,Var_beta,Kur_beta,SE_beta,LBP_gamma,Std_gamma,Var_gamma,Kur_gamma,SE_gamma
-17.942672734288017,0.00012699820017096172,1.612854284666366e-08,3.1976572797258282,-0.0004344437893823961,-22.60399874597772,1.2346975191551809e-05,1.5244779638079582e-10,3.073912990028083,-5.22904680575274e-06,-24.61208075393603,4.524332780792856e-06,2.0469587111356814e-11,2.958772793052376,-1.5310749154751573e-06,-28.372043332296546,6.903813783198967e-07,4.766264475308803e-13,2.9153282912901117,-8.245023975653163e-08,-33.90870355253344,4.333298227456695e-08,1.8777473528079337e-15,2.9026408658234013,-7.793578825177483e-10
