LBP_delta,Std_delta,Var_delta,Kur_delta,SE_delta,LBP_theta,Std_theta,Var_theta,Kur_theta,SE_theta,LBP_alpha,Std_alpha,Var_alpha,Kur_alpha,SE_alpha,LBP_beta,Std_beta,Var_beta,Kur_beta,SE_beta,LBP_gamma,Std_gamma,Var_gamma,Kur_gamma,SE_gamma
-17.769177673144164,0.00013850620374194903,1.9183968475006294e-08,3.157079249107342,-0.000511757243760977,-23.077629576604807,9.744287198801277e-06,9.495113301272246e-11,3.32002777643302,-3.321033541842123e-06,-25.100389740912103,3.544211299763077e-06,1.2561433737368279e-11,3.0228347576641847,-9.585847986645208e-07,-28.9836369394013,5.084909082137136e-07,2.585630037360073e-13,3.0739039589388804,-4.569019396669786e-08,-34.53818165443861,3.1632181149352095e-08,1.000594884265426e-15,3.0666396395096625,-4.2292298938575553e-10
