LBP_delta,Std_delta,Var_delta,Kur_delta,SE_delta,LBP_theta,Std_theta,Var_theta,Kur_theta,SE_theta,LBP_alpha,Std_alpha,Var_alpha,Kur_alpha,SE_alpha,LBP_beta,Std_beta,Var_beta,Kur_beta,SE_beta,LBP_gamma,Std_gamma,Var_gamma,Kur_gamma,SE_gamma
-18.068580333561858,0.00011923561676815333,1.421713230608193e-08,3.096023971712621,-0.0003866436200773335,-22.95788933881763,1.03452150538229e-05,1.0702347450984392e-10,2.9873829034542267,-3.7337746376955936e-06,-24.983859767889058,3.7568449739741317e-06,1.4113884158474693e-11,3.157930625586995,-1.070592979892082e-06,-28.87820657562038,5.360148150467312e-07,2.873118819495815e-13,3.5228956907439013,-5.046021628126135e-08,-34.44168906289457,3.319573149613159e-08,1.1019565895632628e-15,3.427768269436686,-4.636093504577074e-10
