LBP_delta,Std_delta,Var_delta,Kur_delta,SE_delta,LBP_theta,Std_theta,Var_theta,Kur_theta,SE_theta,LBP_alpha,Std_alpha,Var_alpha,Kur_alpha,SE_alpha,LBP_beta,Std_beta,Var_beta,Kur_beta,SE_beta,LBP_gamma,Std_gamma,Var_gamma,Kur_gamma,SE_gamma
-18.075679457847695,0.00011882699725160235,1.4119855275832312e-08,2.761170510349467,-0.0003857071405243278,-23.045625143034492,9.901506743909278e-06,9.80398357996809e-11,3.068952596120708,-3.4333381151473466e-06,-24.98271203789838,3.759005331484747e-06,1.4130121082130754e-11,3.118084113719807,-1.072240814433712e-06,-28.93301157334576,5.215264383966026e-07,2.7198982594664534e-13,3.1960915306081805,-4.795782346367258e-08,-34.501600137410364,3.2216081979628085e-08,1.0378759381181174e-15,3.0967348088362807,-4.381800009123601e-10
