LBP_delta,Std_delta,Var_delta,Kur_delta,SE_delta,LBP_theta,Std_theta,Var_theta,Kur_theta,SE_theta,LBP_alpha,Std_alpha,Var_alpha,Kur_alpha,SE_alpha,LBP_beta,Std_beta,Var_beta,Kur_beta,SE_beta,LBP_gamma,Std_gamma,Var_gamma,Kur_gamma,SE_gamma
-17.763103291457128,0.0001389284062981206,1.9301102076535675e-08,3.080126089709421,-0.0005144296466345445,-22.872407524066148,1.0796705929299777e-05,1.1656885892377697e-10,3.3446920601270427,-4.0437010335515605e-06,-24.795666533340075,4.127521311347554e-06,1.7036432175628237e-11,3.8326866062621097,-1.2780614306510237e-06,-28.681414703331455,5.914384994306924e-07,3.497994986088291e-13,4.7784317632484985,-6.080569406021696e-08,-34.23936866184909,3.672954529638566e-08,1.3490594976792457e-15,4.596386945529942,-5.626452943579494e-10
