LBP_delta,Std_delta,Var_delta,Kur_delta,SE_delta,LBP_theta,Std_theta,Var_theta,Kur_theta,SE_theta,LBP_alpha,Std_alpha,Var_alpha,Kur_alpha,SE_alpha,LBP_beta,Std_beta,Var_beta,Kur_beta,SE_beta,LBP_gamma,Std_gamma,Var_gamma,Kur_gamma,SE_gamma
-17.913403621826745,0.00012886857393444083,1.6607109347896442e-08,2.8401948447242638,-0.0004485443818302065,-22.892341075320935,1.0687955001892645e-05,1.1423238212248199e-10,3.313664065428992,-3.966549725523832e-06,-24.867906981022507,3.981095596936604e-06,1.5849122151948015e-11,2.9611562397180013,-1.1979742144743834e-06,-28.815478887932912,5.530931031918239e-07,3.0591198079836155e-13,3.0903836246840517,-5.37142454333323e-08,-34.387462592567864,3.4108087970000077e-08,1.1633616649692637e-15,3.1261676477391074,-4.892767005679573e-10
