LBP_delta,Std_delta,Var_delta,Kur_delta,SE_delta,LBP_theta,Std_theta,Var_theta,Kur_theta,SE_theta,LBP_alpha,Std_alpha,Var_alpha,Kur_alpha,SE_alpha,LBP_beta,Std_beta,Var_beta,Kur_beta,SE_beta,LBP_gamma,Std_gamma,Var_gamma,Kur_gamma,SE_gamma
-17.92187010214743,0.00012831643377560738,1.6465107176889834e-08,2.7842683516404017,-0.00044535804538662363,-22.884950260038746,1.0726860188158137e-05,1.1506552949629202e-10,3.3726629372740606,-3.991037006983465e-06,-24.84666017973154,4.023613134382719e-06,1.6189462655177126e-11,4.609921711516716,-1.2145313029142715e-06,-28.630620328212764,6.066521336633974e-07,3.6802681127835256e-13,7.626789449146129,-6.350708678367547e-08,-34.178259948361934,3.786911448576995e-08,1.4340698319363517e-15,8.260639167373203,-5.938191016579467e-10
