LBP_delta,Std_delta,Var_delta,Kur_delta,SE_delta,LBP_theta,Std_theta,Var_theta,Kur_theta,SE_theta,LBP_alpha,Std_alpha,Var_alpha,Kur_alpha,SE_alpha,LBP_beta,Std_beta,Var_beta,Kur_beta,SE_beta,LBP_gamma,Std_gamma,Var_gamma,Kur_gamma,SE_gamma
-17.801929058600543,0.00013624559627891685,1.8562862505397598e-08,3.452629309010642,-0.0004953387309701584,-22.943799016673335,1.0418574184802095e-05,1.0854668804422465e-10,3.02909645543898,-3.782519288468161e-06,-24.95567119498736,3.810174391764795e-06,1.4517428895660225e-11,3.207817147348122,-1.1001779847477457e-06,-28.868747363592753,5.385563611535487e-07,2.9004295413895156e-13,3.1468781189503,-5.1032659688595525e-08,-34.43445673869757,3.331598982838024e-08,1.1099551782447358e-15,3.1681065155662336,-4.675951489263382e-10
