LBP_delta,Std_delta,Var_delta,Kur_delta,SE_delta,LBP_theta,Std_theta,Var_theta,Kur_theta,SE_theta,LBP_alpha,Std_alpha,Var_alpha,Kur_alpha,SE_alpha,LBP_beta,Std_beta,Var_beta,Kur_beta,SE_beta,LBP_gamma,Std_gamma,Var_gamma,Kur_gamma,SE_gamma
-17.845504113536638,0.0001333083808687414,1.777112440984542e-08,2.6963002446284174,-0.00047862168927031155,-22.936567038671612,1.0449653755474248e-05,1.0919526360929706e-10,5.183779113033211,-3.7920936498758336e-06,-24.413905817973543,4.9955974077274095e-06,2.4955993460092818e-11,3.5311114238966494,-1.8442404714442167e-06,-28.130153371834513,7.79138722300526e-07,6.070571485880961e-13,4.085367637447232,-1.0368036577358775e-07,-32.23835428558578,9.989050315396015e-08,9.978112620351323e-15,5702.136467660275,-3.2097619119767105e-09
