LBP_delta,Std_delta,Var_delta,Kur_delta,SE_delta,LBP_theta,Std_theta,Var_theta,Kur_theta,SE_theta,LBP_alpha,Std_alpha,Var_alpha,Kur_alpha,SE_alpha,LBP_beta,Std_beta,Var_beta,Kur_beta,SE_beta,LBP_gamma,Std_gamma,Var_gamma,Kur_gamma,SE_gamma
-17.861973846221385,0.00013220192215873084,1.7477348222463125e-08,2.987876260662678,-0.0004693076134441061,-22.927078348827983,1.050539439707273e-05,1.103633114380471e-10,3.310393163720151,-3.8418783541039424e-06,-24.955180498368815,3.8111092630388344e-06,1.4524553814820408e-11,3.885800424831962,-1.0974803326217087e-06,-28.823641612057763,5.508402898942059e-07,3.0342502497073284e-13,5.885791966586513,-5.302349788458315e-08,-34.38642199102362,3.4125839073029575e-08,1.164572892438312e-15,5.992669023159341,-4.878706417692801e-10
