LBP_delta,Std_delta,Var_delta,Kur_delta,SE_delta,LBP_theta,Std_theta,Var_theta,Kur_theta,SE_theta,LBP_alpha,Std_alpha,Var_alpha,Kur_alpha,SE_alpha,LBP_beta,Std_beta,Var_beta,Kur_beta,SE_beta,LBP_gamma,Std_gamma,Var_gamma,Kur_gamma,SE_gamma
-17.95060782099055,0.00012648965303433562,1.5999632324746608e-08,3.072391479055421,-0.0004320342114739848,-22.444323622547774,1.3374126162394543e-05,1.7886725060764618e-10,3.088939138237795,-6.09384831958504e-06,-24.563474350125368,4.635635543439918e-06,2.148911689160351e-11,3.1502788474619394,-1.6020635705231844e-06,-28.39620205500052,6.820921612485936e-07,4.652497164367775e-13,3.0082485493709226,-8.054147220050159e-08,-33.94435638263959,4.256735463597435e-08,1.811979680704807e-15,2.9726202140220455,-7.527261504211059e-10
