LBP_delta,Std_delta,Var_delta,Kur_delta,SE_delta,LBP_theta,Std_theta,Var_theta,Kur_theta,SE_theta,LBP_alpha,Std_alpha,Var_alpha,Kur_alpha,SE_alpha,LBP_beta,Std_beta,Var_beta,Kur_beta,SE_beta,LBP_gamma,Std_gamma,Var_gamma,Kur_gamma,SE_gamma
-17.792319328957184,0.00013668836562752548,1.8683709297924086e-08,3.53741864669667,-0.0004987854553626627,-22.84384414441922,1.0952510836498132e-05,1.1995749362360902e-10,3.8082362276570976,-4.1538955626871215e-06,-24.704302430596247,4.320446126584997e-06,1.8666254732723305e-11,8.268573243884534,-1.385571022555025e-06,-28.481885750760668,6.534872020159449e-07,4.270455231986284e-13,39.49816328352668,-7.21323757867015e-08,-31.189460089569895,1.687668436786407e-07,2.8482247525250754e-14,8797.598574673522,-8.110968427914696e-09
