LBP_delta,Std_delta,Var_delta,Kur_delta,SE_delta,LBP_theta,Std_theta,Var_theta,Kur_theta,SE_theta,LBP_alpha,Std_alpha,Var_alpha,Kur_alpha,SE_alpha,LBP_beta,Std_beta,Var_beta,Kur_beta,SE_beta,LBP_gamma,Std_gamma,Var_gamma,Kur_gamma,SE_gamma
-17.79349472809685,0.00013682646576430253,1.872148173354985e-08,2.891744441535413,-0.000501189084096204,-22.97521852526767,1.0254850473455766e-05,1.0516195823293594e-10,2.705004586076708,-3.6812766328718474e-06,-24.318389619637006,5.23996897256632e-06,2.745727483345773e-11,3.0017672071060253,-2.0285499841131418e-06,-28.00637558070064,8.288821856264649e-07,6.870456776489055e-13,3.7156123606474454,-1.1711364072793923e-07,-33.54023983546321,5.209900852992829e-08,2.7143066898015403e-15,3.5466183521584744,-1.1132745824759869e-09
