LBP_delta,Std_delta,Var_delta,Kur_delta,SE_delta,LBP_theta,Std_theta,Var_theta,Kur_theta,SE_theta,LBP_alpha,Std_alpha,Var_alpha,Kur_alpha,SE_alpha,LBP_beta,Std_beta,Var_beta,Kur_beta,SE_beta,LBP_gamma,Std_gamma,Var_gamma,Kur_gamma,SE_gamma
-17.67776315141857,0.00014497873713207332,2.1018834220410815e-08,3.0854035103219712,-0.0005584223292270354,-23.07807315352992,9.742186571256636e-06,9.491019918917312e-11,3.030602937284089,-3.3290515422968908e-06,-24.98567703116547,3.7534369801262564e-06,1.4088289163779313e-11,3.0856366737295025,-1.069384136189751e-06,-28.876272717817475,5.365337513784592e-07,2.878684663682423e-13,3.27963737391264,-5.0626644308782446e-08,-34.436229331565706,3.328647523251766e-08,1.1079894334050116e-15,3.3049729314533103,-4.664742059440182e-10
