LBP_delta,Std_delta,Var_delta,Kur_delta,SE_delta,LBP_theta,Std_theta,Var_theta,Kur_theta,SE_theta,LBP_alpha,Std_alpha,Var_alpha,Kur_alpha,SE_alpha,LBP_beta,Std_beta,Var_beta,Kur_beta,SE_beta,LBP_gamma,Std_gamma,Var_gamma,Kur_gamma,SE_gamma
-17.815044738053516,0.0001353661771148111,1.8324001906678403e-08,2.7317856479474316,-0.0004930922941811284,-22.95429552786767,1.0363813183344787e-05,1.074086236992712e-10,2.9261122182165913,-3.7479138532812424e-06,-24.51641046105603,4.746015034826799e-06,2.252465871080202e-11,3.5717096204899317,-1.673002076646275e-06,-28.249911538463426,7.338539721804372e-07,5.385416524850058e-13,3.396580406649724,-9.253416821028247e-08,-33.773407742337945,4.6365792624501166e-08,2.1497867256982468e-15,3.367238463934964,-8.869518486370088e-10
