LBP_delta,Std_delta,Var_delta,Kur_delta,SE_delta,LBP_theta,Std_theta,Var_theta,Kur_theta,SE_theta,LBP_alpha,Std_alpha,Var_alpha,Kur_alpha,SE_alpha,LBP_beta,Std_beta,Var_beta,Kur_beta,SE_beta,LBP_gamma,Std_gamma,Var_gamma,Kur_gamma,SE_gamma
-18.094362037602657,0.00011767143625733324,1.3846566910863642e-08,3.1303752832325578,-0.00037678662166191817,-23.16215111757421,9.341096072334862e-06,8.725607583258977e-11,3.097551378614825,-3.067759276553264e-06,-25.10509650210497,3.53587962465168e-06,1.2502444720026905e-11,3.099921509070366,-9.539884235063545e-07,-28.95747063820063,5.151872652542119e-07,2.6541791828011366e-13,2.9797000874295834,-4.6867476325505396e-08,-34.513887031856434,3.201877077906585e-08,1.0252016822023609e-15,2.9447971537985156,-4.3313771021069386e-10
