LBP_delta,Std_delta,Var_delta,Kur_delta,SE_delta,LBP_theta,Std_theta,Var_theta,Kur_theta,SE_theta,LBP_alpha,Std_alpha,Var_alpha,Kur_alpha,SE_alpha,LBP_beta,Std_beta,Var_beta,Kur_beta,SE_beta,LBP_gamma,Std_gamma,Var_gamma,Kur_gamma,SE_gamma
-17.910112973219167,0.00012908256474372112,1.666230852081695e-08,3.2008332462280067,-0.00044959283345576736,-23.185842301006467,9.230810317946734e-06,8.520785912591189e-11,2.8490791911028484,-3.0063252142037065e-06,-24.90771133986733,3.90264629277807e-06,1.5230648086534415e-11,4.053154800739443,-1.147656562351958e-06,-28.699547279071837,5.861010353379398e-07,3.435144236242049e-13,4.700274906134744,-5.975518264555317e-08,-34.24360894442349,3.66517544252067e-08,1.343351102445659e-15,4.910188591735737,-5.600388955719348e-10
