LBP_delta,Std_delta,Var_delta,Kur_delta,SE_delta,LBP_theta,Std_theta,Var_theta,Kur_theta,SE_theta,LBP_alpha,Std_alpha,Var_alpha,Kur_alpha,SE_alpha,LBP_beta,Std_beta,Var_beta,Kur_beta,SE_beta,LBP_gamma,Std_gamma,Var_gamma,Kur_gamma,SE_gamma
-17.640167874253525,0.0001477293866022585,2.1823971665879547e-08,2.9506233069975694,-0.000579241911944672,-23.134418195771435,9.468835625739385e-06,8.965884810727138e-11,3.0590049669741264,-3.1489050857089197e-06,-24.989969587650208,3.745389565331367e-06,1.4027942996093086e-11,3.5304587490182295,-1.0623041450545198e-06,-28.88006614904294,5.355170626425802e-07,2.8677852438133713e-13,4.626611468273271,-5.0241674632041615e-08,-34.43078136433052,3.337727035116131e-08,1.1140421760945118e-15,4.861351820154307,-4.671966825137475e-10
