LBP_delta,Std_delta,Var_delta,Kur_delta,SE_delta,LBP_theta,Std_theta,Var_theta,Kur_theta,SE_theta,LBP_alpha,Std_alpha,Var_alpha,Kur_alpha,SE_alpha,LBP_beta,Std_beta,Var_beta,Kur_beta,SE_beta,LBP_gamma,Std_gamma,Var_gamma,Kur_gamma,SE_gamma
-17.995994878540536,0.0001236537108402462,1.529024020456322e-08,3.0879293931220606,-0.00041423963812890215,-22.882958895383585,1.0738802591018965e-05,1.1532188108887563e-10,46.541959745404625,-3.851368847725561e-06,-24.61609793911945,4.515207430052537e-06,2.0387098136401636e-11,202.93691523079596,-1.4088064996338398e-06,-26.770332839718762,1.537785266310153e-06,2.3647835252805883e-12,2541.304068841103,-2.9640310562365953e-07,-27.419838082495776,1.1113470012883512e-06,1.2350921572726105e-12,9806.173521045808,-2.840819728436644e-07
