LBP_delta,Std_delta,Var_delta,Kur_delta,SE_delta,LBP_theta,Std_theta,Var_theta,Kur_theta,SE_theta,LBP_alpha,Std_alpha,Var_alpha,Kur_alpha,SE_alpha,LBP_beta,Std_beta,Var_beta,Kur_beta,SE_beta,LBP_gamma,Std_gamma,Var_gamma,Kur_gamma,SE_gamma
-17.859778314128626,0.00013236398349540383,1.7520224126771536e-08,3.0269602494173506,-0.00047068496904678744,-22.90764839694812,1.0608507652627025e-05,1.1254043461584615e-10,3.7706097663582714,-3.9003494586562195e-06,-24.74995161921226,4.2229534209962235e-06,1.783333559590371e-11,8.807711511309442,-1.3169151408324925e-06,-28.568101186716017,6.259153639991926e-07,3.9177004289024176e-13,10.612180768929937,-6.681422615861303e-08,-34.110775308486595,3.916870297316208e-08,1.5341872925997957e-15,11.229009094975218,-6.284255219556712e-10
