LBP_delta,Std_delta,Var_delta,Kur_delta,SE_delta,LBP_theta,Std_theta,Var_theta,Kur_theta,SE_theta,LBP_alpha,Std_alpha,Var_alpha,Kur_alpha,SE_alpha,LBP_beta,Std_beta,Var_beta,Kur_beta,SE_beta,LBP_gamma,Std_gamma,Var_gamma,Kur_gamma,SE_gamma
-17.91930716421078,0.0001284696196713151,1.6504443178492357e-08,2.5481353983611115,-0.00044773267659710425,-23.124892108525525,9.516369395954114e-06,9.056128648025206e-11,3.289467189786912,-3.1784411033928035e-06,-25.05970045873091,3.617054481226091e-06,1.3083083120157746e-11,3.029596878001843,-9.964853504145114e-07,-28.860310867637573,5.408329209331394e-07,2.9250024836507147e-13,4.0489973354229,-5.133548081429381e-08,-32.439315776133355,9.034121571176153e-08,8.161535256279028e-15,7257.184065346814,-2.546229488748719e-09
