LBP_delta,Std_delta,Var_delta,Kur_delta,SE_delta,LBP_theta,Std_theta,Var_theta,Kur_theta,SE_theta,LBP_alpha,Std_alpha,Var_alpha,Kur_alpha,SE_alpha,LBP_beta,Std_beta,Var_beta,Kur_beta,SE_beta,LBP_gamma,Std_gamma,Var_gamma,Kur_gamma,SE_gamma
-18.063931035314933,0.00011952672475599324,1.4286637930894965e-08,3.019230359860782,-0.00038835495598061145,-22.64974164395653,1.2063533449538594e-05,1.4552883928813652e-10,3.0289149016420023,-5.007443915972106e-06,-24.756846810890003,4.208418933346108e-06,1.7710789918545997e-11,2.975721190806206,-1.332400518572536e-06,-28.661832890847222,5.972581258305881e-07,3.5671726887066665e-13,3.192852055739428,-6.227913642961442e-08,-34.22029920339443,3.7081426594668497e-08,1.3750321982957879e-15,3.1213419463570182,-5.756400772493205e-10
