LBP_delta,Std_delta,Var_delta,Kur_delta,SE_delta,LBP_theta,Std_theta,Var_theta,Kur_theta,SE_theta,LBP_alpha,Std_alpha,Var_alpha,Kur_alpha,SE_alpha,LBP_beta,Std_beta,Var_beta,Kur_beta,SE_beta,LBP_gamma,Std_gamma,Var_gamma,Kur_gamma,SE_gamma
-17.758213075897764,0.0001392630692665888,1.9394202461550708e-08,2.9834932024945844,-0.0005174299776423808,-23.04013434268479,9.928571385790633e-06,9.857652976274054e-11,2.878482262343489,-3.455594369798276e-06,-25.08604363962683,3.5697249460350515e-06,1.2742936190344952e-11,3.0903961648435514,-9.713411903666056e-07,-28.960513523558966,5.144040380319643e-07,2.6461151434359054e-13,3.1011807965170557,-4.6694838589340726e-08,-34.51898789003764,3.193719845814953e-08,1.0199846453552284e-15,3.094013720421908,-4.3069466499903327e-10
