LBP_delta,Std_delta,Var_delta,Kur_delta,SE_delta,LBP_theta,Std_theta,Var_theta,Kur_theta,SE_theta,LBP_alpha,Std_alpha,Var_alpha,Kur_alpha,SE_alpha,LBP_beta,Std_beta,Var_beta,Kur_beta,SE_beta,LBP_gamma,Std_gamma,Var_gamma,Kur_gamma,SE_gamma
-18.05813969351933,0.00011986223683956284,1.4366955820183455e-08,3.2867492792165556,-0.00038955479606085256,-22.920196848831928,1.0542469801539363e-05,1.1114366951636943e-10,11.078245342310566,-3.825782706202685e-06,-24.848822072219093,4.0192374915855345e-06,1.6154270013766777e-11,7.547911793045473,-1.2110197002457306e-06,-28.045330140288346,8.128937589658925e-07,6.607962633656986e-13,913.1500205485851,-9.99611894160904e-08,-29.18092579652052,4.6071374403603736e-07,2.1225715394370334e-13,8938.51034690612,-5.4128288750078154e-08
