LBP_delta,Std_delta,Var_delta,Kur_delta,SE_delta,LBP_theta,Std_theta,Var_theta,Kur_theta,SE_theta,LBP_alpha,Std_alpha,Var_alpha,Kur_alpha,SE_alpha,LBP_beta,Std_beta,Var_beta,Kur_beta,SE_beta,LBP_gamma,Std_gamma,Var_gamma,Kur_gamma,SE_gamma
-17.859962667430153,0.0001323603573282392,1.7519264192059163e-08,3.023939179546481,-0.00047103607436951,-22.985477504803562,1.0203895604799182e-05,1.0411948551364005e-10,3.135794423081025,-3.630334642727032e-06,-24.785196489958953,4.1491859802647516e-06,1.7215744298825567e-11,3.143655217995152,-1.2960673220132942e-06,-28.61801649295739,6.104872883800429e-07,3.7269472927361763e-13,3.0714032600279664,-6.501221882128218e-08,-34.16618341454915,3.8098470210464955e-08,1.4514934323776858e-15,3.0425707182915884,-6.068470606400575e-10
