LBP_delta,Std_delta,Var_delta,Kur_delta,SE_delta,LBP_theta,Std_theta,Var_theta,Kur_theta,SE_theta,LBP_alpha,Std_alpha,Var_alpha,Kur_alpha,SE_alpha,LBP_beta,Std_beta,Var_beta,Kur_beta,SE_beta,LBP_gamma,Std_gamma,Var_gamma,Kur_gamma,SE_gamma
-17.766069744003254,0.0001387224864820593,1.924392825576513e-08,3.12650654456022,-0.0005130446636914573,-22.974110507741518,1.0259256262816497e-05,1.052523390661395e-10,3.376308367807844,-3.6616882299350316e-06,-24.823122270744705,4.0712469519129345e-06,1.6575051743460363e-11,4.101666275090862,-1.2461419534381327e-06,-28.638847683860455,6.041617159276903e-07,3.6501137899269117e-13,4.418050144104061,-6.348684729241808e-08,-34.19776168434512,3.750164151005867e-08,1.4063731159489557e-15,4.372573308021122,-5.869613763587679e-10
