LBP_delta,Std_delta,Var_delta,Kur_delta,SE_delta,LBP_theta,Std_theta,Var_theta,Kur_theta,SE_theta,LBP_alpha,Std_alpha,Var_alpha,Kur_alpha,SE_alpha,LBP_beta,Std_beta,Var_beta,Kur_beta,SE_beta,LBP_gamma,Std_gamma,Var_gamma,Kur_gamma,SE_gamma
-17.867668961008754,0.00013182604739498454,1.7378106771784707e-08,2.839924238938166,-0.00046832301670372893,-22.96948470736589,1.0285763998915119e-05,1.0579694104137834e-10,3.3106454068982227,-3.688965503100282e-06,-24.88803913888319,3.941216395973332e-06,1.5533186679889024e-11,7.128540393103684,-1.167579945270185e-06,-28.492192423110744,6.501277917820201e-07,4.2266614564736573e-13,237.34612444216228,-7.026789827735879e-08,-29.443863835552555,4.039598219882092e-07,1.631835377807457e-13,9643.288551615338,-4.18660865360633e-08
