LBP_delta,Std_delta,Var_delta,Kur_delta,SE_delta,LBP_theta,Std_theta,Var_theta,Kur_theta,SE_theta,LBP_alpha,Std_alpha,Var_alpha,Kur_alpha,SE_alpha,LBP_beta,Std_beta,Var_beta,Kur_beta,SE_beta,LBP_gamma,Std_gamma,Var_gamma,Kur_gamma,SE_gamma
-17.983027623537602,0.00012445941410107352,1.54901457583825e-08,3.0516076736231805,-0.00041952552381443754,-23.033068480055977,9.963477982982297e-06,9.927089351737298e-11,2.9206623406509493,-3.4752511902386437e-06,-25.089421155940922,3.5637023013836264e-06,1.2699974092886954e-11,3.1929713884743065,-9.67697358088532e-07,-29.016995670524274,5.000799580236202e-07,2.500799644169057e-13,3.188328350567619,-4.423938365048989e-08,-34.587204124107814,3.086626297644651e-08,9.527261901311524e-16,3.090896447758975,-4.032970742213447e-10
