LBP_delta,Std_delta,Var_delta,Kur_delta,SE_delta,LBP_theta,Std_theta,Var_theta,Kur_theta,SE_theta,LBP_alpha,Std_alpha,Var_alpha,Kur_alpha,SE_alpha,LBP_beta,Std_beta,Var_beta,Kur_beta,SE_beta,LBP_gamma,Std_gamma,Var_gamma,Kur_gamma,SE_gamma
-18.04469436020609,0.00012060481267558198,1.454552084051222e-08,2.748717615334694,-0.00039672758983124384,-22.812865536200395,1.1122455359681986e-05,1.2370901322811855e-10,7.345863941591968,-4.234119151445914e-06,-24.481297625630432,4.830072469135301e-06,2.332960005709879e-11,16.520181603824593,-1.6870127768036347e-06,-27.548863974553363,1.041932201342414e-06,1.0856227121942488e-12,706.3783202169861,-1.6053453507438597e-07,-28.60616236258668,6.141154154863048e-07,3.771377435379168e-13,5781.8316029013895,-9.541561162211381e-08
