LBP_delta,Std_delta,Var_delta,Kur_delta,SE_delta,LBP_theta,Std_theta,Var_theta,Kur_theta,SE_theta,LBP_alpha,Std_alpha,Var_alpha,Kur_alpha,SE_alpha,LBP_beta,Std_beta,Var_beta,Kur_beta,SE_beta,LBP_gamma,Std_gamma,Var_gamma,Kur_gamma,SE_gamma
-17.849568229072258,0.00013304912461177372,1.7702069559959294e-08,3.021879019900864,-0.000475220254589013,-22.653470764471987,1.2046266892023513e-05,1.4511254603386181e-10,3.0171756396308718,-4.990927314394514e-06,-24.795576780066856,4.127706790632828e-06,1.7037963349436363e-11,3.2452051120326186,-1.2818758357273595e-06,-28.709006720060007,5.833354342704589e-07,3.4028022887550487e-13,3.186700581080438,-5.948940932914721e-08,-34.27175078736225,3.613964352744049e-08,1.3060738342904711e-15,3.18355493386709,-5.473229721452737e-10
