LBP_delta,Std_delta,Var_delta,Kur_delta,SE_delta,LBP_theta,Std_theta,Var_theta,Kur_theta,SE_theta,LBP_alpha,Std_alpha,Var_alpha,Kur_alpha,SE_alpha,LBP_beta,Std_beta,Var_beta,Kur_beta,SE_beta,LBP_gamma,Std_gamma,Var_gamma,Kur_gamma,SE_gamma
-17.952171625808973,0.0001263774074177231,1.597124910562517e-08,2.69485904057956,-0.00043325946268036767,-23.020778732219487,1.0025142767369573e-05,1.0050348750614246e-10,2.944405943026169,-3.5164747200843614e-06,-25.01424226953984,3.7002092881448778e-06,1.3691548776073622e-11,2.9301734601174148,-1.0416814188292794e-06,-28.902636613318737,5.295075927677016e-07,2.8037829079864617e-13,2.939034395740708,-4.9419604219713214e-08,-34.460835457022156,3.287945738407212e-08,1.0810587178710144e-15,2.9431207576958687,-4.5605491586145667e-10
