LBP_delta,Std_delta,Var_delta,Kur_delta,SE_delta,LBP_theta,Std_theta,Var_theta,Kur_theta,SE_theta,LBP_alpha,Std_alpha,Var_alpha,Kur_alpha,SE_alpha,LBP_beta,Std_beta,Var_beta,Kur_beta,SE_beta,LBP_gamma,Std_gamma,Var_gamma,Kur_gamma,SE_gamma
-17.88429833142919,0.00013074103484149617,1.7093218191425316e-08,2.701309478369202,-0.00046189104844850343,-23.081183089437143,9.727130474861664e-06,9.46170672749825e-11,3.0819723971973922,-3.3161417951332857e-06,-24.955707330957186,3.8101052393940052e-06,1.451690193525765e-11,3.041138110716979,-1.1008432405752657e-06,-28.873342319988193,5.373203916083867e-07,2.8871320323819007e-13,3.099735577497501,-5.079811594771713e-08,-34.43714413968454,3.327125263188627e-08,1.1069762516947992e-15,3.1037227283956215,-4.662992061158932e-10
