LBP_delta,Std_delta,Var_delta,Kur_delta,SE_delta,LBP_theta,Std_theta,Var_theta,Kur_theta,SE_theta,LBP_alpha,Std_alpha,Var_alpha,Kur_alpha,SE_alpha,LBP_beta,Std_beta,Var_beta,Kur_beta,SE_beta,LBP_gamma,Std_gamma,Var_gamma,Kur_gamma,SE_gamma
-17.99298018071833,0.00012377901349169043,1.532124418097608e-08,3.049446228860526,-0.0004143630889088425,-22.890042264775033,1.0702405754973429e-05,1.1454148894408835e-10,3.11525508441034,-3.976702499479726e-06,-24.806085988098125,4.106071281978909e-06,1.685982137269192e-11,3.0612669036974607,-1.2703929837590866e-06,-28.572828906310058,6.244374872680228e-07,3.8992217550560204e-13,10.465419379829017,-6.762072705370812e-08,-31.064817417037236,1.796193165891161e-07,3.226309889194112e-14,8937.931731350498,-9.111974113128786e-09
