LBP_delta,Std_delta,Var_delta,Kur_delta,SE_delta,LBP_theta,Std_theta,Var_theta,Kur_theta,SE_theta,LBP_alpha,Std_alpha,Var_alpha,Kur_alpha,SE_alpha,LBP_beta,Std_beta,Var_beta,Kur_beta,SE_beta,LBP_gamma,Std_gamma,Var_gamma,Kur_gamma,SE_gamma
-17.896792182963267,0.00012994531784137756,1.6885785628896636e-08,2.835033323629923,-0.0004553686753364327,-22.678860468399453,1.1885773011760726e-05,1.4127160008709965e-10,3.2949209257800884,-4.862181479211939e-06,-24.64229963911825,4.456486712368928e-06,1.9860273817520816e-11,4.15933750724327,-1.4814887087520662e-06,-28.50424385846912,6.462225228022565e-07,4.176035489769129e-13,6.784429320784553,-7.182475433132811e-08,-34.048936127534795,4.039870673717915e-08,1.632055506036604e-15,7.365182380735663,-6.737100950056993e-10
