LBP_delta,Std_delta,Var_delta,Kur_delta,SE_delta,LBP_theta,Std_theta,Var_theta,Kur_theta,SE_theta,LBP_alpha,Std_alpha,Var_alpha,Kur_alpha,SE_alpha,LBP_beta,Std_beta,Var_beta,Kur_beta,SE_beta,LBP_gamma,Std_gamma,Var_gamma,Kur_gamma,SE_gamma
-17.959326831975098,0.0001259355284209627,1.5859757318667105e-08,2.703606559825923,-0.0004301641176241221,-22.88137697640565,1.0748008555260634e-05,1.1551968790395577e-10,3.178840658010505,-4.0099183816380056e-06,-24.970248714244047,3.782503909758518e-06,1.4307335827338473e-11,2.9616065253016868,-1.0868168868581845e-06,-28.886948548354976,5.336768106608161e-07,2.8481093823710053e-13,3.0797265698098273,-5.0165650053496485e-08,-34.45822422613623,3.292241466738143e-08,1.0838853875310119e-15,3.0958444776637806,-4.570454003943274e-10
