LBP_delta,Std_delta,Var_delta,Kur_delta,SE_delta,LBP_theta,Std_theta,Var_theta,Kur_theta,SE_theta,LBP_alpha,Std_alpha,Var_alpha,Kur_alpha,SE_alpha,LBP_beta,Std_beta,Var_beta,Kur_beta,SE_beta,LBP_gamma,Std_gamma,Var_gamma,Kur_gamma,SE_gamma
-17.889555377807234,0.000130416383582815,1.700843310681994e-08,2.7307034313175094,-0.00045984074632520085,-22.850844563689915,1.091342388871171e-05,1.1910282097470345e-10,4.629989144262859,-4.107915670934384e-06,-24.54545128945408,4.677598578195543e-06,2.1879928458736968e-11,5.315419563008242,-1.6245797942654286e-06,-28.289657554592782,7.194138572788902e-07,5.175562980448913e-13,3.885120820511358,-8.902633500849913e-08,-33.813612958353026,4.5443025628227314e-08,2.0650685782477243e-15,3.8563446463293234,-8.525791055273469e-10
