LBP_delta,Std_delta,Var_delta,Kur_delta,SE_delta,LBP_theta,Std_theta,Var_theta,Kur_theta,SE_theta,LBP_alpha,Std_alpha,Var_alpha,Kur_alpha,SE_alpha,LBP_beta,Std_beta,Var_beta,Kur_beta,SE_beta,LBP_gamma,Std_gamma,Var_gamma,Kur_gamma,SE_gamma
-17.934063298531647,0.00012751474871467726,1.6260011139767287e-08,2.958239537904771,-0.00043954032115156594,-22.59134914532327,1.2426452998671212e-05,1.5441673412818475e-10,3.1037291926125525,-5.292334938103026e-06,-24.78542053618997,4.148720222076621e-06,1.7211879481067494e-11,3.0935539914819086,-1.2948138947585678e-06,-28.80531223797657,5.559118363004489e-07,3.0903796973893714e-13,3.1310955666155817,-5.4223398534640774e-08,-34.38265562692884,3.419016471605513e-08,1.168967363310981e-15,3.0984488971451967,-4.915551616363362e-10
