LBP_delta,Std_delta,Var_delta,Kur_delta,SE_delta,LBP_theta,Std_theta,Var_theta,Kur_theta,SE_theta,LBP_alpha,Std_alpha,Var_alpha,Kur_alpha,SE_alpha,LBP_beta,Std_beta,Var_beta,Kur_beta,SE_beta,LBP_gamma,Std_gamma,Var_gamma,Kur_gamma,SE_gamma
-18.09072854430529,0.00011792874105386652,1.3907187966549903e-08,2.8708047073394027,-0.00037962187355310763,-22.844404658357497,1.094415807869353e-05,1.1977459605143283e-10,3.1724754629807554,-4.152205668788404e-06,-24.655621570749528,4.426900598636578e-06,1.9597448910208895e-11,3.1232419266010782,-1.4666434263959748e-06,-28.456458458268575,6.61847830739713e-07,4.3804255105486367e-13,3.0788323692639685,-7.595643298959548e-08,-34.00744456569568,4.124556312829474e-08,1.7011964777701466e-15,3.035365012421099,-7.078017442007655e-10
