LBP_delta,Std_delta,Var_delta,Kur_delta,SE_delta,LBP_theta,Std_theta,Var_theta,Kur_theta,SE_theta,LBP_alpha,Std_alpha,Var_alpha,Kur_alpha,SE_alpha,LBP_beta,Std_beta,Var_beta,Kur_beta,SE_beta,LBP_gamma,Std_gamma,Var_gamma,Kur_gamma,SE_gamma
-18.03912544296251,0.00012101210449613531,1.4643929434583572e-08,3.0566760486014033,-0.00039704367330456783,-22.92855120524806,1.0498473717427512e-05,1.1021795039551624e-10,3.148208752281297,-3.8349473710744876e-06,-24.652572936355355,4.4336540634652366e-06,1.9657288354481807e-11,3.078231443195877,-1.4713049101036243e-06,-28.431706935290375,6.700895761962656e-07,4.4902004012689087e-13,2.9036303742978666,-7.786572926793435e-08,-33.979455500922825,4.1826833519397054e-08,1.7494840022593568e-15,2.8742402390288486,-7.278372791750912e-10
