LBP_delta,Std_delta,Var_delta,Kur_delta,SE_delta,LBP_theta,Std_theta,Var_theta,Kur_theta,SE_theta,LBP_alpha,Std_alpha,Var_alpha,Kur_alpha,SE_alpha,LBP_beta,Std_beta,Var_beta,Kur_beta,SE_beta,LBP_gamma,Std_gamma,Var_gamma,Kur_gamma,SE_gamma
-17.81816973498521,0.00013514445367358014,1.8264023358730452e-08,3.0609523065913664,-0.0004891715381707491,-22.4892263384304,1.3077052326802524e-05,1.7100929755793132e-10,3.621310367992373,-5.824427889147929e-06,-24.734411384107794,4.255894085925185e-06,1.8112634470612966e-11,9.74071240613563,-1.3467826183122517e-06,-28.776514451994693,5.639742185821165e-07,3.180669192253089e-13,5.844021363547583,-5.551364771348558e-08,-34.35134865263804,3.472957063788427e-08,1.206143076691793e-15,5.46118472355786,-5.049103874554908e-10
