LBP_delta,Std_delta,Var_delta,Kur_delta,SE_delta,LBP_theta,Std_theta,Var_theta,Kur_theta,SE_theta,LBP_alpha,Std_alpha,Var_alpha,Kur_alpha,SE_alpha,LBP_beta,Std_beta,Var_beta,Kur_beta,SE_beta,LBP_gamma,Std_gamma,Var_gamma,Kur_gamma,SE_gamma
-17.69143441804989,0.00014399308896129544,2.0734009668615547e-08,2.921870573338291,-0.000552296945639549,-22.31665360838997,1.4253113522053578e-05,2.0315124507254656e-10,4.967717289931363,-6.821415683147714e-06,-24.105306708302077,5.82906835961681e-06,3.397803794108581e-11,22.24434629799513,-2.3799423189351653e-06,-27.88364656898881,8.813391129298812e-07,7.767586319800298e-13,34.37976130006076,-1.2540210325435296e-07,-33.432964402879286,5.496978291687901e-08,3.0216770339288038e-15,35.86876044655781,-1.1841692645054326e-09
