LBP_delta,Std_delta,Var_delta,Kur_delta,SE_delta,LBP_theta,Std_theta,Var_theta,Kur_theta,SE_theta,LBP_alpha,Std_alpha,Var_alpha,Kur_alpha,SE_alpha,LBP_beta,Std_beta,Var_beta,Kur_beta,SE_beta,LBP_gamma,Std_gamma,Var_gamma,Kur_gamma,SE_gamma
-17.83621178490419,0.00013393243886282026,1.7937898179743084e-08,2.8704429588681473,-0.00048202557950864546,-22.339167321322126,1.4094580962286761e-05,1.9865721250245642e-10,5.5124733068960685,-6.670718946942419e-06,-23.633298399632828,7.380647254729709e-06,5.447395389874919e-11,29.158629166861704,-3.648799025832685e-06,-27.2244439903511,1.225426028160866e-06,1.5016689504941158e-12,34.91718759012399,-2.3197680213545318e-07,-32.72734881543851,7.822516737403234e-08,6.1191768106953745e-15,36.434255122218104,-2.307363659046094e-09
