LBP_delta,Std_delta,Var_delta,Kur_delta,SE_delta,LBP_theta,Std_theta,Var_theta,Kur_theta,SE_theta,LBP_alpha,Std_alpha,Var_alpha,Kur_alpha,SE_alpha,LBP_beta,Std_beta,Var_beta,Kur_beta,SE_beta,LBP_gamma,Std_gamma,Var_gamma,Kur_gamma,SE_gamma
-17.954664375808395,0.00012621684841428486,1.593069282363456e-08,2.9657835186176498,-0.0004305227499377286,-22.758792857591484,1.1428146899734716e-05,1.306025415619162e-10,3.116056146751632,-4.510719791689784e-06,-24.78011371647772,4.159744291811291e-06,1.7303472573256617e-11,3.2507489607142324,-1.3015733398629838e-06,-28.75277722842909,5.707077212642188e-07,3.2570730311059733e-13,3.060448471908452,-5.707869370019271e-08,-34.32446396876962,3.51995681969818e-08,1.2390096012539726e-15,3.0399055194733235,-5.20361255036681e-10
