LBP_delta,Std_delta,Var_delta,Kur_delta,SE_delta,LBP_theta,Std_theta,Var_theta,Kur_theta,SE_theta,LBP_alpha,Std_alpha,Var_alpha,Kur_alpha,SE_alpha,LBP_beta,Std_beta,Var_beta,Kur_beta,SE_beta,LBP_gamma,Std_gamma,Var_gamma,Kur_gamma,SE_gamma
-17.6572606790672,0.00014647642345460825,2.1455342628053707e-08,3.0571918387010832,-0.0005700753146230165,-22.567507588974696,1.257481931920913e-05,1.5812608091075518e-10,2.9831379516008423,-5.418704334201697e-06,-24.79226412342877,4.134548320137737e-06,1.709448981155378e-11,3.004997922916105,-1.2875516158733283e-06,-28.829308945035724,5.492812887380675e-07,3.0170993415775235e-13,3.4056601824190733,-5.298042595847449e-08,-34.421720501210864,3.352882716627874e-08,1.1241822511461913e-15,3.1799073463139167,-4.733867735433099e-10
