LBP_delta,Std_delta,Var_delta,Kur_delta,SE_delta,LBP_theta,Std_theta,Var_theta,Kur_theta,SE_theta,LBP_alpha,Std_alpha,Var_alpha,Kur_alpha,SE_alpha,LBP_beta,Std_beta,Var_beta,Kur_beta,SE_beta,LBP_gamma,Std_gamma,Var_gamma,Kur_gamma,SE_gamma
-17.735521904644365,0.0001408529682910118,1.9839558676388776e-08,3.1301797353587375,-0.0005276883343102554,-22.632574192451088,1.2173037422478875e-05,1.4818284008907113e-10,3.327770271181133,-5.07978703753979e-06,-24.63623297731616,4.470024283676789e-06,1.998111709666019e-11,6.139734323154016,-1.4818398341524278e-06,-28.449784752091006,6.640606277193994e-07,4.4097651728708274e-13,8.385851061035137,-7.554252451445738e-08,-33.9937514234692,4.1528922871226785e-08,1.7246514348443032e-15,9.104447587052663,-7.092127716938469e-10
