LBP_delta,Std_delta,Var_delta,Kur_delta,SE_delta,LBP_theta,Std_theta,Var_theta,Kur_theta,SE_theta,LBP_alpha,Std_alpha,Var_alpha,Kur_alpha,SE_alpha,LBP_beta,Std_beta,Var_beta,Kur_beta,SE_beta,LBP_gamma,Std_gamma,Var_gamma,Kur_gamma,SE_gamma
-17.95789377241795,0.00012603037863717937,1.58836563394308e-08,3.326548265832602,-0.0004274023105258196,-22.637679627652133,1.2141731344437477e-05,1.474216400404955e-10,3.088514656268277,-5.06600371669392e-06,-24.812729706675647,4.092457525522347e-06,1.674820859820449e-11,3.209299369987279,-1.2606453522210398e-06,-28.80797756441606,5.551714780283647e-07,3.0821537001619897e-13,3.1731612249409094,-5.408266342101479e-08,-34.38138857178796,3.421183029141302e-08,1.1704493318884455e-15,3.141427830648203,-4.921505187474833e-10
