LBP_delta,Std_delta,Var_delta,Kur_delta,SE_delta,LBP_theta,Std_theta,Var_theta,Kur_theta,SE_theta,LBP_alpha,Std_alpha,Var_alpha,Kur_alpha,SE_alpha,LBP_beta,Std_beta,Var_beta,Kur_beta,SE_beta,LBP_gamma,Std_gamma,Var_gamma,Kur_gamma,SE_gamma
-17.83498741325866,0.00013402368168319317,1.7962347251917886e-08,2.995790110447285,-0.0004825297226729513,-22.59272754930808,1.2417523532620711e-05,1.5419489068318913e-10,2.9839906674484014,-5.291275953747919e-06,-24.795456638052784,4.127954732845924e-06,1.704001027642506e-11,2.9426803838970987,-1.2841701508817976e-06,-28.780408741662754,5.6287702564149e-07,3.168305459950105e-13,2.9126137639477285,-5.561006978307542e-08,-34.35391020383544,3.468511830556851e-08,1.2030574318712841e-15,2.9135112194966855,-5.059408867699646e-10
