LBP_delta,Std_delta,Var_delta,Kur_delta,SE_delta,LBP_theta,Std_theta,Var_theta,Kur_theta,SE_theta,LBP_alpha,Std_alpha,Var_alpha,Kur_alpha,SE_alpha,LBP_beta,Std_beta,Var_beta,Kur_beta,SE_beta,LBP_gamma,Std_gamma,Var_gamma,Kur_gamma,SE_gamma
-17.846693037179946,0.00013323860411782633,1.775252562726685e-08,2.9338392648934537,-0.0004765730490855387,-22.613357266905687,1.228591389136508e-05,1.5094368014603747e-10,3.099190450721637,-5.181813144810268e-06,-24.76939438439094,4.182099151615202e-06,1.748995331394059e-11,2.982389281704708,-1.3163011604846083e-06,-28.768592861083427,5.662124589712329e-07,3.2059654869425016e-13,2.9843336350105085,-5.624593141839199e-08,-34.33700861972725,3.497947731259438e-08,1.2235638330623048e-15,2.9629423070772356,-5.142996740744019e-10
