LBP_delta,Std_delta,Var_delta,Kur_delta,SE_delta,LBP_theta,Std_theta,Var_theta,Kur_theta,SE_theta,LBP_alpha,Std_alpha,Var_alpha,Kur_alpha,SE_alpha,LBP_beta,Std_beta,Var_beta,Kur_beta,SE_beta,LBP_gamma,Std_gamma,Var_gamma,Kur_gamma,SE_gamma
-17.849594020558857,0.00013304845254692374,1.770189072513102e-08,2.9564223930660156,-0.00047548828599236666,-22.96878905672006,1.028790028694802e-05,1.0584089231418516e-10,3.5113729751757257,-3.683678914591116e-06,-24.770667873477446,4.179436508904346e-06,1.7467689531962543e-11,4.506016670213603,-1.3070275020808935e-06,-28.608663677633817,6.133488961092132e-07,3.761968683583904e-13,7.19673271044912,-6.487114004801063e-08,-34.16799441936502,3.806398754485763e-08,1.4488671478150769e-15,7.366059255627248,-5.99936935672302e-10
