LBP_delta,Std_delta,Var_delta,Kur_delta,SE_delta,LBP_theta,Std_theta,Var_theta,Kur_theta,SE_theta,LBP_alpha,Std_alpha,Var_alpha,Kur_alpha,SE_alpha,LBP_beta,Std_beta,Var_beta,Kur_beta,SE_beta,LBP_gamma,Std_gamma,Var_gamma,Kur_gamma,SE_gamma
-18.061293812635448,0.00011904502918076345,1.4171718972648819e-08,3.258541835937956,-0.0003882566925304644,-22.643289776990592,1.2107990322704463e-05,1.4660342965470492e-10,12.492311981466294,-4.930460559375557e-06,-24.503919430799165,4.775722382545192e-06,2.280752427514312e-11,31.35409124500237,-1.6532155760058418e-06,-28.279787398985537,7.229729288590665e-07,5.226898558630568e-13,68.01917620914487,-8.666660688594463e-08,-29.823570135941118,3.341073928290625e-07,1.1162774994303346e-13,9532.35724270985,-2.929684992166539e-08
