LBP_delta,Std_delta,Var_delta,Kur_delta,SE_delta,LBP_theta,Std_theta,Var_theta,Kur_theta,SE_theta,LBP_alpha,Std_alpha,Var_alpha,Kur_alpha,SE_alpha,LBP_beta,Std_beta,Var_beta,Kur_beta,SE_beta,LBP_gamma,Std_gamma,Var_gamma,Kur_gamma,SE_gamma
-17.848287238445696,0.00013313073621959375,1.7723792926371053e-08,2.968817929910604,-0.0004757581930357928,-23.061493023088566,9.82334208130455e-06,9.649804964632882e-11,3.504920166906861,-3.3756024606135334e-06,-24.761882105046638,4.197837394706944e-06,1.762183879239998e-11,4.402766064490865,-1.3187462069431963e-06,-28.570276293397537,6.252350487633864e-07,3.9091886620215413e-13,4.123637534774385,-6.778641972025356e-08,-34.10926725101137,3.9198253799237495e-08,1.5365031009094366e-15,4.141077253783653,-6.389311841588681e-10
