LBP_delta,Std_delta,Var_delta,Kur_delta,SE_delta,LBP_theta,Std_theta,Var_theta,Kur_theta,SE_theta,LBP_alpha,Std_alpha,Var_alpha,Kur_alpha,SE_alpha,LBP_beta,Std_beta,Var_beta,Kur_beta,SE_beta,LBP_gamma,Std_gamma,Var_gamma,Kur_gamma,SE_gamma
-18.003588290976122,0.0001231728520346744,1.5171551478355793e-08,2.6942480063263963,-0.0004128115353961991,-22.982473496292986,1.021922694034857e-05,1.0443259925834598e-10,3.38400451930987,-3.6373327116465047e-06,-24.765129625376993,4.191026646298661e-06,1.75647043499854e-11,4.8890667431307175,-1.3116294415981552e-06,-28.561377389098425,6.280232157178525e-07,3.944131594805923e-13,8.283429171822435,-6.77340202860439e-08,-34.10978816474428,3.918804559614261e-08,1.5357029176453527e-15,8.829486327908928,-6.332677764435084e-10
