LBP_delta,Std_delta,Var_delta,Kur_delta,SE_delta,LBP_theta,Std_theta,Var_theta,Kur_theta,SE_theta,LBP_alpha,Std_alpha,Var_alpha,Kur_alpha,SE_alpha,LBP_beta,Std_beta,Var_beta,Kur_beta,SE_beta,LBP_gamma,Std_gamma,Var_gamma,Kur_gamma,SE_gamma
-17.801656878505625,0.00013625140180707456,1.856444449439288e-08,3.7990395449719827,-0.0004926208245834544,-23.042489556947586,9.917012816590278e-06,9.834714320441583e-11,3.045428733443449,-3.4432580580673042e-06,-24.852211267585293,4.012461506668718e-06,1.60998473424982e-11,3.6253711293474953,-1.213620466699429e-06,-28.821359793049837,5.514691413431012e-07,3.041182138536973e-13,3.7109395553797415,-5.331700204822162e-08,-34.387586659360885,3.410597167861778e-08,1.1632173041426779e-15,3.662233144993345,-4.885639029843548e-10
