LBP_delta,Std_delta,Var_delta,Kur_delta,SE_delta,LBP_theta,Std_theta,Var_theta,Kur_theta,SE_theta,LBP_alpha,Std_alpha,Var_alpha,Kur_alpha,SE_alpha,LBP_beta,Std_beta,Var_beta,Kur_beta,SE_beta,LBP_gamma,Std_gamma,Var_gamma,Kur_gamma,SE_gamma
-17.949625359354933,0.0001265576000672613,1.601682613478486e-08,2.805318527233909,-0.00043414406283483566,-22.99589685569527,1.0150760784623819e-05,1.0303794450665677e-10,3.247201103945517,-3.591991276879375e-06,-24.77748920921039,4.16520657932513e-06,1.734894584845335e-11,5.846268311690188,-1.2936923063715864e-06,-28.595469576145824,6.17408397624197e-07,3.811931294568785e-13,8.387292858132293,-6.560905948434997e-08,-34.15056154266426,3.839722015081622e-08,1.4743465153102472e-15,8.474678103887666,-6.095071666203624e-10
