LBP_delta,Std_delta,Var_delta,Kur_delta,SE_delta,LBP_theta,Std_theta,Var_theta,Kur_theta,SE_theta,LBP_alpha,Std_alpha,Var_alpha,Kur_alpha,SE_alpha,LBP_beta,Std_beta,Var_beta,Kur_beta,SE_beta,LBP_gamma,Std_gamma,Var_gamma,Kur_gamma,SE_gamma
-17.922102980859442,0.0001283087030444609,1.6463123276951656e-08,2.7653606358102043,-0.000444877961827254,-22.989689444289642,1.0176697477076803e-05,1.0356517153994139e-10,2.995278912146262,-3.6229406649402826e-06,-24.853945926017012,4.008982999227583e-06,1.6071944688095786e-11,3.258925672617171,-1.212121672502976e-06,-28.641873685931785,6.032483646491924e-07,3.63908589451925e-13,3.418908746762769,-6.343183610913314e-08,-34.184630895678154,3.774867539844418e-08,1.424962494337105e-15,3.4264155338256055,-5.953184412765284e-10
