LBP_delta,Std_delta,Var_delta,Kur_delta,SE_delta,LBP_theta,Std_theta,Var_theta,Kur_theta,SE_theta,LBP_alpha,Std_alpha,Var_alpha,Kur_alpha,SE_alpha,LBP_beta,Std_beta,Var_beta,Kur_beta,SE_beta,LBP_gamma,Std_gamma,Var_gamma,Kur_gamma,SE_gamma
-18.14027564108559,0.00011504687107888476,1.323578254504153e-08,2.8449485062321282,-0.00036223309211694276,-22.968185882533668,1.029208184094987e-05,1.0592694862081009e-10,3.153290568838433,-3.6920816287449914e-06,-24.673655905593474,4.387162228038812e-06,1.924719241513047e-11,6.1376800435116055,-1.4283841341892176e-06,-28.457495584262023,6.615053290189095e-07,4.375893003204157e-13,9.50235054757933,-7.464200348024636e-08,-33.993038158836235,4.1543735503977334e-08,1.7258819596244267e-15,9.900294836273764,-7.073348709121613e-10
