LBP_delta,Std_delta,Var_delta,Kur_delta,SE_delta,LBP_theta,Std_theta,Var_theta,Kur_theta,SE_theta,LBP_alpha,Std_alpha,Var_alpha,Kur_alpha,SE_alpha,LBP_beta,Std_beta,Var_beta,Kur_beta,SE_beta,LBP_gamma,Std_gamma,Var_gamma,Kur_gamma,SE_gamma
-18.013325311475896,0.00012258507267921815,1.5027100043769195e-08,3.492271250587279,-0.00040475747073272065,-22.940836116717346,1.0431609373938364e-05,1.0881847413043875e-10,3.0440639369402525,-3.793869103763443e-06,-24.823264388470303,4.070958034153938e-06,1.657269931584249e-11,3.734287558423609,-1.2455157190546626e-06,-28.66602488985749,5.960075745143722e-07,3.55225028878505e-13,5.333205510873877,-6.163690376905242e-08,-34.215603281556994,3.716859499282563e-08,1.3815044537407023e-15,5.489289315368517,-5.748716924663736e-10
