LBP_delta,Std_delta,Var_delta,Kur_delta,SE_delta,LBP_theta,Std_theta,Var_theta,Kur_theta,SE_theta,LBP_alpha,Std_alpha,Var_alpha,Kur_alpha,SE_alpha,LBP_beta,Std_beta,Var_beta,Kur_beta,SE_beta,LBP_gamma,Std_gamma,Var_gamma,Kur_gamma,SE_gamma
-17.848930542449683,0.00013308949349481326,1.771281327870594e-08,2.4513177428541817,-0.00047877260066213123,-22.938922827355782,1.0444215230930751e-05,1.0908163179000589e-10,3.07845536620808,-3.7961381655719956e-06,-24.84008335096461,4.036866111252612e-06,1.6296288000179786e-11,3.6291653136357866,-1.2260445888676135e-06,-28.699208749116057,5.862001401836536e-07,3.4363060435133506e-13,3.685759515528977,-5.992585217863165e-08,-34.25235137078785,3.649189385913285e-08,1.3316583174262176e-15,3.722895710124973,-5.564522038545214e-10
