LBP_delta,Std_delta,Var_delta,Kur_delta,SE_delta,LBP_theta,Std_theta,Var_theta,Kur_theta,SE_theta,LBP_alpha,Std_alpha,Var_alpha,Kur_alpha,SE_alpha,LBP_beta,Std_beta,Var_beta,Kur_beta,SE_beta,LBP_gamma,Std_gamma,Var_gamma,Kur_gamma,SE_gamma
-17.784424961950283,0.000137445945829855,1.8891388025063435e-08,2.9068181741582424,-0.000505675404733514,-23.020555610787984,1.0024605998680867e-05,1.0049272542878843e-10,2.9410263435679136,-3.5170398113410464e-06,-24.667800268676082,4.400024318740783e-06,1.9360214005510295e-11,3.0884768199724264,-1.451210477298172e-06,-28.48958390421999,6.509765414186028e-07,4.237704574773259e-13,3.2460654601896417,-7.353869980577049e-08,-34.04172120178806,4.054470048532857e-08,1.6438727374450031e-15,3.180010982200274,-6.843548460695222e-10
