LBP_delta,Std_delta,Var_delta,Kur_delta,SE_delta,LBP_theta,Std_theta,Var_theta,Kur_theta,SE_theta,LBP_alpha,Std_alpha,Var_alpha,Kur_alpha,SE_alpha,LBP_beta,Std_beta,Var_beta,Kur_beta,SE_beta,LBP_gamma,Std_gamma,Var_gamma,Kur_gamma,SE_gamma
-17.82162134158559,0.00013492181756013684,1.8203896853730852e-08,3.0028166012429307,-0.000488431507192532,-22.976482977246047,1.024986071985576e-05,1.0505964477644204e-10,3.005037896820651,-3.6659296646205837e-06,-24.975379848882053,3.7728118892823838e-06,1.423410955191051e-11,3.2256174625028047,-1.0785478000801735e-06,-28.926043202891794,5.233467297957176e-07,2.7389179958787184e-13,2.8910032868884303,-4.833392381812992e-08,-34.49816709256184,3.227142394344211e-08,1.0414448033373685e-15,2.839948494009493,-4.401736004073519e-10
