LBP_delta,Std_delta,Var_delta,Kur_delta,SE_delta,LBP_theta,Std_theta,Var_theta,Kur_theta,SE_theta,LBP_alpha,Std_alpha,Var_alpha,Kur_alpha,SE_alpha,LBP_beta,Std_beta,Var_beta,Kur_beta,SE_beta,LBP_gamma,Std_gamma,Var_gamma,Kur_gamma,SE_gamma
-17.760287358262893,0.00013906022911986486,1.933774732286931e-08,2.913125783987753,-0.0005176234125104098,-22.794171099328747,1.122608297678869e-05,1.2602493900174482e-10,3.604344605865784,-4.3492926580157805e-06,-24.250628076190626,5.420497824985818e-06,2.938179667067599e-11,6.864400151512127,-2.147431792989657e-06,-27.720942918591195,9.56033267107616e-07,9.139996078164623e-13,147.94998041185235,-1.4735972321013672e-07,-29.14741861058338,4.6850897884987236e-07,2.1950066326295017e-13,4334.10914182506,-5.798468243658499e-08
