LBP_delta,Std_delta,Var_delta,Kur_delta,SE_delta,LBP_theta,Std_theta,Var_theta,Kur_theta,SE_theta,LBP_alpha,Std_alpha,Var_alpha,Kur_alpha,SE_alpha,LBP_beta,Std_beta,Var_beta,Kur_beta,SE_beta,LBP_gamma,Std_gamma,Var_gamma,Kur_gamma,SE_gamma
-17.563844811315505,0.00015325769009148308,2.3487919572177068e-08,2.524497088508516,-0.0006258001907324484,-22.87433275207314,1.0787025564828473e-05,1.1635992053626302e-10,7.333669335699474,-4.0015605399764e-06,-24.690832428679304,4.3496244005446196e-06,1.891923242581314e-11,114.56076434307023,-1.355942428078695e-06,-28.219629399844393,7.450485400146917e-07,5.550973269780238e-13,504.74948329743177,-8.663273220792496e-08,-28.49546995785429,6.490327180817017e-07,4.2124346914052165e-13,5703.885982767588,-1.0656302700175402e-07
