LBP_delta,Std_delta,Var_delta,Kur_delta,SE_delta,LBP_theta,Std_theta,Var_theta,Kur_theta,SE_theta,LBP_alpha,Std_alpha,Var_alpha,Kur_alpha,SE_alpha,LBP_beta,Std_beta,Var_beta,Kur_beta,SE_beta,LBP_gamma,Std_gamma,Var_gamma,Kur_gamma,SE_gamma
-17.826708548547522,0.00013457959925793864,1.8111668536427356e-08,2.5714899051075712,-0.00048779156826464607,-22.8930886405097,1.0685698815833962e-05,1.1418415918271532e-10,3.166397461147019,-3.9686359716580274e-06,-24.992402253445576,3.7408370647878936e-06,1.3993861945290903e-11,2.9259930424709903,-1.0635673485248964e-06,-28.959452655288167,5.146769718299233e-07,2.6489238533201965e-13,2.9595335902544133,-4.677786188714881e-08,-34.53129729285551,3.1741252749397835e-08,1.0075071261011556e-15,2.9580705002107064,-4.2587029519916335e-10
