LBP_delta,Std_delta,Var_delta,Kur_delta,SE_delta,LBP_theta,Std_theta,Var_theta,Kur_theta,SE_theta,LBP_alpha,Std_alpha,Var_alpha,Kur_alpha,SE_alpha,LBP_beta,Std_beta,Var_beta,Kur_beta,SE_beta,LBP_gamma,Std_gamma,Var_gamma,Kur_gamma,SE_gamma
-17.843676374266906,0.00013343924414276978,1.780603187739372e-08,3.0380192625280094,-0.000477527472021508,-22.848716023355987,1.0916356323243032e-05,1.191668353760081e-10,3.514280518949223,-4.1267423302041805e-06,-24.64782467921689,4.444192393716263e-06,1.9750846032365493e-11,15.36999550044423,-1.4445421739885168e-06,-28.584762416726093,6.207228114018503e-07,3.852968085946171e-13,18.153245049966767,-6.569550088707314e-08,-34.13099169928904,3.877477730629808e-08,1.5034833551530084e-15,19.186948049217584,-6.161219357499187e-10
