LBP_delta,Std_delta,Var_delta,Kur_delta,SE_delta,LBP_theta,Std_theta,Var_theta,Kur_theta,SE_theta,LBP_alpha,Std_alpha,Var_alpha,Kur_alpha,SE_alpha,LBP_beta,Std_beta,Var_beta,Kur_beta,SE_beta,LBP_gamma,Std_gamma,Var_gamma,Kur_gamma,SE_gamma
-17.755460974596566,0.00013945984881796105,1.9449049432328554e-08,3.3504724547154594,-0.000518385664960567,-22.265199158136024,1.4627375992683381e-05,2.1396012843133012e-10,5.555699115106488,-7.1375044811120035e-06,-23.357226948505602,8.473105457782531e-06,7.179351609870411e-11,13.230266254010168,-4.876030141468118e-06,-26.95790799931405,1.4001180549975075e-06,1.9603305679300036e-12,15.254095746832098,-3.0864081390761446e-07,-32.45707782334169,8.954371351571542e-08,8.018076630184515e-15,15.39906863640283,-3.0745370529834096e-09
