LBP_delta,Std_delta,Var_delta,Kur_delta,SE_delta,LBP_theta,Std_theta,Var_theta,Kur_theta,SE_theta,LBP_alpha,Std_alpha,Var_alpha,Kur_alpha,SE_alpha,LBP_beta,Std_beta,Var_beta,Kur_beta,SE_beta,LBP_gamma,Std_gamma,Var_gamma,Kur_gamma,SE_gamma
-17.969745021391088,0.00012528604683625447,1.569659353185615e-08,3.7510776337679737,-0.0004220145365968561,-22.74260133098652,1.1521055243752762e-05,1.32734713929603e-10,3.460064792785926,-4.577637028098881e-06,-24.284145651002653,5.330460732833408e-06,2.841381162427887e-11,3.0747054595881598,-2.0943793661298524e-06,-28.05363772126589,8.095244189704714e-07,6.553297849094793e-13,3.6477736917992862,-1.1171490827269851e-07,-33.587360910557514,5.088587389135038e-08,2.5893721616864143e-15,3.5149964851787465,-1.0618109087831342e-09
