LBP_delta,Std_delta,Var_delta,Kur_delta,SE_delta,LBP_theta,Std_theta,Var_theta,Kur_theta,SE_theta,LBP_alpha,Std_alpha,Var_alpha,Kur_alpha,SE_alpha,LBP_beta,Std_beta,Var_beta,Kur_beta,SE_beta,LBP_gamma,Std_gamma,Var_gamma,Kur_gamma,SE_gamma
-17.865005656894862,0.000132019478732007,1.742914276467085e-08,3.0842313500013865,-0.0004675567071818555,-22.68338790479659,1.1866753223907345e-05,1.4081983207711535e-10,3.343388344200741,-4.841620537594826e-06,-24.220471998402328,5.502896286608756e-06,3.028186754117244e-11,3.042955327694994,-2.2263659200377125e-06,-27.97170946012333,8.433744136024436e-07,7.112804015192656e-13,3.116164178983206,-1.2112325432162006e-07,-33.511317752614325,5.285788817349232e-08,2.7939563421614193e-15,3.126203000618066,-1.1444307589222474e-09
