LBP_delta,Std_delta,Var_delta,Kur_delta,SE_delta,LBP_theta,Std_theta,Var_theta,Kur_theta,SE_theta,LBP_alpha,Std_alpha,Var_alpha,Kur_alpha,SE_alpha,LBP_beta,Std_beta,Var_beta,Kur_beta,SE_beta,LBP_gamma,Std_gamma,Var_gamma,Kur_gamma,SE_gamma
-18.023623645430668,0.00012193966237686715,1.486928126058435e-08,2.9008603653351592,-0.0004041881282864864,-22.794013158772792,1.1228969121567392e-05,1.26089747533114e-10,3.129849695316564,-4.36010686504833e-06,-24.469437933147567,4.85879951204988e-06,2.3607932698296152e-11,3.1834457613309493,-1.7526461869489723e-06,-28.259109349110755,7.304867349317981e-07,5.336108699113191e-13,3.107581602157639,-9.18379276608605e-08,-33.80034191377134,4.574556616644965e-08,2.092656823889023e-15,3.0146638253571565,-8.653640137421137e-10
