LBP_delta,Std_delta,Var_delta,Kur_delta,SE_delta,LBP_theta,Std_theta,Var_theta,Kur_theta,SE_theta,LBP_alpha,Std_alpha,Var_alpha,Kur_alpha,SE_alpha,LBP_beta,Std_beta,Var_beta,Kur_beta,SE_beta,LBP_gamma,Std_gamma,Var_gamma,Kur_gamma,SE_gamma
-17.798296471897864,0.00013649663038070212,1.8631330105286016e-08,2.6489178609581794,-0.0005004306846746191,-22.826837657819336,1.1043870288896283e-05,1.2196707095796608e-10,3.2009727422093186,-4.228428545688167e-06,-24.550234758615435,4.666423278544619e-06,2.1775506214543113e-11,3.1118274345227452,-1.6223436689066583e-06,-28.326347588379345,7.06336563820002e-07,4.989113413890478e-13,3.0420696697437712,-8.610091730789767e-08,-33.865475308355386,4.427978116105324e-08,1.9606990196707652e-15,3.027652208484242,-8.123358922548305e-10
