LBP_delta,Std_delta,Var_delta,Kur_delta,SE_delta,LBP_theta,Std_theta,Var_theta,Kur_theta,SE_theta,LBP_alpha,Std_alpha,Var_alpha,Kur_alpha,SE_alpha,LBP_beta,Std_beta,Var_beta,Kur_beta,SE_beta,LBP_gamma,Std_gamma,Var_gamma,Kur_gamma,SE_gamma
-17.8944117631341,0.0001300564685704383,1.6914685017013406e-08,3.154136844919792,-0.0004553914667366067,-22.95693105119093,1.035047442854822e-05,1.0713232089603061e-10,3.136992817559678,-3.7323444068076453e-06,-24.455154776931604,4.893624017235796e-06,2.3947556022067014e-11,2.9225364978346566,-1.779467863176814e-06,-28.314641587190973,7.104830162762159e-07,5.047861164169497e-13,3.0296709501113304,-8.705104666805369e-08,-33.860195447048795,4.439683128277782e-08,1.971078627951439e-15,3.010551516268042,-8.161529248302671e-10
