LBP_delta,Std_delta,Var_delta,Kur_delta,SE_delta,LBP_theta,Std_theta,Var_theta,Kur_theta,SE_theta,LBP_alpha,Std_alpha,Var_alpha,Kur_alpha,SE_alpha,LBP_beta,Std_beta,Var_beta,Kur_beta,SE_beta,LBP_gamma,Std_gamma,Var_gamma,Kur_gamma,SE_gamma
-17.643963701589122,0.00014740822782091347,2.1729185629302326e-08,3.2858255387814785,-0.0005752104726187749,-22.588160184518276,1.2446099709271702e-05,1.5490539797313315e-10,12.314780005536713,-5.2068517654666714e-06,-23.974825934465464,6.2220287370906955e-06,3.871364160518243e-11,70.9086806343801,-2.6882238011523607e-06,-27.656536212346985,9.873232017388447e-07,9.748071046918433e-13,46.06099446871758,-1.5836756883407506e-07,-29.880229232491853,3.2477912772155903e-07,1.0548148180357676e-13,7298.454305824168,-2.8489550593741738e-08
