LBP_delta,Std_delta,Var_delta,Kur_delta,SE_delta,LBP_theta,Std_theta,Var_theta,Kur_theta,SE_theta,LBP_alpha,Std_alpha,Var_alpha,Kur_alpha,SE_alpha,LBP_beta,Std_beta,Var_beta,Kur_beta,SE_beta,LBP_gamma,Std_gamma,Var_gamma,Kur_gamma,SE_gamma
-17.96428562957852,0.00012563265263746033,1.5783563408724768e-08,3.0154397790115075,-0.00042690644758625084,-22.96730123018913,1.0296940344309991e-05,1.0602698045427876e-10,3.0652928284051484,-3.697578237097794e-06,-24.648597348214953,4.4424760227641625e-06,1.9735593212834493e-11,3.2016770063686817,-1.4759006538988526e-06,-28.46173314425545,6.601051958421981e-07,4.357388695778668e-13,3.7796119065796545,-7.535626343218893e-08,-34.00588493655789,4.1277739761905025e-08,1.7038517998515549e-15,3.848532256377107,-7.071229471260691e-10
