LBP_delta,Std_delta,Var_delta,Kur_delta,SE_delta,LBP_theta,Std_theta,Var_theta,Kur_theta,SE_theta,LBP_alpha,Std_alpha,Var_alpha,Kur_alpha,SE_alpha,LBP_beta,Std_beta,Var_beta,Kur_beta,SE_beta,LBP_gamma,Std_gamma,Var_gamma,Kur_gamma,SE_gamma
-18.024682248172034,0.00012188115475426624,1.4855015884233396e-08,2.8563740034886793,-0.0004040332887997516,-22.9891429494571,1.017731329284038e-05,1.0357770586062551e-10,2.972107501664795,-3.6240568363300395e-06,-24.54735202515973,4.673154904514296e-06,2.1838376761586016e-11,3.194165130963271,-1.6259959633307122e-06,-28.274163905426356,7.250087045102918e-07,5.256376216156916e-13,3.3113483660386835,-9.047969339035442e-08,-33.81599874034759,4.5388848473953555e-08,2.060147565791516e-15,3.1761751129416456,-8.51996717301579e-10
