LBP_delta,Std_delta,Var_delta,Kur_delta,SE_delta,LBP_theta,Std_theta,Var_theta,Kur_theta,SE_theta,LBP_alpha,Std_alpha,Var_alpha,Kur_alpha,SE_alpha,LBP_beta,Std_beta,Var_beta,Kur_beta,SE_beta,LBP_gamma,Std_gamma,Var_gamma,Kur_gamma,SE_gamma
-17.76695075760759,0.00013866093678079365,1.9226855388927252e-08,2.874195032774725,-0.000514514073665236,-22.947383639913078,1.0400111939299285e-05,1.0816232834995551e-10,3.671499569015022,-3.753502610275113e-06,-24.63038342433149,4.48311820887335e-06,2.009834887473179e-11,6.112562752112704,-1.4891211626211023e-06,-28.43073287552106,6.704165889584685e-07,4.4945840275070807e-13,6.051355746400036,-7.71682964220788e-08,-33.97596544403996,4.1899886256901475e-08,1.7556004683412808e-15,6.063867362380583,-7.240468724490013e-10
