LBP_delta,Std_delta,Var_delta,Kur_delta,SE_delta,LBP_theta,Std_theta,Var_theta,Kur_theta,SE_theta,LBP_alpha,Std_alpha,Var_alpha,Kur_alpha,SE_alpha,LBP_beta,Std_beta,Var_beta,Kur_beta,SE_beta,LBP_gamma,Std_gamma,Var_gamma,Kur_gamma,SE_gamma
-17.90412326929663,0.00012946717134227888,1.6761748455370994e-08,2.680219643566784,-0.00045331272909244396,-23.02744775837443,9.991423176978671e-06,9.982853710146657e-11,3.115692564552018,-3.487959605889189e-06,-24.961605185708866,3.7988861417423166e-06,1.4431535917921823e-11,3.119481012412204,-1.0942487120664058e-06,-28.832813140058352,5.483201142139108e-07,3.006549476515562e-13,3.0919238571739425,-5.28323332028531e-08,-34.393731554638485,3.400134419982015e-08,1.1560914073946436e-15,3.1009700853024227,-4.865080023635633e-10
