LBP_delta,Std_delta,Var_delta,Kur_delta,SE_delta,LBP_theta,Std_theta,Var_theta,Kur_theta,SE_theta,LBP_alpha,Std_alpha,Var_alpha,Kur_alpha,SE_alpha,LBP_beta,Std_beta,Var_beta,Kur_beta,SE_beta,LBP_gamma,Std_gamma,Var_gamma,Kur_gamma,SE_gamma
-17.751185899652658,0.00013975503020303897,1.953146846705233e-08,2.989011370025236,-0.0005217744436731948,-22.99282527009804,1.0166496728677697e-05,1.033576557342143e-10,3.2465048164107433,-3.6071493912664993e-06,-24.877082044903975,3.962873532389393e-06,1.570436663371238e-11,3.8840483615710064,-1.1841363460751394e-06,-28.63635895016894,6.049140066464532e-07,3.659209554370653e-13,6.199343524949311,-6.340092242276397e-08,-34.18482959649474,3.7744925181139125e-08,1.4246793769297903e-15,6.390350709090591,-5.919356716380168e-10
