LBP_delta,Std_delta,Var_delta,Kur_delta,SE_delta,LBP_theta,Std_theta,Var_theta,Kur_theta,SE_theta,LBP_alpha,Std_alpha,Var_alpha,Kur_alpha,SE_alpha,LBP_beta,Std_beta,Var_beta,Kur_beta,SE_beta,LBP_gamma,Std_gamma,Var_gamma,Kur_gamma,SE_gamma
-17.826203843969914,0.00013461240823557804,1.812050045098192e-08,2.8809566406337623,-0.0004866164576307912,-22.829717960096115,1.1030213409248914e-05,1.2166560785357453e-10,3.868571441249832,-4.207028094753537e-06,-24.544124575068377,4.680702730231452e-06,2.190897804879617e-11,8.63391342343498,-1.6075151216173692e-06,-28.343280488747993,7.003817755838877e-07,4.905346315700393e-13,12.524498772312512,-8.334349937270894e-08,-33.87675913945625,4.4030662383730585e-08,1.9386992299500677e-15,12.60151240592317,-7.922221885884683e-10
