LBP_delta,Std_delta,Var_delta,Kur_delta,SE_delta,LBP_theta,Std_theta,Var_theta,Kur_theta,SE_theta,LBP_alpha,Std_alpha,Var_alpha,Kur_alpha,SE_alpha,LBP_beta,Std_beta,Var_beta,Kur_beta,SE_beta,LBP_gamma,Std_gamma,Var_gamma,Kur_gamma,SE_gamma
-18.163832690283854,0.00011370114865719272,1.2927951205965039e-08,3.0299334164274834,-0.00035336923984778386,-22.945444673093355,1.0409807736666745e-05,1.0836409711436681e-10,3.3854889136413395,-3.7727343195559767e-06,-24.61598722559199,4.515504076389217e-06,2.038977706388763e-11,11.015451757543946,-1.5005928644030505e-06,-28.458665703921298,6.611183894840422e-07,4.3707752491397365e-13,9.235105985925667,-7.497029055691832e-08,-34.01369472825103,4.1116868840721534e-08,1.6905969032650973e-15,9.25251685326424,-6.96850803706809e-10
