LBP_delta,Std_delta,Var_delta,Kur_delta,SE_delta,LBP_theta,Std_theta,Var_theta,Kur_theta,SE_theta,LBP_alpha,Std_alpha,Var_alpha,Kur_alpha,SE_alpha,LBP_beta,Std_beta,Var_beta,Kur_beta,SE_beta,LBP_gamma,Std_gamma,Var_gamma,Kur_gamma,SE_gamma
-17.88183290297327,0.0001309128636734042,1.7138177875171317e-08,3.3388192655448217,-0.00046032061147212387,-22.85815604586438,1.0874489270744451e-05,1.182545168995362e-10,3.463523773656408,-4.092872030741507e-06,-24.643652832925024,4.453472555415824e-06,1.9833417801841953e-11,3.971041015010053,-1.4796398441942483e-06,-28.375805907780432,6.890837823479168e-07,4.748364590949112e-13,5.20016328924838,-8.165499139806985e-08,-33.91378487811346,4.322302744816389e-08,1.868230101784729e-15,5.318728260652997,-7.715683110693365e-10
