LBP_delta,Std_delta,Var_delta,Kur_delta,SE_delta,LBP_theta,Std_theta,Var_theta,Kur_theta,SE_theta,LBP_alpha,Std_alpha,Var_alpha,Kur_alpha,SE_alpha,LBP_beta,Std_beta,Var_beta,Kur_beta,SE_beta,LBP_gamma,Std_gamma,Var_gamma,Kur_gamma,SE_gamma
-17.921902309378613,0.0001283214927255538,1.646640549531436e-08,2.9621161347843867,-0.0004440019907865864,-22.910731678336518,1.0583038841989451e-05,1.1200071113105741e-10,3.175758966655045,-3.8988718487690775e-06,-24.669681541134654,4.39588708749703e-06,1.9323823286023114e-11,3.0560836428657145,-1.447105024423554e-06,-28.520666410864106,6.409378520634032e-07,4.10801330207649e-13,2.9887179080639923,-7.137642817312207e-08,-34.07129869160415,3.9949513260190427e-08,1.5959636097261305e-15,2.9495721045420122,-6.651824707724229e-10
