LBP_delta,Std_delta,Var_delta,Kur_delta,SE_delta,LBP_theta,Std_theta,Var_theta,Kur_theta,SE_theta,LBP_alpha,Std_alpha,Var_alpha,Kur_alpha,SE_alpha,LBP_beta,Std_beta,Var_beta,Kur_beta,SE_beta,LBP_gamma,Std_gamma,Var_gamma,Kur_gamma,SE_gamma
-17.93664946475224,0.0001273813984423381,1.6226020669125693e-08,2.6368091271463454,-0.0004398057950738793,-22.905298462740447,1.0621293889580393e-05,1.1281188388883779e-10,2.9447565701257896,-3.9245387579587136e-06,-24.619828006638237,4.5068413864574425e-06,2.0311619282685646e-11,3.3199212602496493,-1.5173234153186536e-06,-28.40667833284072,6.785286273092947e-07,4.604010980782357e-13,3.052213924550048,-7.970326262753689e-08,-33.94985864044138,4.2450406714185944e-08,1.802037030199803e-15,3.0211012397622157,-7.485141309762748e-10
