LBP_delta,Std_delta,Var_delta,Kur_delta,SE_delta,LBP_theta,Std_theta,Var_theta,Kur_theta,SE_theta,LBP_alpha,Std_alpha,Var_alpha,Kur_alpha,SE_alpha,LBP_beta,Std_beta,Var_beta,Kur_beta,SE_beta,LBP_gamma,Std_gamma,Var_gamma,Kur_gamma,SE_gamma
-17.776685355699403,0.00013798752544118043,1.9040557177380415e-08,3.341419782775962,-0.0005072349603694235,-22.928942890151177,1.0495789775108644e-05,1.1016160300327516e-10,3.0700432549768895,-3.834662617101454e-06,-24.498518913759217,4.788661721057026e-06,2.2931281078716832e-11,3.6100144267821643,-1.701974899520973e-06,-28.236910111880633,7.386399802236219e-07,5.455890203847526e-13,4.013761370647053,-9.346757755638765e-08,-33.76538378243926,4.655218519620067e-08,2.167105946541365e-15,4.099330812075439,-8.916209275710016e-10
