LBP_delta,Std_delta,Var_delta,Kur_delta,SE_delta,LBP_theta,Std_theta,Var_theta,Kur_theta,SE_theta,LBP_alpha,Std_alpha,Var_alpha,Kur_alpha,SE_alpha,LBP_beta,Std_beta,Var_beta,Kur_beta,SE_beta,LBP_gamma,Std_gamma,Var_gamma,Kur_gamma,SE_gamma
-18.080840378335022,0.00011851435280087549,1.4045651819810384e-08,2.9029627753476337,-0.00038350598300027295,-23.01313719372349,1.0063030005053568e-05,1.012645728826084e-10,2.976257298088377,-3.543009926286549e-06,-24.983948959664634,3.7566811404562756e-06,1.4112653191059863e-11,2.7592996674460557,-1.0738605108603001e-06,-28.878257601405604,5.360014898267801e-07,2.872975970965278e-13,2.929260195041113,-5.060870406596154e-08,-34.439013999698496,3.324016163424213e-08,1.1049083454705427e-15,2.97658526865312,-4.658716205710306e-10
