LBP_delta,Std_delta,Var_delta,Kur_delta,SE_delta,LBP_theta,Std_theta,Var_theta,Kur_theta,SE_theta,LBP_alpha,Std_alpha,Var_alpha,Kur_alpha,SE_alpha,LBP_beta,Std_beta,Var_beta,Kur_beta,SE_beta,LBP_gamma,Std_gamma,Var_gamma,Kur_gamma,SE_gamma
-17.761187982454963,0.00013905893769434216,1.9337388152678934e-08,2.931581676002314,-0.0005170200841993985,-22.994658106294214,1.0156605096479332e-05,1.0315662708582992e-10,3.125097822197189,-3.600312676521552e-06,-24.876918248159342,3.963197840233529e-06,1.5706937120831706e-11,3.271358252699248,-1.1857125997392798e-06,-28.81311693224736,5.537466874247297e-07,3.0663539383386125e-13,3.3221869529852617,-5.381228981939852e-08,-34.369873042811456,3.440938183975468e-08,1.1840055585940391e-15,3.3554363465421653,-4.974820429904897e-10
