LBP_delta,Std_delta,Var_delta,Kur_delta,SE_delta,LBP_theta,Std_theta,Var_theta,Kur_theta,SE_theta,LBP_alpha,Std_alpha,Var_alpha,Kur_alpha,SE_alpha,LBP_beta,Std_beta,Var_beta,Kur_beta,SE_beta,LBP_gamma,Std_gamma,Var_gamma,Kur_gamma,SE_gamma
-17.963653104343948,0.00012566901665946655,1.5792701748157284e-08,2.61761731117082,-0.00042884885313530823,-22.978525459017625,1.0238212018957408e-05,1.0482098534512393e-10,3.2671964809735323,-3.6499742151307386e-06,-24.874701220445875,3.967593712988402e-06,1.5741799871345094e-11,2.960386341877703,-1.1902699048350152e-06,-28.801789851922415,5.568917393578974e-07,3.101284093650643e-13,3.5706796029351895,-5.4360952747855716e-08,-34.36345151935061,3.452004179063755e-08,1.1916332852273631e-15,3.4029292405085787,-5.005097762503274e-10
