LBP_delta,Std_delta,Var_delta,Kur_delta,SE_delta,LBP_theta,Std_theta,Var_theta,Kur_theta,SE_theta,LBP_alpha,Std_alpha,Var_alpha,Kur_alpha,SE_alpha,LBP_beta,Std_beta,Var_beta,Kur_beta,SE_beta,LBP_gamma,Std_gamma,Var_gamma,Kur_gamma,SE_gamma
-17.977419249476156,0.00012480439973265413,1.557613819262812e-08,2.8874423759860366,-0.00042167708407118965,-22.81428445387774,1.1115476932164315e-05,1.23553827429477e-10,10.702336153460244,-4.2091758841205375e-06,-24.220357969191156,5.50320834273267e-06,3.028530206352246e-11,170.74448316472157,-2.0369533725258804e-06,-28.144016222735964,7.737567979140138e-07,5.986995823181479e-13,156.27585380393077,-9.536577506315602e-08,-33.67623534312601,4.867415372988053e-08,2.3691732413200428e-15,155.47792324274496,-9.164622655828243e-10
