LBP_delta,Std_delta,Var_delta,Kur_delta,SE_delta,LBP_theta,Std_theta,Var_theta,Kur_theta,SE_theta,LBP_alpha,Std_alpha,Var_alpha,Kur_alpha,SE_alpha,LBP_beta,Std_beta,Var_beta,Kur_beta,SE_beta,LBP_gamma,Std_gamma,Var_gamma,Kur_gamma,SE_gamma
-17.790925041007366,0.0001370090155146148,1.877147033228396e-08,2.71473263955964,-0.0005039537822999596,-22.87866395461085,1.0763691561026063e-05,1.1585705602090366e-10,3.1867805274958823,-4.020883574383696e-06,-24.885803219035108,3.945630191576817e-06,1.5567997608682506e-11,2.995310321670911,-1.1769638010207074e-06,-28.801100837119517,5.570836502951683e-07,3.103421934261894e-13,3.2849742979977665,-5.442504634326723e-08,-34.366126947434815,3.4473893997025254e-08,1.188449367318134e-15,3.2164773897566903,-4.993648099246254e-10
