LBP_delta,Std_delta,Var_delta,Kur_delta,SE_delta,LBP_theta,Std_theta,Var_theta,Kur_theta,SE_theta,LBP_alpha,Std_alpha,Var_alpha,Kur_alpha,SE_alpha,LBP_beta,Std_beta,Var_beta,Kur_beta,SE_beta,LBP_gamma,Std_gamma,Var_gamma,Kur_gamma,SE_gamma
-17.836046361582152,0.00013395272301293255,1.7943332002579428e-08,2.8307115349610696,-0.00048272574454484877,-22.905471404724683,1.0618443634591559e-05,1.1275134522099799e-10,3.730057232694931,-3.914450993539283e-06,-24.594032008681964,4.565345027959951e-06,2.0842375224318645e-11,29.5001580878792,-1.5032013200105053e-06,-28.37890394585121,6.880172180506078e-07,4.733676923340976e-13,44.86147745599478,-7.861958811845095e-08,-33.922176191433095,4.3042058453419775e-08,1.8526187959076045e-15,45.38985864856798,-7.427738177318332e-10
