LBP_delta,Std_delta,Var_delta,Kur_delta,SE_delta,LBP_theta,Std_theta,Var_theta,Kur_theta,SE_theta,LBP_alpha,Std_alpha,Var_alpha,Kur_alpha,SE_alpha,LBP_beta,Std_beta,Var_beta,Kur_beta,SE_beta,LBP_gamma,Std_gamma,Var_gamma,Kur_gamma,SE_gamma
-17.95811867922,0.00012601096471881324,1.5878763229365997e-08,3.1006237056663006,-0.000428927775903,-22.96532245245218,1.0304612900621079e-05,1.0618504703164637e-10,3.5062665611412993,-3.695178178741899e-06,-24.827824385859675,4.061686250690073e-06,1.649729519904478e-11,9.471506014130501,-1.2258397834209794e-06,-28.62545293148693,6.082216404691609e-07,3.699335639349971e-13,17.954480698537154,-6.296460715913813e-08,-34.18868182010889,3.767229099971875e-08,1.4192015091674902e-15,19.30796932395636,-5.809089712865437e-10
