LBP_delta,Std_delta,Var_delta,Kur_delta,SE_delta,LBP_theta,Std_theta,Var_theta,Kur_theta,SE_theta,LBP_alpha,Std_alpha,Var_alpha,Kur_alpha,SE_alpha,LBP_beta,Std_beta,Var_beta,Kur_beta,SE_beta,LBP_gamma,Std_gamma,Var_gamma,Kur_gamma,SE_gamma
-18.15963821356948,0.00011394048679561305,1.2982434531221272e-08,3.5255089567330513,-0.00035345263890867724,-22.895716861111712,1.0672113964463375e-05,1.1389401647049419e-10,3.115816221809704,-3.956474158595763e-06,-24.984259848165646,3.756097731176131e-06,1.4108270166146478e-11,2.947932572413121,-1.0715355173843935e-06,-28.93086433061699,5.220866956539293e-07,2.725745177788386e-13,2.976734887016817,-4.8077714111717065e-08,-34.50858301880084,3.210379732450192e-08,1.0306538026526966e-15,2.9873710905840465,-4.3518683146218635e-10
