LBP_delta,Std_delta,Var_delta,Kur_delta,SE_delta,LBP_theta,Std_theta,Var_theta,Kur_theta,SE_theta,LBP_alpha,Std_alpha,Var_alpha,Kur_alpha,SE_alpha,LBP_beta,Std_beta,Var_beta,Kur_beta,SE_beta,LBP_gamma,Std_gamma,Var_gamma,Kur_gamma,SE_gamma
-18.09534893397705,0.00011766329929831882,1.3844652001765753e-08,2.901954859451036,-0.00037784251220780013,-23.00405404322749,1.0108648078188274e-05,1.021847659686595e-10,3.289084741090701,-3.5646151224169996e-06,-25.04051976902686,3.6519108617969128e-06,1.3336452942510269e-11,3.048353268445049,-1.0146234009996187e-06,-28.957743357212653,5.151170428900527e-07,2.653455678757924e-13,3.0873273244450363,-4.682277728851899e-08,-34.52650150920492,3.18174563674064e-08,1.01235052969181e-15,3.042286164478511,-4.2764164034541573e-10
