LBP_delta,Std_delta,Var_delta,Kur_delta,SE_delta,LBP_theta,Std_theta,Var_theta,Kur_theta,SE_theta,LBP_alpha,Std_alpha,Var_alpha,Kur_alpha,SE_alpha,LBP_beta,Std_beta,Var_beta,Kur_beta,SE_beta,LBP_gamma,Std_gamma,Var_gamma,Kur_gamma,SE_gamma
-17.893172031328724,0.00013000526880569492,1.6901369917240992e-08,2.580093460316263,-0.00045840568385805325,-22.75607078174974,1.1443108443005264e-05,1.3094473083837838e-10,19.10675033224797,-4.437361555704598e-06,-24.566964004038827,4.627538097808635e-06,2.1414108846670358e-11,15.715491826358248,-1.563054589891366e-06,-28.177495323538395,7.609107599445032e-07,5.789851845993213e-13,224.61870666559741,-9.366129303131786e-08,-28.93934584226063,5.198623173365961e-07,2.7025682898657574e-13,8238.690036629507,-6.84954655110877e-08
