LBP_delta,Std_delta,Var_delta,Kur_delta,SE_delta,LBP_theta,Std_theta,Var_theta,Kur_theta,SE_theta,LBP_alpha,Std_alpha,Var_alpha,Kur_alpha,SE_alpha,LBP_beta,Std_beta,Var_beta,Kur_beta,SE_beta,LBP_gamma,Std_gamma,Var_gamma,Kur_gamma,SE_gamma
-18.216581281524522,0.00011072874352113508,1.2260854641769315e-08,3.6704303013168005,-0.00033373819032970787,-22.972829330619586,1.026852884898624e-05,1.054426847224627e-10,5.015543280912869,-3.655018941198761e-06,-24.638201474001704,4.465627196106311e-06,1.9941826254604314e-11,16.968328745267055,-1.4521205970147063e-06,-28.20483881623337,7.505794163861566e-07,5.633694603025834e-13,55.779236102525886,-9.174357238551586e-08,-29.902679961838025,3.2115161649198535e-07,1.0313836077541525e-13,3591.7599912313917,-2.850185092333082e-08
